path,sha256,size,ml_verdict,lgbm_prob,signature_status,signature_signer
F:\safe exe\confdump.exe,76ecef7314c15ce7461f0fee07e8243ea7a6debfced34ca660d1a5bf9f45a081,10240,MALWARE,0.9809364417371514,UNSIGNED,
F:\safe exe\dtd2rng.exe,6eb8a9f86f0588ffffc260bccf8a61f6c5c40b6b4e3a9b843b661c80aed2fc57,10240,MALWARE,0.9637262039238499,UNSIGNED,
F:\safe exe\id_10240.exe,f728702d0859814e1e2ebc4a0f76ed45dd2e34173f0473a26e83f767f170abde,10240,MALWARE,0.9954111133001843,UNSIGNED,
F:\safe exe\moduleloadtest.exe,654f75be0502a75b11212525e9e199a87f8c76835f181719b3cdbb160a23a9c3,10240,MALWARE,0.9963117713701771,UNSIGNED,
F:\safe exe\plugin-container_7FB858B1.exe,7fb858b1d015a7168e43cbec0f268a71485dcd3195f22ad4c8b1f7acce0c308d,10240,MALWARE,0.9841812247256977,UNSIGNED,
F:\safe exe\pythonw_50081B55.exe,50081b55b0e5daf4792b92dc2c02bd882b62aac7bc9de2f60a09b7dbfca45275,10240,MALWARE,0.9505816309427153,UNSIGNED,
F:\safe exe\pythonw_7B284F94.exe,7b284f94fd34e611da7fdb54bd723947bf203fc2f2cb97187f159a2a99858cb6,10240,MALWARE,0.9450620088246815,UNSIGNED,
F:\safe exe\pythonw_8F4C63FF.exe,8f4c63ff27f27d32186e685d83794bf5494cddf60d2220f3eb63336077e5fd19,10240,MALWARE,0.9510421572413182,UNSIGNED,
F:\safe exe\python_86143319.exe,86143319370b62b992266e65d8cfb216757348c6864ce4e9010670f2ebeff137,10240,MALWARE,0.9603912239506646,UNSIGNED,
F:\safe exe\python_988A534C.exe,988a534c755e0e364aea1777b7274df082e61eb293f36c37e81e32eb94c38ab1,10240,MALWARE,0.9634518123343068,UNSIGNED,
F:\safe exe\python_FE11B652.exe,fe11b65294055e10cfaa0e1cd3b3acad455c69859ea23e6b0e2cd7a4ae2c0e9d,10240,MALWARE,0.9538649076298881,UNSIGNED,
F:\safe exe\rebaseoo.exe,f5bceb62981b770be823449a1107a910deb478ab2fe464894ce6d71a3d0c44f1,10240,MALWARE,0.9978710049545414,UNSIGNED,
F:\safe exe\ServiceClient.exe,0830666eabb62b0be3fad48e6e287f1009b9c8a2ea74e265c20e1a69accd79b7,10240,MALWARE,0.9677917803918683,UNSIGNED,
F:\safe exe\uudecode_10240.exe,3faebbd216d5e94b696288d3089fff6ecb29fc23e97ceb2ff355341ac740d6a5,10240,MALWARE,0.9985086084180906,UNSIGNED,
F:\safe exe\arpaname_10752.exe,7f8a77a24aaca7dfaeba9a88cede05138ebb387e8f21e79d908ebeff0c3736c9,10752,MALWARE,0.9678591548283951,UNSIGNED,
F:\safe exe\circo_10752.exe,0558bf0840bbeff1192925e2bab783e236d4cc150facf697ae69a84a35132e51,10752,MALWARE,0.9912232866584574,UNSIGNED,
F:\safe exe\DIFxCmd64.exe,a993872ad05f33cb49543c00dfca036b32957d2bd09aaa9dafe33b934b7a3e4a,10752,MALWARE,0.9761352614597867,UNSIGNED,
F:\safe exe\gvpr_10752.exe,907270a5ef4ffc78647cd9d4a1c023ba83c41509ed4069ebd8498401011b4732,10752,MALWARE,0.9902820439268537,UNSIGNED,
F:\safe exe\pathchk_10752.exe,8caa1bb32cb435594e16b152fee777353f4b0418a16d366ee072e7b32ad83fa8,10752,MALWARE,0.9996115315738426,UNSIGNED,
F:\safe exe\TE32.exe,f7d4d2faa3a102d077369f64bf4db097270aa9b882b9bc0114d1cb4aaf5ea156,10752,MALWARE,0.9855104967959025,UNSIGNED,
F:\safe exe\win32sysinfo_8F8E24EF.exe,8f8e24efbdf917e2885ff81bebe471a9dfcad808ce079e520b0cf9a6ce992995,10752,MALWARE,0.8881717807865247,UNSIGNED,
F:\safe exe\cmp_11264.exe,d9d3e81879f07a958218d9ec371198246e2a77a21854cdac850e093148e2e05d,11264,MALWARE,0.9905892309172837,UNSIGNED,
F:\safe exe\memleaktest.exe,86b6155332ea59a55c72d3c2dc6db998cbbc4340c411bc0d675b5a51329e42a7,11264,MALWARE,0.9648750926452146,UNSIGNED,
F:\safe exe\python_DFE55741.exe,dfe5574142f2a91328f8d037a5e1e4ff57dbac364f9fde968a48adcd15192d4f,11264,MALWARE,0.994619911368526,UNSIGNED,
F:\safe exe\qmltestrunner_E9BF5113.exe,e9bf511381510eef328e182cfca97ebb8a22af253e736d6e7e20cfca08f9b4de,11264,MALWARE,0.9891301707250352,UNSIGNED,
F:\safe exe\rizin_3E431C8C.exe,3e431c8cc543a0defa9e250911b189f4455f2f4b8ab6f6c65409f0f921200931,11264,MALWARE,0.9765116284180415,UNSIGNED,
F:\safe exe\unshar.exe,c826a69e5e294957b59da553a3b22cd2cd3ff3e84300506126758e81c3389f3d,11264,MALWARE,0.9968424661237215,UNSIGNED,
F:\safe exe\asn1parse-test.exe,5944982e5f59f96620893dc4fdcd83d48a10c6e99344829141c1327552da770d,11776,MALWARE,0.9247414811587951,UNSIGNED,
F:\safe exe\curve_keygen.exe,71847145b02c8915772bb6127a40e45992210e525c2fa17ffdf18c52a0386277,11776,MALWARE,0.9983301744828144,UNSIGNED,
F:\safe exe\gst-plugin-scanner.exe,6b0f9eaa4e68e9b69ee5dc40a718a5551676768c3270879c5b7c5e63cecce89d,11776,MALWARE,0.9964920475458159,UNSIGNED,
F:\safe exe\gst-plugin-scanner_A3D92491.exe,a3d924911f89b12b5f0f862012aced475ad658934fbe2ec456f4bd3c745a1c64,11776,MALWARE,0.9919615355677562,UNSIGNED,
F:\safe exe\named-journalprint.exe,32b900bf85f641f7e8b50dc41cc1d918838b500b0e88bacfb9fd66c13fc6d0af,11776,MALWARE,0.986570170516365,UNSIGNED,
F:\safe exe\nop.exe,c29d3cb2c27d63e4e8fad532cd2fea55f7f71e1dbe12110b79b9442dd7ce7ae1,11776,MALWARE,0.9034808804837606,UNSIGNED,
F:\safe exe\qmltestrunner_D169F329.exe,d169f329a27ec594f7008c204afaf6d59c5aa4eadd9312d17f261b4ad25d5770,11776,MALWARE,0.9700722998649572,UNSIGNED,
F:\safe exe\regview_4860C962.exe,4860c962d1b0e40bda37944f84200f92d60267e071d5773438dda739a7ef512b,11776,MALWARE,0.9967112915124197,UNSIGNED,
F:\safe exe\shlibloadtest.exe,e3e961db41420f8973d0a76a31a0c6c46f60c81df7c41885240d33ff50dd9ab2,11776,MALWARE,0.9843326415423862,UNSIGNED,
F:\safe exe\TE64_11776.exe,06e4802a9a719a76e3a4407302a431af3ad485a6d5fe0830b3033af3e441a212,11776,MALWARE,0.9970341285354023,UNSIGNED,
F:\safe exe\tred.exe,250dda022e2ccfec5ebc99a9e3274dc7a2df3fd9bfcb8be20f90e222e6e17086,11776,MALWARE,0.942904348716584,UNSIGNED,
F:\safe exe\unopkg_3A33DB52.exe,3a33db5210241c29995a119769e2ea0fd624d14374496845190b09da4fed6f54,11776,MALWARE,0.9966953144853307,UNSIGNED,
F:\safe exe\acert-test.exe,d7df6e5384648e15890abbc08f5d61419368a8170025b3e2be0345ffbc63ca80,12288,MALWARE,0.9165244178496489,UNSIGNED,
F:\safe exe\cms-test.exe,6168481e67b6600ff1c1ad9193591471bb4b11cc47267ed798def0494c5b2dba,12288,MALWARE,0.8934535517163958,UNSIGNED,
F:\safe exe\conda2solv.exe,4979afbf95f627bfa758eb610c9e831a8691b8fbe5a477c7d3250ed8c1c740f2,12288,MALWARE,0.9513554621702598,UNSIGNED,
F:\safe exe\conf-test.exe,3e0f39e32c43b99d71a4e898ace4e30202f655f24377db73e692763b392aefff,12288,MALWARE,0.8834741373118097,UNSIGNED,
F:\safe exe\crl-test.exe,5e37fd727d8f6e46104159997520a69e1fc663d38b0e2eed715850d6213674f0,12288,MALWARE,0.8237356149004459,UNSIGNED,
F:\safe exe\ct-test.exe,051409853b0349cbb8996fa2ac407f6ef2b42ccc227a78129d3a243681b19a7e,12288,MALWARE,0.8448196127804071,UNSIGNED,
F:\safe exe\ducservice.exe,7720f580bf140e16aff2a9cd4f610fcb12716dd836f35e993456ce9e65990807,12288,MALWARE,0.9989411672849736,UNSIGNED,
F:\safe exe\grpc_python_plugin.exe,412d6b50881a65508167622e7af992aa9ec2c4d149e1bfcd86ba1fa307574db4,12288,MALWARE,0.9779435268419668,UNSIGNED,
F:\safe exe\gspawn-win64-helper-console.exe,30da6b05ba49d46bfd27f5718816407628d8f142fcf642dac26ce0b399416134,12288,MALWARE,0.9511823737440719,UNSIGNED,
F:\safe exe\gspawn-win64-helper_AD184921.exe,ad18492151d8f31ecf17654e42935cf41718669c447b85138c143cac3fcce9bf,12288,MALWARE,0.980257778575175,UNSIGNED,
F:\safe exe\png-fix-itxt.exe,88fae7e7111dcec5247ba74bc26bed675b0a5096c2bf728cf2d9eff741444f04,12288,MALWARE,0.9398676879330322,UNSIGNED,
F:\safe exe\smime-test.exe,45ac006463d54c3d9bda05cb3b0faac3eba72b77f3fb5370508bc99ad33bf32e,12288,MALWARE,0.9054758938124199,UNSIGNED,
F:\safe exe\which_12288.exe,a15341997c97998078ef6ee6aa3aea52a3f510332932126935a5ff40d5bb16c7,12288,MALWARE,0.9943006056489918,UNSIGNED,
F:\safe exe\acyclic_12800.exe,ef65f4a38883c65aa8af5be3e7d4cd085a4bd404e2af14144871e1166cc7d9f5,12800,MALWARE,0.9543137507438635,UNSIGNED,
F:\safe exe\applygeo.exe,0ada9c526e88a1a42a728f693307417b49a2f51fcf3b255714ecfe2eb3092b1f,12800,MALWARE,0.9631875263622984,UNSIGNED,
F:\safe exe\awsdeploy.exe,0295fa3a4c13e2c0359edbe4cbe039ee9760e33a9b258cdbd70b22b7ace2660c,12800,MALWARE,0.4857020938711188,UNSIGNED,
F:\safe exe\bignum-test.exe,2ff5bea5207e1ef345416e67603ea0bb0ce174c09a92feedc390abbc218649ed,12800,MALWARE,0.9120802387842416,UNSIGNED,
F:\safe exe\dot_builtins_12800.exe,9f698aef97ea2731129620b2f021277b2a08e2e17740bc11be1daab48eb6eaaf,12800,MALWARE,0.9522942934198373,UNSIGNED,
F:\safe exe\gi-inspect-typelib_47E7979C.exe,47e7979c84309674858dfbf779bb6f5928f7b8a3877c3b72767ce43769f379b7,12800,MALWARE,0.9574162123891943,UNSIGNED,
F:\safe exe\gio-querymodules_1A0E0C72.exe,1a0e0c72fe15cb49e84c7ca287860a0ca9f52562fb740ff43e391a85aa9abce5,12800,MALWARE,0.8623376430509121,UNSIGNED,
F:\safe exe\gobject-query_A7511C07.exe,a7511c07529603f1a6af8335796b54e7c1eb8e6a507b6748bd01f853667e2b11,12800,MALWARE,0.9422932055921636,UNSIGNED,
F:\safe exe\keytool_A167B414.exe,a167b4144d4af3b8f478d7ab10f50eb7c0325a9453ee3e19911b1d358cbdd8d9,12800,MALWARE,0.7553194218182925,UNSIGNED,
F:\safe exe\kinit_0B0528AC.exe,0b0528ac6b92c59953c4edcf53e00083dc5c1a221a291989a30278e9953b6226,12800,MALWARE,0.6764162768150087,UNSIGNED,
F:\safe exe\kswitch_E3281417.exe,e3281417ea4c22199e2cef90ca59ed8318e235c8852b4694a2590d56116c9354,12800,MALWARE,0.7228485425507313,UNSIGNED,
F:\safe exe\ktab_E41FED26.exe,e41fed267ba44f89405486443e46eed3bcc10831be4231c889975d7b861db75a,12800,MALWARE,0.6279857073273167,UNSIGNED,
F:\safe exe\makegeo.exe,1bd443595fa81eaa69b086e35079e6496f244e257fe39092ac34d3b301d9ece8,12800,MALWARE,0.9838735688467132,UNSIGNED,
F:\safe exe\mergesolv.exe,43985751b67674373d5e5120880827895e819f4b5be7467895112e895f5bfde1,12800,MALWARE,0.8921721826189075,UNSIGNED,
F:\safe exe\pkcs12-test.exe,17b40ad7977f8e54afb0ff839a6a4ea6090ebb2ccfad756250911914451bd95c,12800,MALWARE,0.8820242136063479,UNSIGNED,
F:\safe exe\qmltestrunner.exe,fe80bc1ef617b3ff965d712409d302cb854c93ac07b09e36a5a2053c1e5016d0,12800,MALWARE,0.9356920901991168,UNSIGNED,
F:\safe exe\qmltestrunner_5512D390.exe,5512d3907eab0340874643967b56b4471204579f5a39f804f247926257d54573,12800,MALWARE,0.4814538594839098,UNSIGNED,
F:\safe exe\QtWebNetworkProcess.exe,50d779463051e1c34e45015873a1262379b77652afb092fb450e5fd91152f007,12800,MALWARE,0.9989609181491385,UNSIGNED,
F:\safe exe\QtWebStorageProcess.exe,dd2074e28f6c52d08719fedcda23efc87f0d04e9ebfec436e4cd1ab65d2a80b5,12800,MALWARE,0.9990089652684656,UNSIGNED,
F:\safe exe\stego.exe,dd5ab4e009c1290df5c96ebcca4790fda10ac7fd2cd581ddc0804c77a1e8fa03,12800,MALWARE,0.988686056981888,UNSIGNED,
F:\safe exe\tee_FC4BAD5A.exe,fc4bad5ad2feedc6e7fc13e333000851e33fc4b139b7d73680007b0ee7616e83,12800,MALWARE,0.9583935515660875,UNSIGNED,
F:\safe exe\clang++.exe,e47af2636fad3bed5cb4129d7a08aed0d3beffd9355a7447ef7b8ad18d8e712c,13312,MALWARE,0.9921703289686555,UNSIGNED,
F:\safe exe\hwloc-diff.exe,a93c16a6f0ff1e0fc98619a02102175bcc3a128cf24b20c50fd104766269c4a9,13312,MALWARE,0.825051627738011,UNSIGNED,
F:\safe exe\hwloc-patch.exe,1ce8785dfe69e3704a915b094ff1175fa99454ee14e64a27c609d3f208af19b2,13312,MALWARE,0.8817812454602832,UNSIGNED,
F:\safe exe\javac_13312.exe,da738f11bb5c504194aed44b6df98346ac48b9465d63a2a23f595b8c02fef013,13312,MALWARE,0.7972073828258995,UNSIGNED,
F:\safe exe\jcmd_AB2417E8.exe,ab2417e85094fc8240ee9c3b82a40521d65c716267107bb5465cd4e7864d132b,13312,MALWARE,0.7657394062732595,UNSIGNED,
F:\safe exe\jinfo_19D16FF6.exe,19d16ff6069713faa31384912541b05f18d38b4695821e46ae7c223d781066fa,13312,MALWARE,0.7342696503412093,UNSIGNED,
F:\safe exe\jmap_219272E2.exe,219272e26e8a78e4a165ab5f71e2c3de6e418893ee44d2abaf956bfab98c4520,13312,MALWARE,0.7523386521066171,UNSIGNED,
F:\safe exe\jps_E5185035.exe,e51850350e64a52d6572a91e53a7b18a0569d15b3f72b0b39cd67f7b3dbf1050,13312,MALWARE,0.7657394062732595,UNSIGNED,
F:\safe exe\jrunscript_04A0777E.exe,04a0777e47222e090fc6aa3c8a79d06c21f247d157451e03587cdbbe20c995f4,13312,MALWARE,0.7772446484071396,UNSIGNED,
F:\safe exe\jrunscript_13312.exe,30d087775fc22500a3666a34c720c29d2f32210e740bc9150a3f3467dd5acec2,13312,MALWARE,0.7100529828861716,UNSIGNED,
F:\safe exe\jstack_55865851.exe,55865851aa1f9acc045788ec33d3f9c8bb9e1aed8c38eddba198d6181dc34d15,13312,MALWARE,0.809104508833899,UNSIGNED,
F:\safe exe\jstack_9C593E4F.exe,9c593e4ff88a7d45ca098298ffb371b788be727ca0a5f883aaddffe1b56c34a6,13312,MALWARE,0.42934876715192877,UNSIGNED,
F:\safe exe\jstat_6E031136.exe,6e0311369564e551e8c2668a2d9de1f7b0c624800ee429a7e55907ad249a00d4,13312,MALWARE,0.44041042588882856,UNSIGNED,
F:\safe exe\jstat_FF2531E8.exe,ff2531e89ce0b94491ef242116576a398096ed1405777fedcf2f7f6e73e34773,13312,MALWARE,0.7316500293496725,UNSIGNED,
F:\safe exe\keytool_13312.exe,0e4dd64328995716c94e2db02b61fb87fc5a4003129aa8fcf12740a5f6ee06d0,13312,MALWARE,0.6686786660448922,UNSIGNED,
F:\safe exe\keytool_3D4CD0A1.exe,3d4cd0a1b7c179ad54c16772369865f99a4468d4aa34b60ac45673731ed7711f,13312,MALWARE,0.7101457835699415,UNSIGNED,
F:\safe exe\keytool_64263C65.exe,64263c6534db87c1c1a35ed2cebccf9b72af6fa1708c759bc44c8b835127473e,13312,MALWARE,0.6915797448873617,UNSIGNED,
F:\safe exe\kinit_13312.exe,c59d7dc106bdae35cbc6976cd9ea1ce938d83ea2a18565d9c5ce34577e08a845,13312,MALWARE,0.7382603539889196,UNSIGNED,
F:\safe exe\kinit_DE90E55A.exe,de90e55a09b136ee7ba136dd52bf61cd9df34c113264daf47e244b272a81f79c,13312,MALWARE,0.7021519132197704,UNSIGNED,
F:\safe exe\kswitch_2C3DB279.exe,2c3db279c0c3238a9b4e1e7a5e38737946131df03bee9184672950650a4e3dba,13312,MALWARE,0.5613287979480135,UNSIGNED,
F:\safe exe\kswitch_D59184C5.exe,d59184c588843a6f65a3ea39a712758b5b13424c031b4d1cd846fc359cd3b067,13312,MALWARE,0.6464811418806085,UNSIGNED,
F:\safe exe\ktab_13312.exe,3842897c93847a04610a5f60345b4378a1b33259588b1e83aa945dd13d6b5d98,13312,MALWARE,0.589273587173558,UNSIGNED,
F:\safe exe\ktab_CC5B61BA.exe,cc5b61ba6e87792e9b387416f10358f407bbf49aa12c74bba1d48b07748b9ada,13312,MALWARE,0.7032269610036617,UNSIGNED,
F:\safe exe\mariadbd.exe,2e8b92342d2e68070a25b97e6a9116525eb45d4a23d7c4a1250a6722fc0bf7c4,13312,MALWARE,0.7370447858522707,UNSIGNED,
F:\safe exe\pack200_F7561EB0.exe,f7561eb00ccd51446f42e8de29f71f90f3f76b66bdfaed3ef7d81e594c186a84,13312,MALWARE,0.7340119342531004,UNSIGNED,
F:\safe exe\printf_13312.exe,3bfa4418623564f8b334251801c657e35c2f91db27385f320d2459c2addd3af6,13312,MALWARE,0.9973333608725296,UNSIGNED,
F:\safe exe\projinfo.exe,a5ef6db041d2730270fd5963b0d0ef2f31053e34d4c5849e8e0e20c613e60e54,13312,MALWARE,0.9862096189389062,UNSIGNED,
F:\safe exe\qcollectiongenerator.exe,0aa09381514b3249fb21146ae88e6cc6c3e77d3d596867aa4c0e253a52a62c13,13312,MALWARE,0.7291058625032902,UNSIGNED,
F:\safe exe\rmid_84830D2D.exe,84830d2d444ab01cce9a3671421edfc12ac7689030509247d6c2c4c3440a25bf,13312,MALWARE,0.7293893858108468,UNSIGNED,
F:\safe exe\rmiregistry_13312.exe,526c504ba6ca7a09e8460797d0c27eedf17d91bb116fe97a52ceae3c67aeb602,13312,MALWARE,0.6177660971640763,UNSIGNED,
F:\safe exe\rmiregistry_31CA9E1C.exe,31ca9e1c704b941317b466d23dd91454e0adda1a6927c6bec946c2aed90e1b88,13312,MALWARE,0.7581028246016982,UNSIGNED,
F:\safe exe\serialver_13312.exe,089795cef2e10721e244c6ae9a2226f916f4b22ff0b15e86d1efba4aa005dab8,13312,MALWARE,0.6404860893421884,UNSIGNED,
F:\safe exe\su.exe,19fa06bc4ae02e56662705f85a6690a12b38f44a7470928cfd3c01926ba311a1,13312,MALWARE,0.9980048731737423,UNSIGNED,
F:\safe exe\unflatten_108CA9B6.exe,108ca9b6479e6fe942438787fdce79b5e64ef8124a9a606350d96fcb8cb77231,13312,MALWARE,0.9745706419608889,UNSIGNED,
F:\safe exe\Askpass.exe,62a79d5d7d28b770af4634f3d082271f9db3f40faa6395476377b1f8793ba003,13640,MALWARE,0.4367541007394503,UNTRUSTED,Atlassian Pty Ltd
F:\safe exe\bndiv-test.exe,67ac5098a8fb0c12ee48fba17f1ab6687d6b6043389b77c9b8846d4d2d5369c0,13824,MALWARE,0.9120235381234967,UNSIGNED,
F:\safe exe\expr_13824.exe,c412fd2ef78efae5f2612d8329b46c8ed4805fb73e5b22e2066d203520f726f5,13824,MALWARE,0.9979484005042913,UNSIGNED,
F:\safe exe\gspawn-win64-helper-console_EC44F95A.exe,ec44f95a7e875f9168b8661b9bc4b9b1eccfaa449e3138e8346c97cc7b605dca,13824,MALWARE,0.9234350949547543,UNSIGNED,
F:\safe exe\lua.exe,a45f0f8376d3059a8bc79a4d6d07536cc1d9dec429852cfbc1f899ee96d6cd88,13824,MALWARE,0.8641281177934489,UNSIGNED,
F:\safe exe\lzocompress.exe,73fa8f18a7be1bc5050d681ec40e743332fabb6daff7ef95f67acdd40411613e,13824,MALWARE,0.7784708555153687,UNSIGNED,
F:\safe exe\nsec3hash_13824.exe,ba5e080a3793ce80fb0dd2bb89c77d828bb934d7fdd4728912778b6628b9226e,13824,MALWARE,0.9080052133987903,UNSIGNED,
F:\safe exe\soapsuds.exe,62600872af3f0ed60661a73bfdbb45b89aa9cfc01bd4f5d59db2ef8209703083,13824,MALWARE,0.9881291553629206,UNSIGNED,
F:\safe exe\StatsReader.exe,535f727ed06daa1200e73148f188ac4331d5db4d2a656f75b30c415162ac0832,13824,MALWARE,0.9999917317004738,UNSIGNED,
F:\safe exe\checksum-profile.exe,1d3dc1715f7ebe20ea31fec466a40de1198966cb015f8e5d6b98d7856d805c63,14336,MALWARE,0.8339570249109152,UNSIGNED,
F:\safe exe\gspawn-win64-helper_A2BCDC3B.exe,a2bcdc3bc4dd10ea7cb641a544676f349ae195b2d4e4b6192d1f1cb17c0de86c,14336,MALWARE,0.9230540792188924,UNSIGNED,
F:\safe exe\kcpytkt.exe,4ff7b1233662a360dfd11f53e74f10588926e6c8d66866cd001c9e0cf564b678,14336,MALWARE,0.48656708064110843,UNSIGNED,
F:\safe exe\kdeltkt.exe,452cfe1fcd0a600d23897879ea09c9f103713e5ebf48e843eb921e2ada4a8be0,14336,MALWARE,0.4406483892071511,UNSIGNED,
F:\safe exe\kdestroy.exe,e48cf6ed4786ca148801e4f78969606be3601c471906e433a7ac576cd4c06b18,14336,MALWARE,0.5104862021915909,UNSIGNED,
F:\safe exe\kpasswd_9962F9AD.exe,9962f9ad57eacbfc41dca923e7c10147fecf5d1b223fa7f196d11ed63729eb10,14336,MALWARE,0.4285587822864198,UNSIGNED,
F:\safe exe\lzodecompress.exe,352bd27b0ed34a03bd483f6a027d69b4f9d81fd85694dd30e3485b898de1d00f,14336,MALWARE,0.9288600878274331,UNSIGNED,
F:\safe exe\mkfifo_14336.exe,83bcddb2ca7ac3e2713af3375bf568d1390dc093b9d70ca6ba2d46f1946c87a8,14336,MALWARE,0.9996575158189436,UNSIGNED,
F:\safe exe\qgis.d.rast8.exe,562be0b0e802ca2341b277a2ce141d1bb2078e6294dd17bfbbb5b7222daa43f2,14336,MALWARE,0.9244153937323922,UNSIGNED,
F:\safe exe\qube.exe,d6a160a4a61f6ba98804f383e2bf01282c4986fd46d1e86f880c5c0240a9477e,14336,MALWARE,0.9988856812973427,UNSIGNED,
F:\safe exe\start_erl_B3004152.exe,b30041524420e307e87b6bc18c3c0f8871110984b2c8771e19de6d54b9e2c8e7,14336,MALWARE,0.9302869722041867,UNSIGNED,
F:\safe exe\wlua.exe,737f08702f00e78dbe78acbeda63b73d04c1f8e741c5282a9aa1409369b6efa8,14336,MALWARE,0.9889812963521727,UNSIGNED,
F:\safe exe\xmlpatternsvalidator.exe,443ebf0f22512cecc01f54a91ae5bde9d62d73132453e90e689f382d6cd1fed8,14336,MALWARE,0.9287605863856894,UNSIGNED,
F:\safe exe\gresource_A324FE22.exe,a324fe22c8711083e056e243a40daf564a100f7757bc9396e447d9bc164dc0ac,14848,MALWARE,0.9425876974777799,UNSIGNED,
F:\safe exe\kdestroy_3069E651.exe,3069e651d76e98e83954965560a43dd67f300d7e86ec6c2fd9e4a6be7aa00e91,14848,MALWARE,0.6443421138445649,UNSIGNED,
F:\safe exe\kdestroy_3F782D08.exe,3f782d084d5404a89c803379552337ada8f2321f67752721e41ce5ba4ebce888,14848,MALWARE,0.5523207475264512,UNSIGNED,
F:\safe exe\genccode_193CDEA0.exe,193cdea099c58113f0fc51f908a286ee262388b4bd610603e3190351a5a10960,15360,MALWARE,0.8636649439945945,UNSIGNED,
F:\safe exe\gencmn_8FA185DC.exe,8fa185dcd5c2a29c3ba0546c8648a7e3772b3575aa28e48ee349f0b5ce8695ac,15360,MALWARE,0.8882926249265357,UNSIGNED,
F:\safe exe\gsar_15360.exe,0ff5348012225418d31ded6d2eb43f081ad8f7035b24e20d3e158ba320a42d49,15360,MALWARE,0.9629964762539335,UNSIGNED,
F:\safe exe\json-glib-validate.exe,e031c27de6a80ebe7d0c2d1555a48a580c713c2a862333be0d9220231fcdf294,15360,MALWARE,0.825494373771839,UNSIGNED,
F:\safe exe\kcpytkt_55D1C5FB.exe,55d1c5fbc4597eb423e934ed2b23203d6ac672b7b26a1ba2b059edc2d2a06a3e,15360,MALWARE,0.5219734668753416,UNSIGNED,
F:\safe exe\kcpytkt_8A1FA2E0.exe,8a1fa2e096bf45fc3c31dbc4d653b21155e029d377f15182103b5cbcd88057b1,15360,MALWARE,0.45993964634773754,UNSIGNED,
F:\safe exe\kpasswd_B10EAF72.exe,b10eaf72432daa2b8a538b372658ae3748ec018088d4af8592f280f17e1441c6,15360,MALWARE,0.5026893906609207,UNSIGNED,
F:\safe exe\ms2mit_9C719634.exe,9c719634f409c0beec5da44d83ae966628c8791bb76f9b9a5a2e5313f2652c4c,15360,MALWARE,0.49864870980121706,UNSIGNED,
F:\safe exe\qgis.g.browser8.exe,4199e71f1f7559a1c60256d9080acf0de6d6c7eedc760a967eb68f3a51822499,15360,MALWARE,0.985183148787765,UNSIGNED,
F:\safe exe\Uninstall_C28F710F.exe,c28f710f6d9ce99f56c1fbc3599a4bfa139dd5ca5b6c5d5e4300c7d9eb4cad28,15360,MALWARE,0.9726417642563466,UNSIGNED,
F:\safe exe\ahost_A723554E.exe,a723554eb6793b25c16e85518b2c22629297a800282126c1ec5e0332d3756b60,15872,MALWARE,0.946551397875457,UNSIGNED,
F:\safe exe\asynctest.exe,78cb2178273c0c978b4bb4e47a1726dd723408940b7858691a24989ec559c90f,15872,MALWARE,0.9912916444876253,UNSIGNED,
F:\safe exe\client-test.exe,bde03f844a3a7c1d68fe4da12b9efcdf2596f33440880bdbc8b6b1ae2c5e963b,15872,MALWARE,0.9685402238145867,UNSIGNED,
F:\safe exe\decoder-test.exe,1c88aefd8588d4b9b7b28f8fd828cc4b94ccec816a2d47e698bc328932369a26,15872,MALWARE,0.9769032636754601,UNSIGNED,
F:\safe exe\dtlsclient-test.exe,f1ffe883cb09220ec74647c4268770787457860ddb9afd847018c264a3aa3942,15872,MALWARE,0.9728620599037677,UNSIGNED,
F:\safe exe\gc.exe,d39a7d07a4350cd9168eeb3cc8f78cdd1ce5a2f6bd0a2069e69fc0483941b7f9,15872,MALWARE,0.9159261408007167,UNSIGNED,
F:\safe exe\gio-querymodules_5B8ABCEC.exe,5b8abcecd3f3aff74c8a7f4d4d058e995b4b4903bff95c76850cb9594e5ab7fc,15872,MALWARE,0.971123331590517,UNSIGNED,
F:\safe exe\h5delete-shared.exe,3303015461602d69cfc957b9d5b1add21779498d291dd818d31fa5685a959aae,15872,MALWARE,0.9689217761449989,UNSIGNED,
F:\safe exe\ictool.exe,5922bec6541fc6dd432f0ecfab1a5f55e0a87b4576026a25093438ba984e1032,15872,MALWARE,0.9964054795273964,UNSIGNED,
F:\safe exe\icuinfo_930800F8.exe,930800f896a696c9c41e8d29a415f63243e2972b6dd51674a703aeb5d81f8578,15872,MALWARE,0.8082315685257834,UNSIGNED,
F:\safe exe\json-glib-format.exe,b96a60090764e7571a7a12f5c12d3f587bba4c3deb553d22f8a9782dd9bd887b,15872,MALWARE,0.9615940034862138,UNSIGNED,
F:\safe exe\mirror_server_stop.exe,4444b765a964afa69c3170d307e5b5d17f7753ac70962cff0c11bf00f4d21e88,15872,MALWARE,0.9395954764503398,UNSIGNED,
F:\safe exe\named-rrchecker.exe,a2dc3eb6977dbc3db5acdb418c585e2c08082f9f8148686bf1c878b1effe68a8,15872,MALWARE,0.7967220167150797,UNSIGNED,
F:\safe exe\prune.exe,393bab976f0dfabb8ca6afd4b83365aa93dcc8e6a33f52c989b0ace49261ac74,15872,MALWARE,0.951811527179673,UNSIGNED,
F:\safe exe\pstoedit.exe,6ed79ffa82182e176a18cce0e8045ce5b7f9dd5408d987d6e114de89ffec5213,15872,MALWARE,0.9506149283808332,UNSIGNED,
F:\safe exe\dnssec-revoke.exe,1925b61639eae738ff2ed9cabe2c0e4bb80644a3aa0ca1a188438193bbd78833,16384,MALWARE,0.8976606236292894,UNSIGNED,
F:\safe exe\gdk-pixbuf-csource_02119F25.exe,02119f251ccf13a9b611fc0c8259782c6d303dcf8fca86a3db9b50ca11620871,16384,MALWARE,0.6900458881206782,UNSIGNED,
F:\safe exe\installcheck.exe,1ac6909313873c252aeb13a93af576a93fec9f663f1cac7a231ce25c5d37755c,16384,MALWARE,0.9016134322593947,UNSIGNED,
F:\safe exe\ldh_F65716D4.exe,f65716d49c00f8adeb3eca54094f10b85edae3ec55d3005abb109db1ca2bed30,16384,MALWARE,0.7767951699336701,UNSIGNED,
F:\safe exe\mirror_server.exe,c7517bbacfc7007e47361cb4276f79b96bdbc4a9c8ad62fcbcf5761b3c9ef726,16384,MALWARE,0.9886252685554804,UNSIGNED,
F:\safe exe\proxy.exe,862b484f6f33357944260525b279c2fb55626dea01a7e609cba6b07217e4062b,16384,MALWARE,0.9841796049449869,UNSIGNED,
F:\safe exe\qgis.r.in8.exe,421d49b535b5758295e41e8892f1b6a355b4169d806a5340ce601c37377c7b5d,16384,MALWARE,0.9762703912466757,UNSIGNED,
F:\safe exe\sleep_16384.exe,f594bad4dbc0895dc5f0d4da955350af0f30ca1fe88c8ccd0a539b502d4bf2a0,16384,MALWARE,0.9997377033855894,UNSIGNED,
F:\safe exe\testmini.exe,f28f2d1acc78841d190f940b1b3685dcd20ffc5dfc8fbc450b57da5af8a5e25a,16384,MALWARE,0.9503587973044492,UNSIGNED,
F:\safe exe\w9xpopen.exe,cfa2b68e9af76ad6252c44c0d95a74266c21bcfa32274dafb14116ab661040e7,16384,MALWARE,0.9995201533685457,UNSIGNED,
F:\safe exe\xsd.exe,e4d710b62ea42597fa8248645d8493d4e176842931010a94eb576e91d1ed03c0,16384,MALWARE,0.9824954339214371,UNSIGNED,
F:\safe exe\saslpasswd2.exe,aa98df55425d9c85bc99beb29a24e3079bc528a69ebeb177e7daa0aec78ca70e,16466,MALWARE,0.9827623422441388,UNSIGNED,
F:\safe exe\pluginviewer_16467.exe,4ed2c09dc9001f4fed72fddff4bdb72984ebba1f825a912c7e0fa541469cc8e0,16467,MALWARE,0.9690184373113494,UNSIGNED,
F:\safe exe\sasldblistusers2.exe,b2fce975e68edaa80b66fd9b611c2da368229060cf4dbf366a771083bcb3758f,16471,MALWARE,0.9964973944353452,UNSIGNED,
F:\safe exe\crssync.exe,1f9480a9a2efbadc2c32e4cb00c387d4f80654a1c58e6685b1e27aa5ef8e424e,16896,MALWARE,0.9833243773090188,UNSIGNED,
F:\safe exe\dirname_16896.exe,6d0118c4d7980929aeb6ed940ffd07939f0fa36a6a69d7591eeafc907c205868,16896,MALWARE,0.9799741939591887,UNSIGNED,
F:\safe exe\gspawn-win64-helper-console_68AFD1BD.exe,68afd1bdfbed7afb2927ca245c37ce0f692d65700b53bddf37b39fe19f7cb6bc,16896,MALWARE,0.9916905845934079,UNSIGNED,
F:\safe exe\gspawn-win64-helper_B61A2ED8.exe,b61a2ed85e4333985b0bcc82ea9d59565f0432f4333e96b0fca2668b54069eef,16896,MALWARE,0.9855529274446332,UNSIGNED,
F:\safe exe\heart_E05AC09D.exe,e05ac09d944650a0e52aae8b7bdbaa33e197ea455170be7be4510259e91dc68c,16896,MALWARE,0.9423704447259653,UNSIGNED,
F:\safe exe\listgeo.exe,53f06b48c0067f5362ada412d84f63e680263b989602799c1ee801382877d5aa,16896,MALWARE,0.9632726100455697,UNSIGNED,
F:\safe exe\qgis.g.info8.exe,71a833dd5e5159c7f55ed2e9a75927ebcd5f65c8d4b0638fa673d96a70af069b,16896,MALWARE,0.9667061976463334,UNSIGNED,
F:\safe exe\simple.exe,21b1def0ffc47c99f64947de624abd39c7cb8edba33bd4ea56deab606a3c44bd,16896,MALWARE,0.9515190079049258,UNSIGNED,
F:\safe exe\tee_16896.exe,1dc4c406ca27d0c46282c2b824a3a3e8a0c94e0e279c6361d6e1a64844680ee2,16896,MALWARE,0.9997902457664573,UNSIGNED,
F:\safe exe\uname_16896.exe,52510ad85b9763e22f0c887a4ac88f844569c1736aa647d53def44f00d59df10,16896,MALWARE,0.9989670699170856,UNSIGNED,
F:\safe exe\x509-test.exe,868d110bc7eafebced8e20d4fa9779e4986e0c8afdf7cbc20c0e6a51e521cb49,16896,MALWARE,0.963572856240172,UNSIGNED,
F:\safe exe\applygeo_2BBAED4B.exe,2bbaed4b429878af2450478afaa2cc8bd4d6a1ec09473585431353a926d21d15,17408,MALWARE,0.9495023699467612,UNSIGNED,
F:\safe exe\cert-sync.exe,e055316a774f93a02dcb0938f4c09bdcbb4d259bbac8b9d530d0e1e2686c76de,17408,MALWARE,0.5073120011133617,UNSIGNED,
F:\safe exe\ddns-confgen.exe,2a399e1905228a07d4f363aa5034238c630e92663eea34e4ea4a7344c70abb8b,17408,MALWARE,0.6945945552529705,UNSIGNED,
F:\safe exe\dnssec-verify_17408.exe,32c0df19b014b396eb542f4443e9aebef03c2330bc9ca5db68919f40ea0e895a,17408,MALWARE,0.8757029474861473,UNSIGNED,
F:\safe exe\gst-completion-helper.exe,ffd999283081547eb7078e36c75cffcee922b710196bba8fb65b5788e37b73ee,17408,MALWARE,0.9675149347067279,UNSIGNED,
F:\safe exe\ipyw.exe,fc9537818e30cff3547227708fa60f0ea30c6ab89cc956bdcb9ff6d14a4d96f7,17408,MALWARE,0.9678144147184045,UNSIGNED,
F:\safe exe\ipyw64.exe,9ce21b862ed4a25a1778f0f5b39d60a487ca3b74a1ce2ddf9300a8bdd59747da,17408,MALWARE,0.9717120543811664,UNSIGNED,
F:\safe exe\open.exe,0d714bc14fd6a875451fc877e4e74506511ea7249ea71929bbbe5b0f47a152c3,17408,MALWARE,0.9661883513102053,UNSIGNED,
F:\safe exe\pal2rgb.exe,2cdbbf097d833a3af91f0ebde83018b6800bbee70d72d3e5371865465d25ff67,17408,MALWARE,0.5443664512234911,UNSIGNED,
F:\safe exe\tiffset.exe,9ac2af0ff5255dd8b39853d372c676b0531ad77676cadbd12643d35ea861377a,17408,MALWARE,0.6079708250685899,UNSIGNED,
F:\safe exe\xhost.exe,4e45a474b68782efdc133bfdf10f07e215234f90b6d50fed6a98ad8a4061c82f,17408,MALWARE,0.7368508246093586,UNSIGNED,
F:\safe exe\bio_prefix_text.exe,2c070cbdcc79d814bfbd5121e1772461d2d4108b3ade3713aa59ec7ffadd0d50,17920,MALWARE,0.9206231797882537,UNSIGNED,
F:\safe exe\diff3_17920.exe,885566bcfb64bd347ce00b7f4fd3e6dd941835fa067512d3415ea8268d23eb5d,17920,MALWARE,0.9909097800481075,UNSIGNED,
F:\safe exe\exrinfo.exe,6a895c8da6246db6a94868762c7f6d55a3535c899d7268dfd3cfc2f65eb720d9,17920,MALWARE,0.8827325040476606,UNSIGNED,
F:\safe exe\getopt_49DEFB33.exe,49defb33959edd0bbec5a7b647b8953d549e2a30c64292cc92f273b3768e6a14,17920,MALWARE,0.9724153648250385,UNSIGNED,
F:\safe exe\gst-typefind-1.0.exe,4f8c8ffd3065e45e809914f31ab2b63fe325164989d0c1625d3783bd1ce4a5e6,17920,MALWARE,0.97870874298071,UNSIGNED,
F:\safe exe\gst-typefind-1.0_2F93CC5F.exe,2f93cc5f897ff9981576e9052d86b3693f449ef1270989eafaa951293bca2660,17920,MALWARE,0.9554915051684117,UNSIGNED,
F:\safe exe\h2benchmark.exe,228b37eea61407cd7bbfb6d3a08374ca9de8acb0bbcb80561c3a4f348509d26c,17920,MALWARE,0.7837729246343432,UNSIGNED,
F:\safe exe\ipy.exe,3f2ee35706f07d1aceda8c352ef41198298dbc4276515a43e36cc515b8f46a71,17920,MALWARE,0.7002417904044052,UNSIGNED,
F:\safe exe\ipy64.exe,dc9b330ca79c37d3787f9eebf1eb52124debfb4112e83db98c89a1de9a64ed69,17920,MALWARE,0.7780025909878711,UNSIGNED,
F:\safe exe\MQTTVersion.exe,985288f350ef94488877eea54c7efcaee04b0f1e07d01475075d5c224efcce1e,17920,MALWARE,0.9831388016637279,UNSIGNED,
F:\safe exe\ppm2tiff.exe,4237b89b6897db678a1c5b056e605ac0a83a48659c67334935fabc3bdc225620,17920,MALWARE,0.6241998991584259,UNSIGNED,
F:\safe exe\rbox_6301196E.exe,6301196e2b0a24eb5b4c2a546fd0f195b0509d88e88f680fb836d18dded46b6d,17920,MALWARE,0.9942423681620491,UNSIGNED,
F:\safe exe\test_17920.exe,d5c635dffca86d648d65101297886de943cbba31b585f21939bb778a898a20cd,17920,MALWARE,0.9995832912238112,UNSIGNED,
F:\safe exe\tiffdither.exe,d1c8bb74363aa9ff483e18bfa9a37630a220214b1e9f4971c033eeff56d1d5f3,17920,MALWARE,0.6501502855273,UNSIGNED,
F:\safe exe\biosig_fhir.exe,d501667f1d03c3f71827d7f37e70574e4d0a07a1987478911eeeab1f933752d2,18432,MALWARE,0.9260750642156416,UNSIGNED,
F:\safe exe\dbus-launch.exe,47e4e2275959acde5b26d773a1cb09e265849b9b8e4eed2002d7a59e969cb438,18432,MALWARE,0.6625273184133289,UNSIGNED,
F:\safe exe\dijkstra_18432.exe,d945e6245a6553e649f5a03b10299da7a4c09da811777e7d22efd24c7f03fd1a,18432,MALWARE,0.9190945088195709,UNSIGNED,
F:\safe exe\factor_18432.exe,7ffff291e8597b41086e23a9567a353c103e21ec19448ecf0ca921c7e8917022,18432,MALWARE,0.9895595144068849,UNSIGNED,
F:\safe exe\gencmn_29FF8288.exe,29ff82880361f33dafff804c43b6edb35dd0b501a8acd82113cd857cbe5c8119,18432,MALWARE,0.8897320573158961,UNSIGNED,
F:\safe exe\gobject-query_EF886F0E.exe,ef886f0e2ec360c7cb75771e4aa6768001e4bec3dcde35cfc2934b63af9e261d,18432,MALWARE,0.8183031425001328,UNSIGNED,
F:\safe exe\icuinfo_5D98148F.exe,5d98148f2ee1c13504a89fba24867df31041b7c8e9964292fd0c9c87b06922ec,18432,MALWARE,0.913228441926162,UNSIGNED,
F:\safe exe\QtWebProcess.exe,06d2a24dacee77245a6d40386da376e10080fb20d4862c077544d255c8da693a,18432,MALWARE,0.9995680407681731,UNSIGNED,
F:\safe exe\rndc-confgen_18432.exe,50bb9d1ad4826e13b53b2dccb01366893db296c0d560e14dfe9858aaa75c6cd1,18432,MALWARE,0.8709396009027619,UNSIGNED,
F:\safe exe\sccmap_18432.exe,354f861e693e52406a0e4cdfdae42413156b7704337aeb84dd3acd08abe512fb,18432,MALWARE,0.8884716198442864,UNSIGNED,
F:\safe exe\seq_18432.exe,0daa8db97727f8c7f265f636bbf2182ad43c266534e65685c01e3e6e65e3b413,18432,MALWARE,0.9957467726450606,UNSIGNED,
F:\safe exe\ldh_18451.exe,8b4500aac530b7811ea300ee77f1c52a5100cd0a1484862ae33d05cc14820660,18451,MALWARE,0.5781074559851447,UNSIGNED,
F:\safe exe\fax2tiff.exe,057a565957cc16b8383be9485d81e8544f6270b6d7f7c68126c568d33f7a515b,18944,MALWARE,0.7013882141129976,UNSIGNED,
F:\safe exe\genccode_03D220AB.exe,03d220ab97583d02fe33e479e7caa114593e918817f09bd2c39bc454a6cbad7d,18944,MALWARE,0.9251365947543105,UNSIGNED,
F:\safe exe\gencfu_73E0D6B2.exe,73e0d6b25f2647122b57ba4c424cbae1d4a96452438819884af3902127d93db6,18944,MALWARE,0.9277221691766582,UNSIGNED,
F:\safe exe\git-askyesno_E4DA5771.exe,e4da577139d8c5037865462bcaa9081855d5773bbf747442b3c1c86ea574bf48,18944,MALWARE,0.9317916283105795,UNSIGNED,
F:\safe exe\no-console-wrapper.exe,1562cdd33220c7a74fc1fa27e12d0a5428b1b84806ade29c7a34e2fd6d4b7885,18944,MALWARE,0.8042781250293861,UNSIGNED,
F:\safe exe\tiff2bw.exe,f1dd40749c885545ae451ce1e509495b37009c3ee3e15ef019db8204e9f09626,18944,MALWARE,0.6107014687150816,UNSIGNED,
F:\safe exe\validateuser.exe,d5bab57e61ee21452d9196a666ba3627ea7f56ba621c57f2d7c2000f649067fc,18944,MALWARE,0.9967725526453279,UNSIGNED,
F:\safe exe\wintty.exe,d06c548b6780012ec43a41c4e0aa6cc209650be7e52ea1d9bc9490a0fc419e5c,18944,MALWARE,0.6491637601884431,UNSIGNED,
F:\safe exe\bcomps_19456.exe,691391987ffe7c20c8b13bcfaedd419402ec195a2066d0cd3a571aed518f4737,19456,MALWARE,0.9892818571408654,UNSIGNED,
F:\safe exe\dumpsolv.exe,bcf99d6bad7b16549e0713fa990249dcc50420f7ce648cc4e4e9734acef14c71,19456,MALWARE,0.939167722627844,UNSIGNED,
F:\safe exe\gdk-pixbuf-query-loaders_F2E59195.exe,f2e591952881fd41eebf8db731b9e5ce0bd6fc5dd29bbafdb2b468abf8b327f7,19456,MALWARE,0.949183846805637,UNSIGNED,
F:\safe exe\gio-querymodules_D444FB34.exe,d444fb34799fabe88868911875eee0f4bcaf6d3486ce0e61e663ee7a55156029,19456,MALWARE,0.8055405910662151,UNSIGNED,
F:\safe exe\gspawn-win64-helper_00D7F791.exe,00d7f7915b7769058a67701c6e80b3efc30c5646b07e230c6319a1b39d09eb89,19456,MALWARE,0.9904582257755989,UNSIGNED,
F:\safe exe\plugin-hang-ui_2A9E934A.exe,2a9e934a0fd4c19ae770ff34b5bd2ae928d58e011087ce4f77db78cfdaba11c5,19456,MALWARE,0.8949255266048952,UNSIGNED,
F:\safe exe\proxy-lookup_57331A83.exe,57331a83f46bfb4eac58598fe80d982404eb54cbb9b76772c0ce0b0c1afbabfd,19456,MALWARE,0.9224224389020717,UNSIGNED,
F:\safe exe\sum_19456.exe,3826502f55e7239a4049b95cba5ef924e5f900d11a7efd84fd1a4d20d5e09acf,19456,MALWARE,0.987155982080768,UNSIGNED,
F:\safe exe\sync_19456.exe,cea535c86e5b5ec64b28a1a00aaf9f9e99279dbeeaab4ad26ffc13bbc0bd1a34,19456,MALWARE,0.9996368776588964,UNSIGNED,
F:\safe exe\syspin.exe,07d6c3a19a8e3e243e9545a41dd30a9ee1e9ad79cdd6d446c229d689e5ab574a,19456,MALWARE,0.9134739334125178,UNSIGNED,
F:\safe exe\tiff2rgba.exe,da3c864ca01ab5a7fb3c6425e1a62cdd01eee7752e1e4b13ef8b0942bb69660c,19456,MALWARE,0.45529532168577175,UNSIGNED,
F:\safe exe\venvlauncher_59042806.exe,5904280677c6cc5803c4f369ea5da557b90713da82c2154ac12723c6481563a6,19456,MALWARE,0.9450113776389246,UNSIGNED,
F:\safe exe\venvlauncher_AFEFAACB.exe,afefaacb125b4a02d3c3f5894844c74397399573c2919597e9dadab43b5f3ded,19456,MALWARE,0.9506790327163125,UNSIGNED,
F:\safe exe\venvlauncher_BDA81ED7.exe,bda81ed7872f44187c32336171ea37d55a4cc5a636bee01a5b2a2ffaa5d18569,19456,MALWARE,0.9306362240123279,UNSIGNED,
F:\safe exe\venvwlauncher_25BF2B84.exe,25bf2b845bf68ee87545be702e3bc03956eb666dcbc854ddaa3d03b275873200,19456,MALWARE,0.9474890641765368,UNSIGNED,
F:\safe exe\venvwlauncher_36AF5E42.exe,36af5e4218311bbcf4952f8e204a18d400dd9ccd5e2a8bd640e2179ea6bcf3a0,19456,MALWARE,0.9573878630829219,UNSIGNED,
F:\safe exe\venvwlauncher_90A1E570.exe,90a1e570e6703c8013a9a788a8a035e474f832d6c0ad2d56c448f3d37b2b0e02,19456,MALWARE,0.9438643104489238,UNSIGNED,
F:\safe exe\ChangeScreenResolution.exe,dc5e43f1264b5bcd767e6d8034d6d6f459aff4121e70083a25fc014ce37cdaf5,19968,MALWARE,0.6907053760138057,UNSIGNED,
F:\safe exe\cksum_19968.exe,4d154207612be65d9d6935bc179f2582628fbb7abaed74022939c841c77cb14b,19968,MALWARE,0.9968096404161564,UNSIGNED,
F:\safe exe\culevel.exe,b620617d6f7703abdc606bce71db730a54d690c4be76181036192e10f0f22de4,19968,MALWARE,0.9951887748165704,UNSIGNED,
F:\safe exe\gspawn-win64-helper-console_6DB6CCCC.exe,6db6ccccdeab255ecf4cba0833bd62fc93a89922d02374441be7c5aac4b6db0b,19968,MALWARE,0.6385565884581955,UNSIGNED,
F:\safe exe\gspawn-win64-helper_56BD3ACA.exe,56bd3aca32894d899e342fe8d531f1e4d14dee5e51410462de3100b99ee6b6af,19968,MALWARE,0.9772161659523957,UNSIGNED,
F:\safe exe\instreg.exe,9392c55f18750597632959899f2475da58ec46adf6baf71a728f59c1f8993e85,19968,MALWARE,0.9116294405596542,UNSIGNED,
F:\safe exe\nteventlog_97575A87.exe,97575a87b64b91a419f47db193438ef5e99ebb41e89dbaa54aec55dee8660502,19968,MALWARE,0.9770777364383317,UNSIGNED,
F:\safe exe\sdiff_19968.exe,20adadff2209613fe67af6709d4cf176473c43230a988843bd6555116166b03d,19968,MALWARE,0.9762174924166215,UNSIGNED,
F:\safe exe\tiffsplit.exe,267ffb23c95d275fc2415066dfda8b7ebfce9b3ad023b5117a270cd76b042145,19968,MALWARE,0.5142621630558475,UNSIGNED,
F:\safe exe\xmlcatalog_404EE122.exe,404ee1226e7fef731292867910c79a4d5d5101cbfff9f0de94f14d6a1598af25,19968,MALWARE,0.9568060572799004,UNSIGNED,
F:\safe exe\blocked-file-util_33B9E888.exe,33b9e888743a0b40b068b9c537a6e1a59e4f89365edf68be0eb882f039f21ea5,20480,MALWARE,0.9271965070837991,UNSIGNED,
F:\safe exe\createuser_9EB9ECB1.exe,9eb9ecb1981995ad3769fad63ed933ea1e196f21ae028e43473bd645c95f5e89,20480,MALWARE,0.9528652938699702,UNSIGNED,
F:\safe exe\gspawn-win64-helper-console_8CC0A00E.exe,8cc0a00efb4bee2b4422a37dd14ffd2d447df2975b93955aed25896e51e0dfbd,20480,MALWARE,0.9495110484767894,UNSIGNED,
F:\safe exe\mvdir.exe,4a48a96c97eb98c2f28a07d492c9d6adaffe1884108630dac5aa130ec271d00b,20480,MALWARE,0.9990534074243992,UNSIGNED,
F:\safe exe\picture_decoder.exe,dc98b85fb34c2669401f4efa87f6d2847c7f62a2bd82b965cecd62a6ede5b5fb,20480,MALWARE,0.9857747896414337,UNSIGNED,
F:\safe exe\taskcoach_console.exe,2d235d6c9377b85d968bba92a73a4a3d0874255b559ea30051346fb392eabcf6,20480,MALWARE,0.9905312500016413,UNSIGNED,
F:\safe exe\TaskRunner.exe,b20c61e4e39fba03ac1d41618dd9badd796cdb4ef889f36ae3b0e68950c2450a,20480,MALWARE,0.9957729284750555,UNSIGNED,
F:\safe exe\testsolv.exe,6c171ed31d5945ba8430a56ea83e37c43865a61f0120dd795d697cd8ad4c399c,20480,MALWARE,0.9072149512247654,UNSIGNED,
F:\safe exe\UTF16StrReplace.exe,dd91f1503e9bae1374a0b81548b03e5d006cb3ded09e96dd7e1da8ca5b76c68a,20480,MALWARE,0.9912258455630459,UNSIGNED,
F:\safe exe\werl_E94A6AF2.exe,e94a6af2412e633d1a43ac82c484a23a6308ffc21f0f1936e105c22139bf7c2c,20480,MALWARE,0.6230797073219161,UNSIGNED,
F:\safe exe\xmlcatalog_4D11EF88.exe,4d11ef88197d78101bfd7977ae6152ad753adc548e44a830bc47662554a4d963,20480,MALWARE,0.975262247124411,UNSIGNED,
F:\safe exe\xmlcatalog_7D5A17E2.exe,7d5a17e2e96bbb3b180505b080f2bf86d624f49571821f885f9cca6f0c2efb22,20480,MALWARE,0.9561354020876758,UNSIGNED,
F:\safe exe\gspawn-win32-helper-console_BC89D42D.exe,bc89d42dd2a2718f7b2f423630a3c658ba80303b8272cbb6a4f86524cbd22028,20494,MALWARE,0.9633912448213213,UNSIGNED,
F:\safe exe\comm_20992.exe,0274ca6ca74b50604a46ccc3c845e0f33b0acef1be98bf003ae822d0dda3aee0,20992,MALWARE,0.9939853914520899,UNSIGNED,
F:\safe exe\gspawn-win64-helper_E9D6B772.exe,e9d6b772499d34ecb9bdf8a11ffd009b18cd55b15f0ff9efd8d768b2d4ac5910,20992,MALWARE,0.9925927581497446,UNSIGNED,
F:\safe exe\listgeo_358E1A38.exe,358e1a3823d25ed8bbac541056ec66c9bd77d7aa094c4021540f262a50b29268,20992,MALWARE,0.9625653963741252,UNSIGNED,
F:\safe exe\paste_20992.exe,472fa5c976328a5504075dc6c47f64caf3855f82ada14b3b46c0a9123c41713f,20992,MALWARE,0.9908024686973633,UNSIGNED,
F:\safe exe\pythonservice_24B0792F.exe,24b0792f9fb9a75619ade84c269b03190bc4856ec6c38d7ad3c356a219829048,20992,MALWARE,0.99452635400247,UNSIGNED,
F:\safe exe\pythonservice_74D0EF96.exe,74d0ef9602d56943afb5d55d73f07427ad318e8061f9cf0ab553101b130748dd,20992,MALWARE,0.9913188956030794,UNSIGNED,
F:\safe exe\pythonservice_EFDDEBFA.exe,efddebfa10435e8c655d9de4a8c6df4b239f3493120385b401147ed293ed92d1,20992,MALWARE,0.9927626233293804,UNSIGNED,
F:\safe exe\unexpand_20992.exe,d48bdde4be8e0b5608b8a4813ef32bf55a8285e70033f197dae864d103f9f926,20992,MALWARE,0.9825341130126712,UNSIGNED,
F:\safe exe\gspawn-win32-helper_5618073F.exe,5618073f97b233b9929895974b9e955d400a89030e82bbbe44ebdee979e21150,21006,MALWARE,0.998921151403807,UNSIGNED,
F:\safe exe\fax2ps.exe,7f51ca27f665487f046066b41c80ac1fc035e5d1c9afce941ffc7dfb4d08f0ed,21504,MALWARE,0.7634761645168047,UNSIGNED,
F:\safe exe\fc-conflist.exe,1e60534156798c559921f564e00567bf772b3147c1d80797f6d48eec6219d71f,21504,MALWARE,0.9297597192851798,UNSIGNED,
F:\safe exe\fold_21504.exe,ace13f54c1c494f8374ddf08c162ffdadd19fc89c45d3fa79e957647959f6c5f,21504,MALWARE,0.9866233682643702,UNSIGNED,
F:\safe exe\graphml2gv_21504.exe,4e1abca3b70a353b3c1787ed209f05a6b6629ea8453b99a46ddc85d8c5d7194a,21504,MALWARE,0.9180092518254843,UNSIGNED,
F:\safe exe\h5unjam-shared.exe,5b3bfcc40f24985628d701c3f0758b9e935eae11a32242a89a0961512ec3df6a,21504,MALWARE,0.9250108108215261,UNSIGNED,
F:\safe exe\meshdebug.exe,e951c4050fac4bd2481020fa90b1ef4e6113b07ce5118c97a5fe275623bad4c4,21504,MALWARE,0.9792951104645738,UNSIGNED,
F:\safe exe\mknod_21504.exe,7e6a6f834eaf212779339f4954d1ad34af7c7e93b6d5893f1046c0e55c6ad5d5,21504,MALWARE,0.9966572963016744,UNSIGNED,
F:\safe exe\pythonservice.exe,199175ebb2841b95355283674f563e19178fdd7b4407be4e58c41d2834996681,21504,MALWARE,0.8802656211969969,UNSIGNED,
F:\safe exe\qmlaotstats.exe,e6cc1ce050f431080a013b2606914013a091ae39d9ffbcd7cb4a76761c0a1691,21504,MALWARE,0.7805099314936911,UNSIGNED,
F:\safe exe\thumbcache_viewer_cmd.exe,54c9855a210de09b63511153de28978e20c01f72f2bcaf8e75b555946d511706,21504,MALWARE,0.9796986834533531,UNSIGNED,
F:\safe exe\cygstart.exe,7da3dfe24f06aa7f64a355fb87d5a99da2599f668dc04dea3af14a82d7963351,21523,MALWARE,0.4678466613056673,UNSIGNED,
F:\safe exe\cat_22016.exe,0b954ae94ceb763a6158a4d76aba8cbb2e555f855b11489940d7e6866be398d9,22016,MALWARE,0.9938395640748644,UNSIGNED,
F:\safe exe\exr2aces.exe,5ad0249cdf76c56bb92ff6e002e23639c50d4a957b3b5652413397163967a2fb,22016,MALWARE,0.8779295962962519,UNSIGNED,
F:\safe exe\gspawn-win64-helper-console_A1B7C6D2.exe,a1b7c6d2dd2ab19d5564fd5d9577a560ef81fd550b9ad7464a3054676dcb7606,22016,MALWARE,0.9304532879141186,UNSIGNED,
F:\safe exe\gspawn-win64-helper-console_D00D9325.exe,d00d93255ebc833a3151386539af772b5973a693be48e61fe79b1eae4c6eaf6e,22016,MALWARE,0.8138718360542998,UNSIGNED,
F:\safe exe\gspawn-win64-helper_2256C2B2.exe,2256c2b222dfcfb4d166ec9ad084fd53a9cd0667c7fc1a2b886eee045ac88b0a,22016,MALWARE,0.9940195759895333,UNSIGNED,
F:\safe exe\gst-device-monitor-1.0_48C776E9.exe,48c776e90229e16345d683e923aa65c46deed0feede4e5a45ed984305352dd77,22016,MALWARE,0.9600792522874126,UNSIGNED,
F:\safe exe\h5clear-shared.exe,92d521540fb834bf7f847bd08874783b21345a2f713316a8c0f03c7d7d5de32e,22016,MALWARE,0.7763677223444888,UNSIGNED,
F:\safe exe\h5jam-shared.exe,06e85243cfffae5f2d1621d59b320106330b633f5d26a6dbe6aa462d4db7c915,22016,MALWARE,0.9079623575104655,UNSIGNED,
F:\safe exe\h5mkgrp-shared.exe,d547337edd8c4a8c8dddb2f5b3f40432b77ee1edc57f2c26a3c0736b1f89f1cc,22016,MALWARE,0.8890769925025487,UNSIGNED,
F:\safe exe\h5repart-shared.exe,756b29f699558c7145b967d08f38241f997c9b3812e2f4e267c222f8c4acb1e0,22016,MALWARE,0.951579576059081,UNSIGNED,
F:\safe exe\tiffcmp.exe,a010c9231baadf3a8283ce7035a74e683bd0435c4829f0dc80d8fa4743858945,22016,MALWARE,0.6743629519713515,UNSIGNED,
F:\safe exe\winbreak64_34C3551F.exe,34c3551f1eecb551637d456004bd2fdf21bacb5f942cd40eed78a5cd72b60a66,22016,MALWARE,0.7096130006946754,UNSIGNED,
F:\safe exe\chmod_22528.exe,9904e020b80980593fdde2ecd3d8f14c30baf9d40146cc241195d8c1d0734996,22528,MALWARE,0.9978039169131636,UNSIGNED,
F:\safe exe\fc-pattern_9F831975.exe,9f831975b38d35f02e74f8b6ab44dc620222c5428a5f89fbb7ff8d7835691aba,22528,MALWARE,0.9221819145326545,UNSIGNED,
F:\safe exe\fc-query_674BCE9F.exe,674bce9f3f08d2135b310bdc5f35fdba27160b34b74b310877fc87d8bdf7430e,22528,MALWARE,0.9044095853092935,UNSIGNED,
F:\safe exe\genbrk_15A4A707.exe,15a4a707e872c3349849279e3faea9629d185fa57a769a3ccfe58fc616809ad7,22528,MALWARE,0.9867314686478735,UNSIGNED,
F:\safe exe\gobject-query.exe,7ab0e57bc20a19991d5d035343556afa291c877fdfa06f90483b6492239b1b69,22528,MALWARE,0.4118163711121238,UNSIGNED,
F:\safe exe\gresource_B3BFED0C.exe,b3bfed0ca9fbcf43229a2d2c847e680fd51d5ed2ac6a78331af304b8166086f4,22528,MALWARE,0.9665504303365013,UNSIGNED,
F:\safe exe\gresource_ED800A53.exe,ed800a53d1d02dbb334cd1f1682b8f95f6b6f10f84c336476604f2b2312a7812,22528,MALWARE,0.47758753806404547,UNSIGNED,
F:\safe exe\gspawn-win64-helper_18B5DA88.exe,18b5da8880a39663001d91f3d4fe79c4e62e3472f036081f0b9d2a4e2837646d,22528,MALWARE,0.9947334210243142,UNSIGNED,
F:\safe exe\gst-device-monitor-1.0.exe,418e1dc65435035f6e972a3ab3bdd4305245c749c3aafb98a864410f104b6c57,22528,MALWARE,0.9678887775258241,UNSIGNED,
F:\safe exe\server-test.exe,8bbab0b23b1222c56366cbc6be4224bf24308e6c03452cd33235af31cdb60a0f,22528,MALWARE,0.9987286547570415,UNSIGNED,
F:\safe exe\suitesparse_mongoose.exe,d6508aa82b608288caab399931ac3e61428350e7ef527e2c9e29fba136f3b8ce,22528,MALWARE,0.9163075400720075,UNSIGNED,
F:\safe exe\tiffinfo.exe,9433e10a4e1f551b496e9083fce026e79850e9eb379600e0fe765ac6a817d8ae,22528,MALWARE,0.6849802917378299,UNSIGNED,
F:\safe exe\typer_A03048E1.exe,a03048e12044536d316e202c450012cbeb3af126c7b7ba45ced4c09b20a34812,22528,MALWARE,0.8052124506473236,UNSIGNED,
F:\safe exe\gspawn-win64-helper_F9849F1A.exe,f9849f1a5ee880605652d3c57efb283dfc4ecd0791b3b6519930f399d687120f,22878,MALWARE,0.8749053611457454,UNSIGNED,
F:\safe exe\chown_23040.exe,c5395a9c5f3ea0b1bcf4a4155d45c2b7f520b939d09ca69b7330b5deee9947b9,23040,MALWARE,0.9985127367394295,UNSIGNED,
F:\safe exe\dnssec-dsfromkey.exe,64a661f66c2f46bc23054f3faad3ac39fc6e60aa65097f1c243cf8f3fc26e159,23040,MALWARE,0.9367123290307156,UNSIGNED,
F:\safe exe\fc-list_E473425B.exe,e473425beefbe185698b3536329deb53c0d31964989d807de30ea434fa85e444,23040,MALWARE,0.9125846181469235,UNSIGNED,
F:\safe exe\fc-scan_7D2A8598.exe,7d2a8598d905b92a97da25e81e2c1cd63e1357ddc0a3edc13d9fbecb6b62c0b0,23040,MALWARE,0.93067718734658,UNSIGNED,
F:\safe exe\gv2gml_23040.exe,c58e71be9152057108dbdbc07d4ad55721b1b270d372af7f741be27550c57518,23040,MALWARE,0.9694927076797885,UNSIGNED,
F:\safe exe\h5format_convert-shared.exe,6995a88a4355d02c218728704970d5d8fff02a01e98a5cea11d04ebe36092f22,23040,MALWARE,0.9017940751851602,UNSIGNED,
F:\safe exe\instclient_23040.exe,d07ed7b93d16fb98663536e6f65a900f51d530cebb3c27f881fea03de32feaa9,23040,MALWARE,0.9404285733697203,UNSIGNED,
F:\safe exe\MiniCalc.exe,258ce8775a3327a572a2958fcae778d4c0550f01ec28a5cc406ed396f2634bc5,23040,MALWARE,0.9999676817073626,UNSIGNED,
F:\safe exe\tiffdump.exe,f1ed543da9a77e645cd6b72fbace3cc9711bfaf816fe1eee795b6c4ae4ba9a07,23040,MALWARE,0.7011130671167344,UNSIGNED,
F:\safe exe\xxd_39BDD370.exe,39bdd370a12380633a89ca77070b178703450d1d93d79a9eb81a26993a938a35,23040,MALWARE,0.9068417586520419,UNSIGNED,
F:\safe exe\zip2exe.exe,9b8515fd7ea9f3c7df3a54891221f3607c570bf778e6a5febde36a547b4b7793,23040,MALWARE,0.9969118549201643,UNSIGNED,
F:\safe exe\dnssec-importkey.exe,19bb0161e1aa35953834119ebc192982e3beb990ffa1353e20f974974230a98a,23552,MALWARE,0.8797084974656569,UNSIGNED,
F:\safe exe\dtlsserver-test.exe,bf2395389976a470648fefb68f57bded090a85ddc9889b82e26351b7fc84b627,23552,MALWARE,0.9989434133661167,UNSIGNED,
F:\safe exe\fc-match_D2B613FD.exe,d2b613fde08d6634976c7f87f870600e0d12eb5b2a920f1055cea21df209d050,23552,MALWARE,0.8525583188295587,UNSIGNED,
F:\safe exe\fc-validate_313EBC69.exe,313ebc694735aa55c1d6a59b1b73994f2598bb7388fe3cf351ff4fa1ec0580e5,23552,MALWARE,0.9105062808839528,UNSIGNED,
F:\safe exe\geod.exe,f76837c5d5115667f435120ee9cecfc95fc268774b02c5384520c6fe09722093,23552,MALWARE,0.8637363675841602,UNSIGNED,
F:\safe exe\hwloc-distrib.exe,1206255e10bf6e332ddbcd1fce3503362281697865d816f0cbe81614ea492c87,23552,MALWARE,0.6977877356484442,UNSIGNED,
F:\safe exe\provider-test.exe,2b740726770ff62cb6ed83956d948543bf937557dfb93a15a672a837d64c32f4,23552,MALWARE,0.9440843712353169,UNSIGNED,
F:\safe exe\regmerge.exe,6a624ee83826725d4ca9a6fe40c9dd2e7b4948383a7a62ed522d824370f1d173,23552,MALWARE,0.9968014521781097,UNSIGNED,
F:\safe exe\split_23552.exe,8ca6a42a0a34ac082584b65a53e311872780f57a836f2fa9b36b555c5023bcbf,23552,MALWARE,0.986311966851978,UNSIGNED,
F:\safe exe\uniq_23552.exe,b8f0971c4867a59436854d135bf47ac53d8af825afb22d3e98f796a7b23966d1,23552,MALWARE,0.9721586639618092,UNSIGNED,
F:\safe exe\chgrp_24064.exe,d7e0f771a0fab8e7a1031bc5994f65b4e82ec91942ae9ff7592e9fb98d9ca268,24064,MALWARE,0.9971499763085431,UNSIGNED,
F:\safe exe\cut_24064.exe,d6a826157af7f290eccf6f3a35ae7719d959114e76543233e629f2157b1bbd55,24064,MALWARE,0.9713533660847461,UNSIGNED,
F:\safe exe\dialyzer_D237EADB.exe,d237eadbdd2146f8005c773b3cffa5cd02f0c7b61f4ecde62c70535b8742e169,24064,MALWARE,0.8639502128201976,UNSIGNED,
F:\safe exe\fc-cat_445FDFD7.exe,445fdfd795f3f814d171aac5c4cf71e72d58b9e2b79153d7bf2d2983912089cf,24064,MALWARE,0.9336325638701979,UNSIGNED,
F:\safe exe\fmt_24064.exe,3b26ce184f3d4224ef307127408f4e697b0047ec3e617b4ebaab2d565320216c,24064,MALWARE,0.946117149368411,UNSIGNED,
F:\safe exe\head_24064.exe,ffa5e945163ffb23d26a5dde041802219b03692e7af409e621ef92d6692dfbaf,24064,MALWARE,0.9879305638788569,UNSIGNED,
F:\safe exe\protoc.exe,fc1647a632e755ac39fc8a509c80fc0e4e4125a9df66fcadf7c46d97910f2ab5,24064,MALWARE,0.8070683833394963,UNSIGNED,
F:\safe exe\tiffmedian.exe,4a665e0ae77426a1a04dd001208272ed1e7947d9e5b8f6b94919b2712f7698c2,24064,MALWARE,0.5723982412355515,UNSIGNED,
F:\safe exe\xmlcatalog_AF597060.exe,af5970606e3a52c16188e658d84c629f5a9a5f74cd57a4fe4efd9f07de2e8bc0,24064,MALWARE,0.8689373330805068,UNSIGNED,
F:\safe exe\ct_run_776B9A42.exe,776b9a4224a1cf5b2aece232d463037e99ad0f35c93b011bd14a002e64e8a024,24576,MALWARE,0.7929680232710159,UNSIGNED,
F:\safe exe\DS.exe,cf16a90c4c50870bc3ddc36395308bfc5652a3724a3803efdea0fa349646336a,24576,MALWARE,0.4796214326737168,UNSIGNED,
F:\safe exe\gsettings_402760EE.exe,402760ee96d536f31e00d1d45d32f176adabaa4a1de4cf26262667ebe4b76453,24576,MALWARE,0.9457933782956103,UNSIGNED,
F:\safe exe\insignia.exe,23b77ed0ba40b6af8401c6129b79f1e30e9a4723a94e705a430763b6348db767,24576,MALWARE,0.5687268115911132,UNSIGNED,
F:\safe exe\MakeLangId.exe,02918572740e90cb6972a68f88b655bbdd35db6ff6064e215479e349b58585d7,24576,MALWARE,0.9984315844401828,UNSIGNED,
F:\safe exe\qtplugininfo_1503CCDA.exe,1503ccda65268d3660bc4aaf98105905d18ece5467fbdbe8fe500c07773df97c,24576,MALWARE,0.8767235562896307,UNSIGNED,
F:\safe exe\qvoronoi_67CF6375.exe,67cf6375bb3612e23297d11f77b626bbd5ba42a2b7d4bdb1abf8ec547a27b9b7,24576,MALWARE,0.8953935669638426,UNSIGNED,
F:\safe exe\XsdStitch.exe,c4ff64e97fd88b7be2048ac7a6a579021fb259fc0f569a9ffbf2916b37f13047,24576,MALWARE,0.9201292437561545,UNSIGNED,
F:\safe exe\xsltproc_9AA39D87.exe,9aa39d877d80546df385bcb490403cb53678e8dd79ce4dc3df093b4dffde5a6d,24576,MALWARE,0.5729012324459587,UNSIGNED,
F:\safe exe\biosig2gdf.exe,9c3813631beec86bc8c681b9580cb96d4abcf8bf4c24e3d9fc4bd4a6eacb71b9,25088,MALWARE,0.8284581641133668,UNSIGNED,
F:\safe exe\ccomps.exe,7f9d916b6e5204912052e13ea0e5b6226633d9ab33a2651a63cd5f0c24317710,25088,MALWARE,0.9359666909492541,UNSIGNED,
F:\safe exe\couch_view_group_cleanup.exe,ea24ac56a1fef54d7c7c5fc5c289dad4ed673178893ef91881d83bceeb1486b6,25088,MALWARE,0.7530373482875484,UNSIGNED,
F:\safe exe\derb_75158CE7.exe,75158ce7cc61a7d594fa1cd5e730805fc0df2f1e596f67e110b249b0e45e3b74,25088,MALWARE,0.9575380116959467,UNSIGNED,
F:\safe exe\GenPat.exe,0af4f751e931977838add1422b59149ba53a35dd2e2b3b0e90da3331da019a6a,25088,MALWARE,0.9987143687884146,UNSIGNED,
F:\safe exe\makecert.exe,0a34d125356ca37ba5bf222d96bd5e0b30475f26dfeac7cbeecd3a8b5d109e4d,25088,MALWARE,0.8161179323971669,UNSIGNED,
F:\safe exe\qdelaunay_E2E53DC9.exe,e2e53dc94d38de39122a39f0c61b4a40e638d0040af80c05deaff91b8495f991,25088,MALWARE,0.9096732638560766,UNSIGNED,
F:\safe exe\win7appid_A6DBE535.exe,a6dbe5352f0ce8d50677d81487689726af3f1cbede5a25323eedd3bce0298acc,25088,MALWARE,0.9935543917254288,UNSIGNED,
F:\safe exe\gspawn-win32-helper_ECE852BD.exe,ece852bd7ea592abd0d4c2926a4fa53f29d824184362d21c214a260715958ae8,25238,MALWARE,0.941191582176513,UNSIGNED,
F:\safe exe\compress_25597.exe,ecd7693da51652f7d29dede9e94955e8a7c56b61922c55a705a2add6478e6c20,25597,MALWARE,0.5672102896145532,UNSIGNED,
F:\safe exe\dc_25600.exe,6f79bb257c996bed1a3267dc3b6be15e936c1bf92012a4a2be12df1b81c12fae,25600,MALWARE,0.9971073630450621,UNSIGNED,
F:\safe exe\elastipubsub5.exe,49222edbe29256863fd094c28a83087584992e431f8134d95ba5ead3ab55d283,25600,MALWARE,0.9532309808243707,UNSIGNED,
F:\safe exe\escript_5F2E4ECC.exe,5f2e4ecc41bae8ca0bb164e094f47005fcff7d19f30ea135eb6fc990277999f4,25600,MALWARE,0.6775103391703405,UNSIGNED,
F:\safe exe\gspawn-win64-helper_0F98F1BC.exe,0f98f1bce3ec642749d36ba6c31192448ad1d16aa202066b89b911b1c178c549,25600,MALWARE,0.7947589016720873,UNSIGNED,
F:\safe exe\icupkg_FE0B2231.exe,fe0b22319d07eddd7b3bbc7fbcdc63c430fd3ea1cea0627aa0062f0613715ac4,25600,MALWARE,0.8381750615481106,UNSIGNED,
F:\safe exe\qconvex_D696877B.exe,d696877b354a3d2f01b24bf7231f4eecaf613e0ccedc2c6d4a4de3e8f051e6c3,25600,MALWARE,0.8624780759744313,UNSIGNED,
F:\safe exe\qhalf_2BA36B4C.exe,2ba36b4ca9a1e3c7216bbc36df3c6cf9e609de077b564f0f15a840a80bf3af3f,25600,MALWARE,0.8859228307092303,UNSIGNED,
F:\safe exe\raw2tiff.exe,4e693dfa8c9cc6d85d561c76b8ea9cc00df881411f5562183277b230fbe2d137,25600,MALWARE,0.42596281540494274,UNSIGNED,
F:\safe exe\gspawn-win64-helper_18CE5927.exe,18ce5927a1ef1bb3403249fc171569d93b362c0f72aa6f3cdfdc88cea15349ff,25683,MALWARE,0.5302382799740082,UNSIGNED,
F:\safe exe\gspawn-win64-helper.exe,1e2fa3ef8e2365159a860589afdae5c43341b16a7231ee573d5ece2d01165127,25710,MALWARE,0.4649433593120614,UNSIGNED,
F:\safe exe\gspawn-win64-helper_14B0710C.exe,14b0710c9e8e4122528e5db9799f500c4c23663d13df78ba4b3b091f12852d41,25714,MALWARE,0.7288997064759097,UNSIGNED,
F:\safe exe\gspawn-win32-helper_19C58FA5.exe,19c58fa501de9cff7af53d7f817f4d401163131c4eadc95b176efd0b770ea04c,25876,MALWARE,0.9628640659144714,UNSIGNED,
F:\safe exe\df_26112.exe,caf7eda0e015328eeca57eaa9f88c508ef6dd7e91f3713f451b9dea4a1897bd5,26112,MALWARE,0.9982349917547563,UNSIGNED,
F:\safe exe\du_26112.exe,ec4f83b123e00628068876935c66e3726d7450728c2e70a1ac7e24e1e30f8bdc,26112,MALWARE,0.9987935805011576,UNSIGNED,
F:\safe exe\fbSampleDbCryptApp.exe,40c2dec9193909ccb33705f0626f0e015713c458510e2a117df930801aa6e31f,26112,MALWARE,0.9554418584482214,UNSIGNED,
F:\safe exe\gensprep_3389EA56.exe,3389ea56fb2a4bfcc1e265a361c8387306b63251551e55477b9708547b06b71c,26112,MALWARE,0.776622042001468,UNSIGNED,
F:\safe exe\gss-server_59559610.exe,59559610c5db1643014722590ec55f3a4402b9f4bd9a6c479cde100ebbdb3098,26112,MALWARE,0.45687624197487003,UNSIGNED,
F:\safe exe\hwloc-gather-cpuid.exe,d594268524e507b64e62740fefd3b5dfba25d2f43a3ca6687081046541e59221,26112,MALWARE,0.9614082342450829,UNSIGNED,
F:\safe exe\octave-cli.exe,387ac823fb5b01b3407fb34edda6ab1cdba0c9619841a0f6dee323d05a850f2d,26112,MALWARE,0.9120350589538001,UNSIGNED,
F:\safe exe\opj_dump.exe,6edd0ce51375a093eec75b658396c1578e8256723244bde8ad838aa629c6f53e,26112,MALWARE,0.9581621876254518,UNSIGNED,
F:\safe exe\darktable-generate-cache.exe,915abaeb348e1e0c24a8a7496540c2f0c53ae7a0224abd08edebb53b304bf92a,26131,MALWARE,0.4994619255394251,UNSIGNED,
F:\safe exe\couch_compact.exe,b9b7ebff09e0249792332fd9e6e4ae672843f1e5b3f35acbda7ba6fceac8f25c,26624,MALWARE,0.822636122719435,UNSIGNED,
F:\safe exe\elasticurl.exe,7bb0ee5d2ee2d27e8480329459004448670c0e81323eab3000f390ddee9e0cb5,26624,MALWARE,0.8985214385147243,UNSIGNED,
F:\safe exe\fc-cache_697D0AA9.exe,697d0aa92d74ac50f998a3e43cc086240c08b01319f223a82e3f7e858588451e,26624,MALWARE,0.8224714919460503,UNSIGNED,
F:\safe exe\python_3B41733B.exe,3b41733b745e650bf5b1dade8518620ebe22484fd56916d8301373e9a534673e,26624,MALWARE,0.9548393812591565,UNSIGNED,
F:\safe exe\svgtoqml.exe,4554a567f2a1f25298971e5fc40fc3c1fc4c6c647131a535cec569a3950d418f,26624,MALWARE,0.9168843036701783,UNSIGNED,
F:\safe exe\syslinux.exe,5916a108c4a069cc274009df1912dabf444a1e4386377a6cdf77a1346e96f160,26624,MALWARE,0.9992702602322099,UNSIGNED,
F:\safe exe\elastipubsub.exe,df34ae4ac8dafcfe9adff95269d952435bc3ddb5aded4886e3a313b5b4c209cd,27136,MALWARE,0.9481262623282105,UNSIGNED,
F:\safe exe\gss-client.exe,d149c56854a7db218206d8f93c2550b5b252e89b1e0adbccff4c1215bf348bee,27136,MALWARE,0.5156721582580446,UNSIGNED,
F:\safe exe\gss-client_B6077708.exe,b607770824c8eaf73796b67ec05a576c2e3037a2673dcde82e52245af23867e7,27136,MALWARE,0.478065604146789,UNSIGNED,
F:\safe exe\gss-server.exe,ecd345ce2cba42801985513a155cce963a56d9c4996e2f2fd3e6f7bc72122681,27136,MALWARE,0.4457784782139596,UNSIGNED,
F:\safe exe\gss-server_2CAECCD7.exe,2caeccd71a9cf7c92ee1ff0360a1e59dba2146e21c08063435a01a4990ae8c24,27136,MALWARE,0.418671862381287,UNSIGNED,
F:\safe exe\h5copy-shared.exe,829092c6fe5c5ac02d9386e9c8f1ad258cbc25e05534a89beccefb6e9351cedb,27136,MALWARE,0.9104652693006637,UNSIGNED,
F:\safe exe\join_27136.exe,713d2f991c3c4da31ef30f4d848445c039fef1d5f7ffd259c8ce805b14a9afe7,27136,MALWARE,0.9852411467120293,UNSIGNED,
F:\safe exe\octave-gui.exe,fdd0561a358c5f402c79f84cc214d198d00645b0a4d04e108a11fde15cf51b23,27136,MALWARE,0.9144049197746257,UNSIGNED,
F:\safe exe\pythonw_7D125995.exe,7d1259959f74074fc38671f12338eb5fe0fde2db9fdb70694b7fae0d84cedeb5,27136,MALWARE,0.9866225311468154,UNSIGNED,
F:\safe exe\vbucketkeygen.exe,8fad20fcc4e0690f44fa701a9bc60ee4499e4d7c3264de8375b0a81f2a0a21e6,27136,MALWARE,0.6327641622693146,UNSIGNED,
F:\safe exe\getconf_27155.exe,f3aa88d5d57dcf140ce6d18afd2e1716a765618c38c1cda60ad77adf4861d3d7,27155,MALWARE,0.4797303371357024,UNSIGNED,
F:\safe exe\veyon-service.exe,a975cbb548c335ceff921fec5ee58af14ffa87c18e7f95a030bd51c5e42e238a,27584,MALWARE,0.8779556061459709,UNTRUSTED,Veyon Solutions
F:\safe exe\gobject-query_967D9F98.exe,967d9f98f6b8c73ee197f2f34c4bfd7fb414b4e202df925f5f2c5c26df73aae6,27606,MALWARE,0.7913695856520447,UNSIGNED,
F:\safe exe\asn1-test.exe,f86d2064535565e7fb69f8a1ebf402033c8048e80f741294ce2b1a51f050bfe9,27648,MALWARE,0.9415809321854094,UNSIGNED,
F:\safe exe\couch_dbinfo.exe,0cbe0abcad39692110ddc3067b37bdfd54e94c42462d4821b044da891966cd2b,27648,MALWARE,0.8561864728061959,UNSIGNED,
F:\safe exe\gensprep_A18364E4.exe,a18364e42b285e02aaced722d2ed1b364c0320c6a7a465de95be715a9483d576,27648,MALWARE,0.7149014590304776,UNSIGNED,
F:\safe exe\python_645757B2.exe,645757b2e2896c89b78161b0d67bee8f698b2aa68f02e4154cb73070fc05bc6e,27648,MALWARE,0.9557363797522498,UNSIGNED,
F:\safe exe\senddoc_BCB5991A.exe,bcb5991a803592a439df3f9ef0d072e537e2166735e7ca78813e9d81e952e7c8,27648,MALWARE,0.9989330167804231,UNSIGNED,
F:\safe exe\gspawn-win32-helper-console_9E313F72.exe,9e313f7209c09d05e551a94d86dfabb331bb356e6b94d53d75309e712111188a,27905,MALWARE,0.9541838290712532,UNSIGNED,
F:\safe exe\couch_view_index_builder.exe,ebc8dda857598fbd490904ec7fffb9e23e06fc7d5f15906f853f7bde985e229c,28160,MALWARE,0.5804486284253335,UNSIGNED,
F:\safe exe\dircolors_28160.exe,f50d3be34a41a1e7c758986f7d7d10f9f86449edade2406460e143d0640b9cea,28160,MALWARE,0.9989257563461778,UNSIGNED,
F:\safe exe\gencnval_DE3335B9.exe,de3335b96d0e42cdba4ccbb2926626b59bcc15b11d5c06b9077fe2b9d4abac64,28160,MALWARE,0.8682794936526074,UNSIGNED,
F:\safe exe\md5sum_28160.exe,19cc96a4332bfb732dcf03c08a9523d5cb6505bc5f5a392e801f9b997ecc96bc,28160,MALWARE,0.9697774676078496,UNSIGNED,
F:\safe exe\physicalunits.exe,beb92fa502bbf36ace7b46e809a5a93df51d5c277618bb3f569148a65d1aede5,28160,MALWARE,0.9754618746877018,UNSIGNED,
F:\safe exe\qtplugininfo.exe,a11bd22aa81d4db3ba66a9866e578f4985715f5ce47842822a0f542606ed0e71,28160,MALWARE,0.862322853438413,UNSIGNED,
F:\safe exe\SonosLibraryService.exe,2d43ceaa7966671f4b501a5629e20b314e3f66d70a73a2be14432fa9005bf591,28160,MALWARE,0.998948422862679,UNSIGNED,
F:\safe exe\txt2las.exe,6a3eb27de5c28057da646b6edcde8d507d50b31ee440d84a605076fcde69c424,28160,MALWARE,0.8464745302990879,UNSIGNED,
F:\safe exe\unzipsfx-gcc_28160.exe,32d9e8fe93bd8af7185955bd3dd92d399abddc0340b12c87618e8164d9ac0180,28160,MALWARE,0.9999571707960422,UNSIGNED,
F:\safe exe\gspawn-win32-helper_447D072C.exe,447d072ceba49cfb6670cb8c137128dcd80f54f4998d51e83bae923f4c2613bc,28447,MALWARE,0.9980028455833061,UNSIGNED,
F:\safe exe\couch_view_file_merger.exe,d3778a383cf2bfa2a70613e51f07828455de11149b4795464e7b2961f4656e19,28672,MALWARE,0.5680933586978186,UNSIGNED,
F:\safe exe\couch_view_group_compactor.exe,af9c46120826592b84902d29ffd3189a59d7d2889b1fd004e29c59b7e5aae960,28672,MALWARE,0.638110839655897,UNSIGNED,
F:\safe exe\dark.exe,a5717db404e5b7cf10c40272d3a206bbe39a579fdb1dd378ba20a0c7419078e7,28672,MALWARE,0.42133725019992907,UNSIGNED,
F:\safe exe\dbdiff.exe,5884fa0049f33013015ada7c0d59ecad9f3626ead5220847adf71c3e0ac6766a,28672,MALWARE,0.8426523801691713,UNSIGNED,
F:\safe exe\exrmanifest.exe,1b2168fc2df5b83c4587070048e364bad2a8d46668d59d6c1ae369656506e5fd,28672,MALWARE,0.9129113257618927,UNSIGNED,
F:\safe exe\gencnval_FBDB8285.exe,fbdb828507a092d119cd433d9a3ddb5f7db6950b33b4235ea904e1823fa09a2e,28672,MALWARE,0.9426012665155548,UNSIGNED,
F:\safe exe\gsettings_CFE1B570.exe,cfe1b57064b2bf544c5ac2d9ca98cba684e730e3a92526f6ccf33bc7cdcd29f2,28672,MALWARE,0.8570814410430216,UNSIGNED,
F:\safe exe\heat.exe,49119d5454a95a3936ca569f287508beeb3fa9f7bc59fda25f418f2cd234b642,28672,MALWARE,0.7815745908955386,UNSIGNED,
F:\safe exe\instclient.exe,ea1a226dfadd22e1155741e062411a653f35b789de3efd1bd409ad72b914d802,28672,MALWARE,0.788753501763748,UNSIGNED,
F:\safe exe\lit.exe,a036da49cb8022644653e3ceebcae89de238485e77248f933855ac9018fba8a2,28672,MALWARE,0.46233702292425777,UNSIGNED,
F:\safe exe\lupdate-pro_E46A49BD.exe,e46a49bdf251011ca321bc66e9814668d21e2bb4bd5947915a6fcf8dd7c07d64,28672,MALWARE,0.47861160189325386,UNSIGNED,
F:\safe exe\named-checkzone.exe,e1fbb9ab5bcbe9221bdb22caa5d4c72da03b51fc8ade664619b653e3abbe4c2e,28672,MALWARE,0.5950262698772657,UNSIGNED,
F:\safe exe\rmdir_28672.exe,b7fef0e15061ad0a4449b4ac931c0f3fd84fe06d057ea24948518eae78c6c18f,28672,MALWARE,0.999215300500442,UNSIGNED,
F:\safe exe\save2gdf.exe,3207c60d545fd152755a12ca1e768da98f99d764b5c1cb3533cab04b3d8ed83a,28672,MALWARE,0.8523697559759028,UNSIGNED,
F:\safe exe\smoke.exe,5bebfc899cfd25c6c2f4be636f6caa7bd6e3270a14bec5109c40b14405a190cc,28672,MALWARE,0.44680194387655514,UNSIGNED,
F:\safe exe\gio-querymodules_0C8C96BC.exe,0c8c96bc7be22eb33de40e8bafdb71ad8ae031faedc81b1e699b77164d8dbb98,29129,MALWARE,0.9203802606808928,UNSIGNED,
F:\safe exe\bio_tfo_test.exe,e90137d08e6bb8db3ae353834ef4c7be8b1ca09b472ac73e5b49e0d73ddbd85c,29184,MALWARE,0.7739438205846779,UNSIGNED,
F:\safe exe\couch_view_index_updater.exe,1c35e4385f20e00df881f806b2c3b69cc37ce576feda4f6f607ca7ded396d6a6,29184,MALWARE,0.4439804567308722,UNSIGNED,
F:\safe exe\dnssec-keyfromlabel.exe,c921a0538ce9305e0c2cfb40ab28241a5ad34d0662c1f5ea10524209362aabcc,29184,MALWARE,0.740040921567375,UNSIGNED,
F:\safe exe\dwebp_E87B0867.exe,e87b0867fcbeb62e24164c8499ae5003bbb583ada34dd27c6b548300decdb88d,29184,MALWARE,0.8903791878085728,UNSIGNED,
F:\safe exe\gvgen_29184.exe,f0be218bc7712ca421669cdcfab740a59295cf1960afc883e4968240560ab467,29184,MALWARE,0.973692982669574,UNSIGNED,
F:\safe exe\lpaq8.exe,52674de2e06ecc07ae9c4101de73203bb04a916b42ef2a4b71f403294441b227,29184,MALWARE,0.9996312383215156,UNSIGNED,
F:\safe exe\lrelease-pro_43A59F21.exe,43a59f212aabd8355a911d5c9c3f4c829858c64e9a73cee54ffed27eb034c1a5,29184,MALWARE,0.41456822454538905,UNSIGNED,
F:\safe exe\qhull_A38D9329.exe,a38d932923700e80ae02b395a0ec59c7e03b34351c0a693e15025d3dda7246d3,29184,MALWARE,0.8864282973765415,UNSIGNED,
F:\safe exe\qtpaths.exe,05c6812fba486a89d967e34e8f161666066d266567219450fd597690bc1d4fbd,29184,MALWARE,0.9644614359449915,UNSIGNED,
F:\safe exe\rc5test.exe,67980da08f54b091d86ece17675686041978a52f3ab457f5cfe396805bb3e768,29184,MALWARE,0.7655920348560523,UNSIGNED,
F:\safe exe\rdcpu_sanitytest.exe,ff131ab1509a013e867903efe253df8db6870a0bf8fc2fc7fb45339646bb4216,29184,MALWARE,0.7429277869309658,UNSIGNED,
F:\safe exe\sigar_port.exe,d2826c15a424a0a09724bdcfb66014a54d4e995216e571bddf4a8bda1cc46000,29184,MALWARE,0.785458750541048,UNSIGNED,
F:\safe exe\sn.exe,5fda17b6094ac71ce70e34b8179e90f75243a68d17611125b92a28e43879084c,29184,MALWARE,0.635156210450463,UNSIGNED,
F:\safe exe\fc-list_3E873397.exe,3e8733974785b067623bdd28861b71271eca3cff0a5cd936d76502d73b14f70d,29379,MALWARE,0.9507994474768651,UNSIGNED,
F:\safe exe\dnssec-settime.exe,2d9b49009b92c5ceb68f818f3bd0455f0390778a065ba5216968d6faf9c9eb1a,29696,MALWARE,0.6823332609255077,UNSIGNED,
F:\safe exe\erlc_3133DD95.exe,3133dd958ed96e73b0475db9216dae2cc9000b7f731343c4e4fb5fae2ea1ac16,29696,MALWARE,0.5337074321460228,UNSIGNED,
F:\safe exe\keypirinha_2D3ADB36.exe,2d3adb36a04e9fdf94636c9ac5d4c2b754accbfaecd81f4ee7189c3c0edc8af1,29696,MALWARE,0.984356449216304,UNSIGNED,
F:\safe exe\named-checkconf_29696.exe,383e0ce82583bc5433b21225067996466b2bc485093aad3a4e496fdda9b1921c,29696,MALWARE,0.9662310884358218,UNSIGNED,
F:\safe exe\plugin-hang-ui_5E257A42.exe,5e257a4250ce755bc8e8fce1ee9d72881b0ca1ebadf6cf80f3444ef2d3ad3c09,29696,MALWARE,0.6470063800626477,UNSIGNED,
F:\safe exe\qmltime_01CAB2BD.exe,01cab2bddde5278829210a6aeb79476da559a945abf8b39473132de0cda59941,29696,MALWARE,0.8717396732207058,UNSIGNED,
F:\safe exe\qmltime_0B933CE0.exe,0b933ce098f02e3d3d789097d5bcd66630d5ad8709806f293902c069a490bc5b,29696,MALWARE,0.8912666222656583,UNSIGNED,
F:\safe exe\wc_29696.exe,9822ef1ff90de685fc78d0061b27f9f15676bcab9d6c21383dc027fa5066fd8b,29696,MALWARE,0.9935278247386745,UNSIGNED,
F:\safe exe\gspawn-win32-helper-console_6A7DA9E6.exe,6a7da9e62859aa3cdc1d84e3cba557036316bf3e4c08d0ec8c3297590271f057,30100,MALWARE,0.8861885093941013,UNSIGNED,
F:\safe exe\certmgr.exe,593265d2a72cc3a0ac9de339f21bf60e1c030468b9bc7875b86a02e8c5a184cd,30208,MALWARE,0.9040547995279311,UNSIGNED,
F:\safe exe\grpc_ruby_plugin.exe,4d4e9adf20e9055fb88ba18e82a830c78406e1a0b4f902bec9a54920f3de1fda,30208,MALWARE,0.9398946807010797,UNSIGNED,
F:\safe exe\gst-discoverer-1.0_A02AEC4F.exe,a02aec4f2c5001e58dc548cbf893f11252ddc314d91bd19a75871cc49f8b454b,30208,MALWARE,0.8333221018135044,UNSIGNED,
F:\safe exe\h5debug-shared.exe,4fc638108b25207b42fa6b32d9562f7409b420aa7823205e0d16e5c6a224535b,30208,MALWARE,0.9037089388079351,UNSIGNED,
F:\safe exe\lessmsi_256EEE4A.exe,256eee4ae43768088749bb0d47f80ecad31bed1b221e3520f58de46a83233753,30208,MALWARE,0.9498342661725588,UNSIGNED,
F:\safe exe\params_conversion_test.exe,5ecfe5eb0e07dc7989047a10d9a08f6388252f41b1056fe2ef7bb7b340127dcb,30208,MALWARE,0.8064930167665647,UNSIGNED,
F:\safe exe\gspawn-win32-helper_9F3212B4.exe,9f3212b4cc998f005c4ab88e59ad1e497f5a5b2886b5ffdd5d83f35538206edb,30678,MALWARE,0.9910714679108136,UNSIGNED,
F:\safe exe\evp_byname_test.exe,7927ff57706c15667e90fd57c1884810c2af1d124268d829cb9bb920415feccc,30720,MALWARE,0.7444376674060362,UNSIGNED,
F:\safe exe\gendict_13C00A29.exe,13c00a29bfa69292e74735815664bc53d86940a9dde22aa8651e786626b2b124,30720,MALWARE,0.6920843441659602,UNSIGNED,
F:\safe exe\gst-discoverer-1.0.exe,94a959d6b8b99e8a73d0963193c3a6ad74d1d3ed108ff2977b3487f5e140e6c6,30720,MALWARE,0.8624805566585726,UNSIGNED,
F:\safe exe\kfwcpcc_1B3D3880.exe,1b3d3880012e94080510ac81ab517e77e01f8e7bb9a4507af30c0d34e436717b,30720,MALWARE,0.755365741814711,UNSIGNED,
F:\safe exe\lzopack.exe,0744d3ca6bc97275d58d4947e214a6014dc0113a11e9b8c3559b8f86c8c4b07c,30720,MALWARE,0.9628407518685852,UNSIGNED,
F:\safe exe\mm2gv_30720.exe,74aa1384c537f0765513d2128d224a96f679e7e50aa85d216005652350e7caa4,30720,MALWARE,0.9775560055548594,UNSIGNED,
F:\safe exe\rand_status_test.exe,233d1cb350594eae89d3dae58c34be43b563b3cdfe4c7524ef524abfe9a79f24,30720,MALWARE,0.7959995616759198,UNSIGNED,
F:\safe exe\gdk-pixbuf-query-loaders_22142BF0.exe,22142bf044421b2101c765d0da947ba51bd5af23cff00327d696934a248b6072,30989,MALWARE,0.9494893129343445,UNSIGNED,
F:\safe exe\adig_A4A6A25C.exe,a4a6a25cbbc46f4cd37252f2a5c0b5d9266619effa8b664bfeb3c6aed18cb20c,31232,MALWARE,0.9964053687979031,UNSIGNED,
F:\safe exe\asn1_stable_parse_test.exe,3b12c6e58588ed0eb6a967769177425be8105cfa0f232301f9ec8172714db988,31232,MALWARE,0.778421569140996,UNSIGNED,
F:\safe exe\brotli_4AEF6257.exe,4aef6257394e4717462fb9fd1a96de5555da7c498acdaa145d7e6db3821af36f,31232,MALWARE,0.7456672921962993,UNSIGNED,
F:\safe exe\brotli_5CCFFA3F.exe,5ccffa3f77f090eda474c80e562620f75ab06ffa2f6ba008fcc02af322f4c862,31232,MALWARE,0.8460907823126893,UNSIGNED,
F:\safe exe\caspol_5AE11C27.exe,5ae11c27b88745e9aaa7d383849afafb9b1701fe9ed011f2d165ae9e7df4fec9,31232,MALWARE,0.8641802763234162,UNSIGNED,
F:\safe exe\gsettings_30FB237C.exe,30fb237c49d20af5e46ec4dea7d498aa362659b968f4b19bcef62a6b670ec391,31232,MALWARE,0.8162215624165364,UNSIGNED,
F:\safe exe\h5watch-shared.exe,4acf38948341ffab1f15951e28d0b3e9ced6d8c8e537a7957261f98238adf892,31232,MALWARE,0.9461940780173568,UNSIGNED,
F:\safe exe\kfwcpcc.exe,e9c3ed1270d75407f7740b1abd6103ca9dd52a52ef3238f63f61eb49faa79669,31232,MALWARE,0.5162627335702562,UNSIGNED,
F:\safe exe\kfwcpcc_FA4658E1.exe,fa4658e153f4a0f22471e882bc8f890f52137f1d295f3a4225e0a6d4025660f4,31232,MALWARE,0.6757086593657585,UNSIGNED,
F:\safe exe\nodefltctxtest.exe,da477dc937162640461e550bc65c2a29b85e3bdf41933c95125235c4d19f2078,31232,MALWARE,0.7313889286260857,UNSIGNED,
F:\safe exe\pbelutest.exe,3e2ab8e36480e4f5fb3ec13988185e5652269d69cd5e799b34241103f485f474,31232,MALWARE,0.8283219921689494,UNSIGNED,
F:\safe exe\ssl_cert_table_internal_test.exe,a0334b90b4406a8d3b9cba706bdf712bf08ba406de31b9e716f16040299f3ce6,31232,MALWARE,0.8744394277084852,UNSIGNED,
F:\safe exe\sysdefaulttest.exe,1c54b710ef2a27e842345d71c8ee4022183152d650eb8c62bfe268fd86aebbb6,31232,MALWARE,0.8603745367139292,UNSIGNED,
F:\safe exe\threadstest_fips.exe,d825d9e55472bf1bef531cbdb2fb7f9c70904dbd4741f735e794c023fc957418,31232,MALWARE,0.8376820312952582,UNSIGNED,
F:\safe exe\fc-cat_1CE0A372.exe,1ce0a372b4071487de10442e5d72cf5b28c4ab57da1b3088fb1f3e408bfa834a,31607,MALWARE,0.8800569634900246,UNSIGNED,
F:\safe exe\asn1_string_table_test.exe,a9a6a69b7120991766defd9c2634fa88b03944b4a73656da88bf0b2cf27ce1c1,31744,MALWARE,0.8087855154958893,UNSIGNED,
F:\safe exe\gmdifftest.exe,d335bea1d3f4753ebaba57c15f34daf10441cc8ac7f74b7af8f85064a00d4293,31744,MALWARE,0.7737089542409739,UNSIGNED,
F:\safe exe\qmltime.exe,628949e367e2021eef3c7f3254a417681fd36ec37865fceccd8f10edb18519ec,31744,MALWARE,0.5951668828720114,UNSIGNED,
F:\safe exe\strtoultest.exe,c8ee74cf13aad7f6c80b45e1be87b8a77c87b20f4d3d6a98f88f88c079ce2e93,31744,MALWARE,0.8845592311643522,UNSIGNED,
F:\safe exe\pango-querymodules.exe,f74d5db33316874e1bb3c9b26af71e7585a565d300e7953c9213ca816927f789,32203,MALWARE,0.8968692932706286,UNSIGNED,
F:\safe exe\bio_meth_test.exe,3a1cb0735116f52be841ad11421ffbe46130ee505976bb95ab2b218c78df38b6,32256,MALWARE,0.8870184594235866,UNSIGNED,
F:\safe exe\byteorder_test.exe,1ad5b69d7fa4ae9815f2bd8fe72fbe30d65abecc8af4744b582d2d89547489e0,32256,MALWARE,0.9245886585764488,UNSIGNED,
F:\safe exe\context_internal_test.exe,cf793b5d64998c1b155aaf92962f9868583e3ca17e77e644f0ab64a87840fa3f,32256,MALWARE,0.8389417295634605,UNSIGNED,
F:\safe exe\geotifcp.exe,ee3d812ead12dc4403e3a720c807d96fdb6437fba795753d7fd2aac73a364502,32256,MALWARE,0.9701256546654236,UNSIGNED,
F:\safe exe\SFXWiz32-gcc.exe,20125f6408d2f45dec1be6150480647f49c5191c3852584a9a384ff3de1932c1,32256,MALWARE,0.9999861990282806,UNSIGNED,
F:\safe exe\time_offset_test.exe,0f7e025b0b780ee95a3fb0b21f164cf0256d96b8144096b1e4ff94633447316a,32256,MALWARE,0.8887722748260105,UNSIGNED,
F:\safe exe\time_test.exe,91994b08691fa93562c05f02bdd0120e45c2b0a91ccbf576da3bc067174ddb63,32256,MALWARE,0.786214048859097,UNSIGNED,
F:\safe exe\user_property_test.exe,aedbc46421d41e88b2d7818e23ac4d8e47d45bc61df49415ca7a783f005ac058,32256,MALWARE,0.8265413867902184,UNSIGNED,
F:\safe exe\x509_dup_cert_test.exe,af4f52c32ce22c62d41607a64dafac65c3825c1fca11a9fc62f8beffcd1e574b,32256,MALWARE,0.8885343756011529,UNSIGNED,
F:\safe exe\x509_req_test.exe,f59cf8271538598d3f6ecb9ffe50537966a1fa31955d939314cf630eaae9c332,32256,MALWARE,0.9301292766064947,UNSIGNED,
F:\safe exe\gtk-query-immodules-2.0.exe,da3089acc7e44214850d8414bb5c7e05d68b1cf9d1f255b5cb078f721e1027a5,32693,MALWARE,0.8102864008777843,UNSIGNED,
F:\safe exe\gtk-query-immodules-2.0_2684405B.exe,2684405b9ea73a775d8b4d31a1e6a50bf0ad0126f966fa90d2d98fa4930736a9,32693,MALWARE,0.8102864008777843,UNSIGNED,
F:\safe exe\bio_addr_test.exe,9680336222088e6cec0999f4415daffaf298b7fe8df1666d4d5b975b2dc8b2bc,32768,MALWARE,0.717873008213005,UNSIGNED,
F:\safe exe\decoder_propq_test.exe,6bec5581beaa3dd1ebedca3ba0f9cfa68258b2888053efe934574a81a833edea,32768,MALWARE,0.8488228000391058,UNSIGNED,
F:\safe exe\dnssec-cds_32768.exe,54a9cfb6f760ec6396cbabfb44f733d89089ed08d37aa4d149de96239bf5772b,32768,MALWARE,0.7802668281705208,UNSIGNED,
F:\safe exe\escapesrc.exe,f8641b8a31f2d68e21f45b72b7171bc351d67a2ad4f4cd4133f26ea677485d7b,32768,MALWARE,0.9957969751037065,UNSIGNED,
F:\safe exe\genpeimg_32768.exe,49aac52625408fe9ee0f28bad6ebf48780e5686603fe002089cdd335c6220601,32768,MALWARE,0.9134128159814604,UNSIGNED,
F:\safe exe\listpedeps.exe,12e43d05187f06f7337addd49cd84b820a4cd934a6eb5dbeb171597fc9166150,32768,MALWARE,0.9906347879952097,UNSIGNED,
F:\safe exe\localetest.exe,5f9c5c6a8bc740256bda651526dec8a846fff6ff1b6337c0afbbb6cdc7219627,32768,MALWARE,0.8729699335921772,UNSIGNED,
F:\safe exe\lux.exe,05a7ba9f4a1d092c6311b127672402d3a13eb4178cdbe2452e12b074f7dcf6ba,32768,MALWARE,0.4213651217350949,UNSIGNED,
F:\safe exe\makedepend_32768.exe,c15fe72b11c31eaa2febc5a66c1b4cc5effae2ab9ebc0e05ed246e10bc74f554,32768,MALWARE,0.9974424363415398,UNSIGNED,
F:\safe exe\MakeSfxCA.exe,3a2b54682060333565e437035e26968cc6394ed368743104ebbc9f5f2d1b71aa,32768,MALWARE,0.6608721913522589,UNSIGNED,
F:\safe exe\melt_CEFB79BB.exe,cefb79bb12eae99ea21e9a95307aa9e3021fbe373827fbcb9bc96acfb329f150,32768,MALWARE,0.73059242924497,UNSIGNED,
F:\safe exe\mkdir_32768.exe,ec8ac019a5b665373bf050cb3b7eee7bae2120c1d3e61c1f9c6587572a981da2,32768,MALWARE,0.9971824829456368,UNSIGNED,
F:\safe exe\mono-fpm.exe,0174990704ec38f68edeee23876f6cd077366e0423f5ad64563855e73eeb0efc,32768,MALWARE,0.9407827420074163,UNSIGNED,
F:\safe exe\MsgGen.exe,b0acf0d59a741efcbc8be96188b0e391926a2634ae024960f532c4965c2c1337,32768,MALWARE,0.7297314639513006,UNSIGNED,
F:\safe exe\torch.exe,695e0a81bd4c89002261eca16fb41175f800ee97c6e709f9262487ade75dcfb7,32768,MALWARE,0.5259143415040267,UNSIGNED,
F:\safe exe\webpinfo.exe,3606679aec8ae2b8659718b0ee3e11ee288019457beae67d3c8844db20ee249b,32768,MALWARE,0.9735859882308492,UNSIGNED,
F:\safe exe\webpmux.exe,459a63da50914f4c6b0f1cf530d2c3505fe31ae358657b5c303a75fd587534d3,32768,MALWARE,0.9789045615046245,UNSIGNED,
F:\safe exe\x509aux.exe,26456e7a2e26e2a0c8abc9fd5eccd4bd8f7008961a52bc1f355f8c70907dbe9b,32768,MALWARE,0.8829067857208814,UNSIGNED,
F:\safe exe\lupdate-pro_F7313DF6.exe,f7313df6a2b971abdaf5d6934704cddabbd2b1e0059b906b7694bfa4ed4dbb6e,32783,MALWARE,0.5184322643389447,UNSIGNED,
F:\safe exe\asn1_decode_test.exe,e554e770cc333be925bd39c1ff5d5aecfa59dc711a490f1101214b9db0db3829,33280,MALWARE,0.8816223183817599,UNSIGNED,
F:\safe exe\balsam.exe,ec2581af2dd05f5d3709b5f6548910e6af60e2b59b28c1c8e48f5817c2229eac,33280,MALWARE,0.8640256198296202,UNSIGNED,
F:\safe exe\d2i_test.exe,02cfbf0fa96ea7a81c108d2f6f3aba976c891e27e8c58cd10aad7cf5357f2d78,33280,MALWARE,0.7869260657292262,UNSIGNED,
F:\safe exe\idc.exe,d3f54e080b8f3c10ffbd44d06f7a085d52b205a2d68ac03343746eb9920c3905,33280,MALWARE,0.754677000732338,UNSIGNED,
F:\safe exe\invproj.exe,1647f861f4cfa8ea1f3507d97f3e0273c04a72f9d5c252425e2ba28f34412d75,33280,MALWARE,0.7281024475242386,UNSIGNED,
F:\safe exe\libctx_config_test.exe,99527cb0859091a652a0c44f452d0ed4558855ae327ca44d16d979be00081014,33280,MALWARE,0.903660038295571,UNSIGNED,
F:\safe exe\quic_txpim_test.exe,2fe80d629fcb90ca08b0f66cfb220107cb7cf0afca4d41611d22ef29a519658c,33280,MALWARE,0.6933888814900009,UNSIGNED,
F:\safe exe\ssl_ctx_test.exe,24e0f835c4c7925b42fe761e5dbeef443aa78197fff35cbe408dba23a63339da,33280,MALWARE,0.890026006099609,UNSIGNED,
F:\safe exe\tr_33280.exe,6ce74b29611094549d0b939a728062f2252bac1286be742494492e4fff8f0a9b,33280,MALWARE,0.9725756083179373,UNSIGNED,
F:\safe exe\xrdb.exe,696f54cc8099bf6a82181092bb1163ffd2c49ba4778662fbbca17d86c6412338,33280,MALWARE,0.8192458385726551,UNSIGNED,
F:\safe exe\pango-querymodules_B522342E.exe,b522342ea9b250218085d32c93435173397bb8b78b5137d48ee29fd65436d806,33439,MALWARE,0.8412418368292414,UNSIGNED,
F:\safe exe\casttest.exe,5f792b637e0e8f74028865cbf0afae7e25ff769e67c3c388e49ae1521906bdd7,33792,MALWARE,0.8627621170373428,UNSIGNED,
F:\safe exe\elastishadow.exe,4e826ff48f6ad6595392c2c5805b7f4c05d4ff0a2bb4a4922c873298d22b72c3,33792,MALWARE,0.8652466707522374,UNSIGNED,
F:\safe exe\exrheader_28E515D9.exe,28e515d99cdb45dcda44d73917d7e98b6fd81dc930c7f3031dfae59e3c9841dc,33792,MALWARE,0.9190348959917771,UNSIGNED,
F:\safe exe\git-credential-helper-selector_102162E6.exe,102162e6b255e9e0a58236487c78a23628f171e04e6e42c72fbc1788ff768e09,33792,MALWARE,0.5503771914811444,UNSIGNED,
F:\safe exe\hwloc-annotate.exe,6a7736cc93f9452eada625327948e3c638d4cc20f777be17398d1140110b0d97,33792,MALWARE,0.7311202786655446,UNSIGNED,
F:\safe exe\pem_read_depr_test.exe,6e5757a4d8bfa1e5662fa5085a4e4d37c8493bfd6ea96351149b048a19f5154f,33792,MALWARE,0.7340367367537463,UNSIGNED,
F:\safe exe\provfetchtest.exe,82ca437ba6e5db44a98b92d28e24a916a8bfb24d406e0359328da37738e1f2ab,33792,MALWARE,0.8263217393842857,UNSIGNED,
F:\safe exe\provider_default_search_path_test.exe,3eca9013a762d09c9b1d8ce4dd6959a3a86c3834e8ffb798b2c5053034ff658e,33792,MALWARE,0.9112369175034664,UNSIGNED,
F:\safe exe\provider_fallback_test.exe,f3df9df4af85e32617cf53ab8c46e3fdc7b644e2b97cd2f65bea5347ed17c617,33792,MALWARE,0.9373015808959808,UNSIGNED,
F:\safe exe\prov_config_test.exe,9814a9dda4b45136d8627875475023fd80e8e3fcd48531b5ed906f39395560af,33792,MALWARE,0.8392172631205188,UNSIGNED,
F:\safe exe\rndc.exe,665e8019e5675c4b9bf01e925f2d1ad9969de466581ce08919fa0769c690f07c,33792,MALWARE,0.5403393050245141,UNSIGNED,
F:\safe exe\trace_api_test.exe,efcd54cfde3a8d115a3b373d4e5da0837650adb7bbc88122b4b23a14b3f0d624,33792,MALWARE,0.8659469880956535,UNSIGNED,
F:\safe exe\upcallstest.exe,f243ed03649716569376bda65a3ee9680f7c7524e4fe5b9bfe622994264eb990,33792,MALWARE,0.9136208720223375,UNSIGNED,
F:\safe exe\WallaceSrc.exe,168a175ccf74e80899d2519bbe6e1ae8b0fa2489af70e8cc0720afab1ad8b0ab,33792,MALWARE,0.9955732983184528,UNSIGNED,
F:\safe exe\WallaceVersion2.exe,94510664e6578bec7391d6023af414e2d2d8c4ff58ed3f618dd549ff648015cf,33792,MALWARE,0.9745003020009615,UNSIGNED,
F:\safe exe\x509_acert_test.exe,ef757449a568be922d65c04f0eb8eef1de33a7303bb7df284cba5593fe80281e,33792,MALWARE,0.8526946271041163,UNSIGNED,
F:\safe exe\gdk-pixbuf-query-loaders_58D880F0.exe,58d880f065930a7a90ffb3a2cd964ab3b02c9a858fe5da880e152a2e1e9bc956,33941,MALWARE,0.7235146871185755,UNSIGNED,
F:\safe exe\bio_eof_test.exe,2b8ce70d58c12110c8843880af4814a235beb338df3717c1132c569687876c7d,34304,MALWARE,0.8433388993689042,UNSIGNED,
F:\safe exe\defltfips_test.exe,3badc7caaa4aee257e4fa818cea40f5f9c7eaaa3a765c4eddb54fd49615c07ba,34304,MALWARE,0.8958417062794283,UNSIGNED,
F:\safe exe\fips_version_test.exe,d9820e7d59e500fea5d309a2b064569ed9cd2513b81798e2e6824b999ab58eef,34304,MALWARE,0.8011626919806174,UNSIGNED,
F:\safe exe\mdc2test.exe,577ec9bc078c8257bd774407ff852cf3ccccf75960d40ccd1e8f6960cba71671,34304,MALWARE,0.915867972289447,UNSIGNED,
F:\safe exe\opencv_version_win32.exe,ededb9077c5e4c8ecf35abc399749e873b451b81274178a8ab99de4212fa53cb,34304,MALWARE,0.9803628477476621,UNSIGNED,
F:\safe exe\qvkgen_C8E246FA.exe,c8e246fab4c3de6869698bd8c655c68044e0a60c5ecd9a37cf218fe6ea112936,34304,MALWARE,0.9403016994863843,UNSIGNED,
F:\safe exe\rbox.exe,5aa8f7186dc06f58f9b963eba7b8fc39edb10596a1ec6fe7ff8bc5239593eda4,34304,MALWARE,0.9945370877673402,UNSIGNED,
F:\safe exe\rebasegui.exe,0bbbd7b4640421b870bbcf496b7bc7eea81bbf103484c7ec73ac4f4252ca72e1,34304,MALWARE,0.9953530615217342,UNSIGNED,
F:\safe exe\secmemtest.exe,83aba1ccaaa8d6d0a3d060cc8a9e7849c219659b80229d087f004292d2488c07,34304,MALWARE,0.9295918865939595,UNSIGNED,
F:\safe exe\sha_test.exe,9f69a27b34d2af646af3b40ad38e7a640dbe33d41c65fe3dc8dba92ee07ac95c,34304,MALWARE,0.8838524672193963,UNSIGNED,
F:\safe exe\x509_check_cert_pkey_test.exe,ec7c3c6e462c8d73c7848f8f6ca41580e7c05466cf9b99107a1483adae147325,34304,MALWARE,0.929252440322009,UNSIGNED,
F:\safe exe\gst-hotdoc-plugins-scanner.exe,5b0320c462494a10a2105659885124428a7018b58e208cb8522a90b9238311f3,34816,MALWARE,0.9773078934386533,UNSIGNED,
F:\safe exe\gst-launch-1.0_82139052.exe,821390522959cbb5c436b03a6a3f876ec9c36515629d237374e0d571489b6ce9,34816,MALWARE,0.6832413082581057,UNSIGNED,
F:\safe exe\jabswitch_F4E77E5E.exe,f4e77e5eb1886ab3383884498f9b8c293d99b7a8c56fb208c8fa2060767a086e,34816,MALWARE,0.4020260175099565,UNSIGNED,
F:\safe exe\list_test.exe,69e6724c4d5e0ff576410d014df9df6582c4d6758941df6b49d89c78765b4969,34816,MALWARE,0.9378567974368222,UNSIGNED,
F:\safe exe\pbetest.exe,23f7c887ec5baee735fa39a7aa04cdc2ad611078127fb181353405e5260d6a80,34816,MALWARE,0.9210284252037108,UNSIGNED,
F:\safe exe\winutils.exe,810321fa7431873d8daab801dc82107e069fb4046925cf561a0390b76cf8deb5,34816,MALWARE,0.9298109325430309,UNSIGNED,
F:\safe exe\base64_simdutf_test.exe,407cc13f815bf2314f3e966c45ebf3cfe8d9c5fd4856bf2059348b08ea6aca3a,35328,MALWARE,0.9162158158813476,UNSIGNED,
F:\safe exe\bio_core_test.exe,8fdbb8548f8c2fb54628ed61473ce414b61e72ccf05f577a81146d2b210c78ee,35328,MALWARE,0.8603029868308292,UNSIGNED,
F:\safe exe\clienthellotest.exe,a6ea2e2cd8e50c855459f063b0a73cb086796c3658fe931b18f4793fae34e585,35328,MALWARE,0.8346698616923964,UNSIGNED,
F:\safe exe\od_35328.exe,14cd1fcd69c9da2c5f3f8602701627ba1d425c405f094bcab921c95737f886e0,35328,MALWARE,0.9835846789949118,UNSIGNED,
F:\safe exe\pairwise_fail_test.exe,2813d15570a27188362273cd85111e73e3383ea48242bcbd95954fe366b65290,35328,MALWARE,0.9441747952702363,UNSIGNED,
F:\safe exe\pemtest.exe,9172c83ecf35f66df8d6b51ff5a74eb024a467c8cc0d9c9ed27a7118096bbdcf,35328,MALWARE,0.8710544498833578,UNSIGNED,
F:\safe exe\shar.exe,e9d0b0996b6947babd1266c96e0b8213efe00de70850a8bb645f49a63beb5abd,35328,MALWARE,0.9845813476358343,UNSIGNED,
F:\safe exe\tail_35328.exe,ca301cde5b700ef7160cdf1f3acc6710da59958b8613dbe0abd2fd8120dfc0ed,35328,MALWARE,0.991369031578804,UNSIGNED,
F:\safe exe\csslint-0.6.exe,3e85347831a81f32b928697ff0a6a40b46b6f2d2640468fd84fbf78b87a63e69,35586,MALWARE,0.4934380377120333,UNSIGNED,
F:\safe exe\bio_pw_callback_test.exe,d5d43ad115750f8ccfc34cf7189973a3e07bc318c26da1b79c97f12f224862f3,35840,MALWARE,0.6968460313802537,UNSIGNED,
F:\safe exe\bio_readbuffer_test.exe,862ea5102707761f11a380e4a71088fa0cee12063523d2820b7be5eb8eff881e,35840,MALWARE,0.8887291863912493,UNSIGNED,
F:\safe exe\cipherbytes_test.exe,f7049e307012b8722a20831a47d5369c465597d06fc5c032c80b5cb1b93ca635,35840,MALWARE,0.9631493462233096,UNSIGNED,
F:\safe exe\gst-launch-1.0.exe,233cea586d3bdfaba7050e9010a16efd8bd04ea10ad0283a3a9946cfd9df7be1,35840,MALWARE,0.8921108555792595,UNSIGNED,
F:\safe exe\img2webp.exe,70c5705ba184306e7da4331af9a96046da70ea7dccc44a0c94c4488dcb7553e5,35840,MALWARE,0.9770996234166931,UNSIGNED,
F:\safe exe\lupdate-pro.exe,1a22ec2b5150c94810f1583154b1c6f0d98a7467c74550c0e386e04f227fbbf7,35840,MALWARE,0.8587958836107493,UNSIGNED,
F:\safe exe\mqtt5canary.exe,93c2cb5a887943b5c7cc9b8224e44a30d8b85cc1f823ed683699e73a43d7bb5c,35840,MALWARE,0.94338553566127,UNSIGNED,
F:\safe exe\processing-java.exe,c31129bfbd2d6d72bc11e77f18aa43cb30ebcd811e6b2073c26c0b21023a32fc,35840,MALWARE,0.9406757940951345,UNSIGNED,
F:\safe exe\quic_cfq_test.exe,8c790056b8ab6d182f8b45f78c33c417a9aae47d12aded840b46d2eb7c43e512,35840,MALWARE,0.9761590736957473,UNSIGNED,
F:\safe exe\touch_35840.exe,dffffc9bfaa0b41674bbffcf93764f5d04e218a454dc5ab93a830f8ee19722a7,35840,MALWARE,0.9908881509109583,UNSIGNED,
F:\safe exe\base64_36352.exe,a0aba89ebeb995cedff714829cb08cfafc1f8481292702bfa30fc9c5a7bce88f,36352,MALWARE,0.9971890999008661,UNSIGNED,
F:\safe exe\cipherlist_test.exe,661dfd671898445d965e8bf7499c5499ea23b05271632958a350678bf88ee15d,36352,MALWARE,0.9373606218491082,UNSIGNED,
F:\safe exe\dtlsv1listentest.exe,bc6ec786dc265af9acfa27ed1a5c144bca74f6f149baa34ca02fd9fd848da739,36352,MALWARE,0.8478521118670261,UNSIGNED,
F:\safe exe\exdatatest.exe,719be2de4bbeaaa8bb9cb6dc0020c1fe0191330add44648d46f45931e9f4e4d2,36352,MALWARE,0.9334033018085038,UNSIGNED,
F:\safe exe\lrelease-pro.exe,0bb0da3ea7636e6e244903a93841de7a1daa26e9af0b5461269ad6eb1621ed55,36352,MALWARE,0.9021110089352147,UNSIGNED,
F:\safe exe\provider_status_test.exe,7a7469292c3ae9fe9012f702fb49d32451f75c5d4a26b29932480e80ff5a7560,36352,MALWARE,0.8203047793167868,UNSIGNED,
F:\safe exe\uitest.exe,de7ba239ef9a8bd138191107e42bf2f7d2492dfdcf82d209c912ade59563d470,36352,MALWARE,0.9654116728700372,UNSIGNED,
F:\safe exe\cmp_server_test.exe,0acba6947668f670b19549633a2ed52a53fdc1c153d5bdac061af5fcd7f7ecd0,36864,MALWARE,0.8556991794922353,UNSIGNED,
F:\safe exe\dnssec-keygen.exe,8044e80df85660478dc77161612c5b9cee79c16d8ea8cbf4b3e9b2e6465d5888,36864,MALWARE,0.7037128864762653,UNSIGNED,
F:\safe exe\gi-decompile-typelib_EF1A13B1.exe,ef1a13b1017ae3e27dad043b453e2ec8f140f2fb995233f044e7e6ba31d50cee,36864,MALWARE,0.8957961923514013,UNSIGNED,
F:\safe exe\grpc_node_plugin.exe,f0e18358d8290f2f22b4ef12cb57a66938744bafb199642743292b3b6087ef9d,36864,MALWARE,0.9835632448333714,UNSIGNED,
F:\safe exe\light.exe,8ee3d7fa5592511152a4d1fc605780eae1b27ac7b41d75d518c958515de39529,36864,MALWARE,0.49618824061228534,UNSIGNED,
F:\safe exe\ocspapitest.exe,c348ef316bec9b865a7f148bcc5039ec878660f4804aad5431eef9a494766e96,36864,MALWARE,0.8733863887516993,UNSIGNED,
F:\safe exe\opencv_version.exe,da6ca290bbf14a9a5be539045283615ca7c9e9ad0a61da8606373909d9ede103,36864,MALWARE,0.9595739758455978,UNSIGNED,
F:\safe exe\uninstall_A3DF234C.exe,a3df234c142dba1389b3efa0407449c2ef3b0406a363765151b95c53042ac412,36934,MALWARE,0.9990609818836208,UNSIGNED,
F:\safe exe\aesgcmtest.exe,c90af44545abcc383b90301aa8931763f9ec1c383619fca9c29e149cf43fdde1,37376,MALWARE,0.859723884561435,UNSIGNED,
F:\safe exe\conf_include_test.exe,8c83a8722fd60105a820b9e7c118e8133ce06970d292d93f306c052899dd0a16,37376,MALWARE,0.9055352768069345,UNSIGNED,
F:\safe exe\ecstresstest.exe,60126ae953fc65f58b93077b850419867ac2f5b22a94ef01294ae17cf381954c,37376,MALWARE,0.9105661243699766,UNSIGNED,
F:\safe exe\evp_pkey_dparams_test.exe,fd8540becc0598eabb7dab099817bb29f535c2a2281d1a22a64358914d8a9e65,37376,MALWARE,0.8616625037594411,UNSIGNED,
F:\safe exe\GitExtSshAskPass.exe,852833f138f403a36508be7ef2c23d35ea495a1af538431a325e7e70c8559924,37376,MALWARE,0.4442650618045692,UNSIGNED,
F:\safe exe\mconfig.exe,426c6441559d601c54f8c3128febb7e2d8fde84acd4d9d02f999d69d1a2acdaa,37376,MALWARE,0.9409722293921423,UNSIGNED,
F:\safe exe\ossl_store_test.exe,1f1c94ec8348d605daa697f8ca1f784fe3bdc2dcb60aa478d41c6886620c675d,37376,MALWARE,0.9502392044308533,UNSIGNED,
F:\safe exe\pkcs12_api_test.exe,a9bd09460a00409d741768302816d45c8f536c59143888130822dec3d26ac069,37376,MALWARE,0.849146241907794,UNSIGNED,
F:\safe exe\pkey_meth_kdf_test.exe,71d985b8940052a851b5a863590779ddd7ee01f10de4ba5fc9f2d3b56e856242,37376,MALWARE,0.9689691415711139,UNSIGNED,
F:\safe exe\pr_37376.exe,1ceef4647c43719cd61e1628181982132ffea18f0c9a3339e102cd2b7ca67a9d,37376,MALWARE,0.9937468872775608,UNSIGNED,
F:\safe exe\IfAdmin.exe,a153fa562024e81b392af8eba1833a98125b9c1390894e6b9898cf8b71e1da3f,37888,MALWARE,0.9987948340311852,UNSIGNED,
F:\safe exe\membio_test.exe,a7bdeeafe7b7b8f3b23474799eb47359cb60aba6e8530b20bd33b77df203e636,37888,MALWARE,0.9266367978083385,UNSIGNED,
F:\safe exe\asn1_string_test.exe,8573cdf002f064a918f999b96806741c4b8486cd2ed32fee22fb45ebf192e987,38400,MALWARE,0.907963979038854,UNSIGNED,
F:\safe exe\constant_time_test.exe,cd740fc33eda730b9fd119dc002c06f15f854da8964a24b8851e52b9489ec8f4,38400,MALWARE,0.9391491560470862,UNSIGNED,
F:\safe exe\gsort.exe,f821393d4226effa4ed508e9d0b5c9c3d601f493817b8bba3871e2ea5d18d0e6,38400,MALWARE,0.9880457430969254,UNSIGNED,
F:\safe exe\gst-stats-1.0.exe,fdb3a6c863f051f8e0b6f91e4c1835cac033a535ffe64584963522e759cc1e25,38400,MALWARE,0.9754013294227628,UNSIGNED,
F:\safe exe\gvcolor.exe,cccc2891465c85ece05b19e47f429a9f67d21667001d4637154f49677622a0be,38400,MALWARE,0.9711228797753279,UNSIGNED,
F:\safe exe\gvpack.exe,1597d3e405f825c70b8d590b8b63b0121064e7c9cee7cc0b8d0ef5946de22547,38400,MALWARE,0.9318247152436594,UNSIGNED,
F:\safe exe\h5diff-shared.exe,c81d8ae368c9b5080c90f495872a9b1c4311bd4a901627fa6ebf680c348e7494,38400,MALWARE,0.8957875403825096,UNSIGNED,
F:\safe exe\pkcs7_test.exe,2a62ed9a0a88126fe561a4a691b4dd84101e73fa44569cb1a19473acc3f8baa4,38400,MALWARE,0.9527482645244579,UNSIGNED,
F:\safe exe\quic_srtm_test.exe,3b106a938d7d0dfc8e66e56ffea31b80cc35a1c79d04e33032445e3dea6061df,38400,MALWARE,0.9766846972035939,UNSIGNED,
F:\safe exe\wsdl.exe,5c26975803690ce33e23eb5e35c947f8d7e82e2bf8ce39bffe8fa386995cc1a2,38400,MALWARE,0.9765985281619627,UNSIGNED,
F:\safe exe\alternatives.exe,960ee5acbacb4bbc562ef8d576002ce10bce501c046088271eecde9023fd16ee,38912,MALWARE,0.4379999111775821,UNSIGNED,
F:\safe exe\bftest.exe,c487fa2df7d51755f5f9d14a7163a5e246f5a0083a871c5a6db47b65e735065c,38912,MALWARE,0.9669376614420591,UNSIGNED,
F:\safe exe\dot2gxl_38912.exe,28b3afb7ab25f4db9a1d77f501b2477453d36ded01a310688234654d2b17d68d,38912,MALWARE,0.8403230789776291,UNSIGNED,
F:\safe exe\javaw_6822A207.exe,6822a20723309c3b4a49fd2cb0bc8f38fb772c62430644ba69497509f0c13ef5,38912,MALWARE,0.7568061029723129,UNSIGNED,
F:\safe exe\javaw_9BA84507.exe,9ba845070f81adffb49becdf21e5502fe4c3788d06d4c07a7f4cb5750e795119,38912,MALWARE,0.8280410410087278,UNSIGNED,
F:\safe exe\java_5DA623AE.exe,5da623ae8ceac135e858d609fc6eeb2268d64b5d76283c9960e3fde915d241d6,38912,MALWARE,0.5726990138665888,UNSIGNED,
F:\safe exe\man_38912.exe,d5364c1980c5ed3f064dd6b768fdc40f0edba5620a7cf7361f2812321ab2d734,38912,MALWARE,0.9987159841299768,UNSIGNED,
F:\safe exe\pngout.exe,843f0be42e86680c1663c4ef58eb0677ace15fc29ab23897c83f4b7e5af3ef36,38912,MALWARE,0.9999755375204271,UNSIGNED,
F:\safe exe\sqlsharp.exe,6a3cfd15b051805cb534bc5a68c1a5081f1a5ee044bb39bf195e88ec2c0e5eeb,38912,MALWARE,0.9957568860239965,UNSIGNED,
F:\safe exe\test_cloexec.exe,6b92a72a91024c9b25c31ab76a1d05f8a8f825e945cc8f5d5e6bbcc672353faa,38912,MALWARE,0.9788411586799096,UNSIGNED,
F:\safe exe\pexports.exe,4dd60bf082ed8c7f850ed541a4d557dfd1acb3e935c0ab3cbe476331dd6dfe49,38926,MALWARE,0.9403054585738971,UNSIGNED,
F:\safe exe\fc-cache_E8D17255.exe,e8d172555c15a3970e9bdd2ed72126fdb77ab98474ed381dd0cadae4db12dc88,38954,MALWARE,0.8754338704967475,UNSIGNED,
F:\safe exe\xmlcatalog_12B1231B.exe,12b1231b1fe397de589ded22cbad547f4294e6de423454d746db1a1f96bc4a9f,39104,MALWARE,0.8698373271884516,UNSIGNED,
F:\safe exe\bio_memleak_test.exe,647f27be596d420613f9c1e80db143e92765599599655990725858e62c44b1b8,39424,MALWARE,0.9186493857795892,UNSIGNED,
F:\safe exe\danetest.exe,46760df6a70311a0f98e22ef7e78175e897118d395159c2ff111fb572dcedc8b,39424,MALWARE,0.9447024382117976,UNSIGNED,
F:\safe exe\date_39424.exe,5b399b89ad901437faf4be061dabc2a3f70c6973316a536d4245604bec394b54,39424,MALWARE,0.9776656987616669,UNSIGNED,
F:\safe exe\delv.exe,9e51699d4fce1de86ff73022973333934c2f91bcec33c30df859ea0974e0373b,39424,MALWARE,0.9184050887586417,UNSIGNED,
F:\safe exe\javaw_39424.exe,2d0712d1464e759e5632882fdea7aa53c71fe43030f7b4511c7045a4f1f98b9a,39424,MALWARE,0.5431019721771458,UNSIGNED,
F:\safe exe\javaw_5DB1B28E.exe,5db1b28ed24e92e74d87ea6de6e6670b112e8897ac4f5ab66eb2d6f23701332a,39424,MALWARE,0.5902691067535933,UNSIGNED,
F:\safe exe\priority_queue_test.exe,031d7da303a38583539bfa8ff917270c86844a7d77e6c256166147dc610d4abb,39424,MALWARE,0.8841663410341715,UNSIGNED,
F:\safe exe\ScreenToGif_ECC5BDAD.exe,ecc5bdad74cbb8bf6b007e3f7bf660e3aa1a7505618f28a1d3ac9670a74efd8b,39424,MALWARE,0.6179389995087915,UNSIGNED,
F:\safe exe\stack_test.exe,12d5782c44b72c3a61b8cd354d1cc50757f72038a9b28b49c05acb912f172223,39424,MALWARE,0.965555293049684,UNSIGNED,
F:\safe exe\x509_load_cert_file_test.exe,512caef04e83d5431a4f75692b1ce7f4730a4594a7640e97c532e09708f39fd0,39424,MALWARE,0.9906647815542332,UNSIGNED,
F:\safe exe\rsvg-convert.exe,64647119761b361ad01bc5e024c5aed4df01f0f4bc38bf74537ede796cf35eec,39677,MALWARE,0.9395146270426643,UNSIGNED,
F:\safe exe\engine_stubs_test.exe,e5cfda1d67d06b31676f8f4067c3d8e54da240e20abb9e5311082109a4adfc36,39936,MALWARE,0.975124236631539,UNSIGNED,
F:\safe exe\fusioninventory-agent.exe,2a4225ce1f89f88b5a9b29a8d9dad02603a3833ae2a66c679025910645f2c353,39936,MALWARE,0.8831392009779275,UNSIGNED,
F:\safe exe\glib-compile-resources_6B2D513A.exe,6b2d513aada0d42828d5f2cf997a2e3c7442d726f6393a97febf1e1188843f8f,39936,MALWARE,0.8207558832591506,UNSIGNED,
F:\safe exe\perl_4D61EBE1.exe,4d61ebe19311dbf7b9710ac2c6c402e3cba3e23b63e8b82be88e471343bed52d,39936,MALWARE,0.8831392009779275,UNSIGNED,
F:\safe exe\qgis.v.in8.exe,770ed17b6d1256b3bbfc101aa3b882c952257913df11b08f44559a713adcff56,39936,MALWARE,0.9600669013273181,UNSIGNED,
F:\safe exe\tiffcp.exe,03b7f405283b5b21430ea6b0efebe6326efae0ee7824983bb8f54fbad08a7d38,39936,MALWARE,0.6271573633950319,UNSIGNED,
F:\safe exe\bad_dtls_test.exe,524d83e833c21ea4e61b7f7f7504455516ef30aaa40cbb64aee106e772ee409b,40448,MALWARE,0.9568839107516812,UNSIGNED,
F:\safe exe\bio_base64_test.exe,5dfd817f4531b86e0a0f5b921532355ec38e20615fdde4beb5e41b54ca6be05b,40448,MALWARE,0.9817157934858162,UNSIGNED,
F:\safe exe\grpc_csharp_plugin.exe,2267d89b09dc9645590b5d1b027c1934440d9e6d910580f9d343e3fca1b88f8b,40448,MALWARE,0.9908018381581697,UNSIGNED,
F:\safe exe\hwloc-bind.exe,0fb880d33a6c46ac6b15a333e9e7b429b6215200fb127eb246b9f7f8e2e80ffc,40448,MALWARE,0.6518659787286801,UNSIGNED,
F:\safe exe\igetest.exe,3855dafcce9993196c7404c566ebd20735a217b38ff7f01f6ce5b78347c63900,40448,MALWARE,0.941767470152008,UNSIGNED,
F:\safe exe\safe_math_test.exe,4facd1546d5a10cfd3054657727b5caced8a6759119b59cd22bcc6a0c88be393,40448,MALWARE,0.96086835575711,UNSIGNED,
F:\safe exe\idna_B2209241.exe,b220924158cec59509d4a02556d15f6e7c6a6c7cc9bcd5447c05cb1abc2b6109,40870,MALWARE,0.5050294921926306,UNSIGNED,
F:\safe exe\pip3_75DDEA6F.exe,75ddea6f6276b6691942fbb52f4f9be7fb343c77f6e0e366a385458539517032,40884,MALWARE,0.4480845119141245,UNSIGNED,
F:\safe exe\normalizer_547ADA5C.exe,547ada5caf5f3b48741aef06c0cff0d6801188b60b150f83ae38ab0df004fe1b,40896,MALWARE,0.42891590201949625,UNSIGNED,
F:\safe exe\bio_enc_test.exe,2c06522bc63dd6b0573561eed55806275f7feb1389d861ea1ade6191eb8e620f,40960,MALWARE,0.924600422333085,UNSIGNED,
F:\safe exe\dd_40960.exe,7db0de0a8e816a8a90c911161e1be9ab0f9322a9ec421a2afc618a1857f87a9e,40960,MALWARE,0.9994575387605313,UNSIGNED,
F:\safe exe\gdbus_553D3356.exe,553d335651d09db72e8efd397b8a5a6a469f61f0daa02ef8ea47c4cc9f3511f4,40960,MALWARE,0.914151563877984,UNSIGNED,
F:\safe exe\h5stat-shared.exe,7c03dec005a75be8335d3e00ded0232b355f05d107a603791b8316e2ee5b2498,40960,MALWARE,0.8901574492378006,UNSIGNED,
F:\safe exe\install_40960.exe,c8f70e953c1bfff62864065bb4f67e203d84fa16af8bab92487c8479e51a37e1,40960,MALWARE,0.9974369284168282,UNSIGNED,
F:\safe exe\mod-mono-server4.exe,546b9117a41254767b479495de3e8d8ed19823eb027a19fd87834350b276b8f1,40960,MALWARE,0.9107084598845899,UNSIGNED,
F:\safe exe\opencv_annotation.exe,70e8caaf29d7c9239a1071cf62b9278882930678e1464cb539fc8a62e03f123e,40960,MALWARE,0.9884812312768471,UNSIGNED,
F:\safe exe\quic_rcidm_test.exe,c5a9ca58632a4977a46b45ecd38dc89e60f29b1bc80357b89dee10b8ef23ed22,40960,MALWARE,0.9407409504715355,UNSIGNED,
F:\safe exe\gendef_8AE4D1BD.exe,8ae4d1bd6fc2a128e2218487106bf248e1bb3db99185150a597535f0422c7177,40974,MALWARE,0.9930812631454508,UNSIGNED,
F:\safe exe\svndumpfilter_41064.exe,fc7c08a3eefb63ffd5279cc569e49d0b3acef9fbf32e557f1fcdcf7e23301ed9,41064,MALWARE,0.4295173301728555,UNSIGNED,
F:\safe exe\uninstall_41314.exe,2e1c6df809fb74d2b6af85a5b7a7646612da3d5752dc975615bee6402d24b35c,41314,MALWARE,0.9956061973160497,UNSIGNED,
F:\safe exe\canbusutil.exe,6ac8f5962a652e65b9a88f0a24c01632646afd893ab5c63999e6ddfb1025eaa0,41472,MALWARE,0.9561505475088528,UNSIGNED,
F:\safe exe\evp_fetch_prov_test.exe,b3cf0a5a08dae6466708fedc7db5d41d07c65e97837011bc46dc6dee3d0fdad8,41472,MALWARE,0.9479755227323062,UNSIGNED,
F:\safe exe\fenster.exe,07a7f00a9fdf5865d5c090d87e1f637505830c77c4a97259a3b0c5b7bbf2d4ab,41472,MALWARE,0.7718913800065149,UNSIGNED,
F:\safe exe\provider_test.exe,94aec1313e1335dcef16efb7dfff54a543293349829393a69b9c34a79bb06721,41472,MALWARE,0.9408676357307572,UNSIGNED,
F:\safe exe\xsp4.exe,ce1298088443961487eef492de333a68fadbc72aa4b75799ba94270fd36d834e,41472,MALWARE,0.9584497783747244,UNSIGNED,
F:\safe exe\exrmultiview.exe,41a4a2633bfc1892a065227ad0c65dab0a0918ad81253fe9b7698ca13b0bd795,41984,MALWARE,0.8292613736008643,UNSIGNED,
F:\safe exe\f2py_5EA569F2.exe,5ea569f2b5bc9c273351641a1a3c52821ce2a9370bc8202f0247c793ebd8a618,41984,MALWARE,0.4502445095262921,UNSIGNED,
F:\safe exe\v3nametest.exe,49032e4aea79deaf26746c62680bdfc11a82c7713cb71c51bf83e21684678181,41984,MALWARE,0.9648714341897423,UNSIGNED,
F:\safe exe\xmlwf_6D6D5317.exe,6d6d53173a42aa1237bc5d3d00b851cb571525060115f400f3183746a2d0ce7a,42298,MALWARE,0.9633986880129665,UNSIGNED,
F:\safe exe\copypedeps.exe,a5218c7bd759d1c834e874f4316c6305a09f6361ec7395c98d99e2973b96937b,42496,MALWARE,0.9389752230123223,UNSIGNED,
F:\safe exe\glpsol.exe,246a3fce1be54d9e17b8f77219562101761694acfc94c5c59fe06e13150ae6b6,42496,MALWARE,0.4566229141694681,UNSIGNED,
F:\safe exe\pango-view_7700B639.exe,7700b639d3b89aca7982883e270a0773043bccbbe957e0200a5fa6781c0ba037,42496,MALWARE,0.773410286564411,UNSIGNED,
F:\safe exe\tls13secretstest.exe,1b3b766114ae701599bdab76efe7eddbdb70a367766d1502137c81adc68e2a22,42496,MALWARE,0.8877354248240671,UNSIGNED,
F:\safe exe\cygwin-console-helper_42515.exe,7b1d58ffe9f75668d5284c89f56b34a7d11335a0bf6bf980121ffbdbd42ca78e,42515,MALWARE,0.7590587321124596,UNSIGNED,
F:\safe exe\Uninstall_333BCF32.exe,333bcf320c0cf94119993e0c70712c6a7394ce1d47dfbe07cb9e037d39d078d1,42742,MALWARE,0.9967842029832816,UNSIGNED,
F:\safe exe\Uninstall_DA83FD66.exe,da83fd66adec63e70bbb7534d0063d48e217f27b1cea7575242d3216da7f2ee3,42742,MALWARE,0.996779010120203,UNSIGNED,
F:\safe exe\gsf.exe,7dd103ed519fdc20efffb81b9f4546063bf26ade8373432ba293b3c3c1beee95,42810,MALWARE,0.8413137950695885,UNSIGNED,
F:\safe exe\asn1_encode_test.exe,5489777db5a7e8de571bd861bfd06848be3789c553e25a1d4c589abb383efa8d,43008,MALWARE,0.873526843839242,UNSIGNED,
F:\safe exe\inet_gethost_67F4C12D.exe,67f4c12daea4452c1d44d4fb9ffa399dc8027c5f91dc1336d4279d3d2c001c50,43008,MALWARE,0.9619428607494331,UNSIGNED,
F:\safe exe\opencv_model_diagnostics.exe,ce2eb2fb0d9e9c0b9ce4aa91bcd703855211b8a8821686a11a79314048804e5b,43008,MALWARE,0.908034948145796,UNSIGNED,
F:\safe exe\runcmdu.exe,0f11a3a48159100365948b1667883f3cc35e1d98f9d3e9b1eb36dd53ba251287,43008,MALWARE,0.9642605008858174,UNSIGNED,
F:\safe exe\csharp.exe,85e88c20f01d608dd60ff629ae5572a1beb1cfa6df5501f4b2cccc682be31533,43520,MALWARE,0.9374200144230461,UNSIGNED,
F:\safe exe\cygwin-console-helper_CD542143.exe,cd542143bc449179f999eb446aa71cb3417058c1f433b327f96fd0590730740a,43520,MALWARE,0.7526494521340854,UNSIGNED,
F:\safe exe\epmd_2A68A17E.exe,2a68a17e1a85496bf6be49aca2d3dcebc81ba88f7a7aa2f616a1e62b104df4e3,43520,MALWARE,0.741255687712595,UNSIGNED,
F:\safe exe\gst-play-1.0_18319DE4.exe,18319de4174d8bde558af11a89c728d91e136882ff10de3ccd89a12c56472bb0,43520,MALWARE,0.6342071802189254,UNSIGNED,
F:\safe exe\mdbrebase.exe,1e5b37949453e22d469f083b8159f10af95cfbbf16ca9435f33145948d624a2c,43520,MALWARE,0.9256053397535217,UNSIGNED,
F:\safe exe\pkgdata_96346D43.exe,96346d43eb1ca6dc43a081d5efb100150d69fce7dea858f615490a0026c5b267,43520,MALWARE,0.8016361736183112,UNSIGNED,
F:\safe exe\quic_cc_test.exe,474468ad7e83e9af55d21dae08454bffd9939a66f029184ea26a8b32955f42db,43520,MALWARE,0.5696123642846046,UNSIGNED,
F:\safe exe\dtls_mtu_test.exe,1c265ea39f8471c391a5c33fde71ee3cd32c80554b3d64e0c3f07c2617598b56,44032,MALWARE,0.9196424666003286,UNSIGNED,
F:\safe exe\errtest.exe,e8fa54fe763077b9d0f43dd1e8726eff39d06f0cde26da4dc9dea207a4c165c3,44032,MALWARE,0.9294395936187523,UNSIGNED,
F:\safe exe\es.exe,d6e40b993e819fef57fe3c2975a89a9a979fc99668a96dd72d299152ad783ee3,44032,MALWARE,0.9988667342646343,UNSIGNED,
F:\safe exe\fatalerrtest.exe,f3c18b229f476c6c4ac70932a4ac5d3e67a4bdf1e6b66ba50563c4e8b5ec5ed1,44032,MALWARE,0.9019904718501697,UNSIGNED,
F:\safe exe\gdbus_CCB14FED.exe,ccb14fedb5b0ba3f99bfa41ce2f06938974ebea633a4b869e602db636d7bcbb4,44032,MALWARE,0.7566350828804923,UNSIGNED,
F:\safe exe\gencmn_0B2CA5FF.exe,0b2ca5ff37e31601314574a069dc31b2aaaa4ac90b33befd547188c21f68df5e,44032,MALWARE,0.5973405981167382,UNSIGNED,
F:\safe exe\GeoGebraGeometry.exe,929ba8ec434b173d36d062adad3bb6353211169c69952b90407499cbeff56942,44032,MALWARE,0.9953368247437473,UNSIGNED,
F:\safe exe\GeoGebraGraphing.exe,98c46ec2a8323952dc3ae62b60ca2240eb2edb1432add351bd1d20fe757cef89,44032,MALWARE,0.9943334892742027,UNSIGNED,
F:\safe exe\recordlentest.exe,bdb704694949a20e318829f638d4016488415c8b222f4308c57549ee75f4a4e7,44032,MALWARE,0.9413607125405143,UNSIGNED,
F:\safe exe\srptest.exe,6bd968d2aa90f56e84077b5ae14c6a14c69c27cb9ee0b9b681fdf15f1538d164,44032,MALWARE,0.9647538218737103,UNSIGNED,
F:\safe exe\v3ext.exe,7892934f02022fecd5110ede4aee8c755f2442dcd2b9350ea2385a45b2e4a9ed,44032,MALWARE,0.909029424651178,UNSIGNED,
F:\safe exe\wtssendmsg.exe,1f2a22ac635b41c25f6559d8714103857aea24c92a7c149af9f832961528c786,44032,MALWARE,0.9699110270541912,UNSIGNED,
F:\safe exe\cmsapitest.exe,251abe0c0968a4c943f081c78d23bbd1ffbde8d34c586e664855073507599904,44544,MALWARE,0.7816730191484145,UNSIGNED,
F:\safe exe\ct_test.exe,f092b0d17101c4cb3b70de291958d8f79dbb0fa5a49d9e7c812d7f316c2f2103,44544,MALWARE,0.9751357493256481,UNSIGNED,
F:\safe exe\gst-play-1.0.exe,a60a444787ee0b956913d6230c84d59725d0a935671f3c7755838273f6847c94,44544,MALWARE,0.9023786035283111,UNSIGNED,
F:\safe exe\Regshot-x64-ANSI_F6801D59.exe,f6801d59b64de9478a82459bc419e3d482d344a8ae8a076ba1f67d57b1a1cced,44544,MALWARE,0.5808171175552291,UNSIGNED,
F:\safe exe\Regshot-x86-ANSI.exe,c2d70be0d0a6715990ac07429132095f6dbc338d0702ced989653bf34c32ae8f,44544,MALWARE,0.5808171175552291,UNSIGNED,
F:\safe exe\x509_time_test.exe,e39c7c8d83a0936d1b5c7b50e2ab6ba4c10492cf68a9c58719035096312e2649,44544,MALWARE,0.8388308007399657,UNSIGNED,
F:\safe exe\evp_xof_test.exe,2113d82750149eb4d4f2a12a0168e0d5f0b8b1e9a46defeee74d293342689db3,45056,MALWARE,0.8598441746121147,UNSIGNED,
F:\safe exe\genccode_341290F0.exe,341290f07a46af632b7f710dd64c48970db8d1a91b91907dbbfe03d0b4f2c1fb,45056,MALWARE,0.5595547662864944,UNSIGNED,
F:\safe exe\gencfu_A9995775.exe,a99957758fdd65f78c3dd462bd8bd37443a0d5bf959125e0a42a2e0c3026ff1b,45056,MALWARE,0.9538631566682464,UNSIGNED,
F:\safe exe\gml2gv_45056.exe,76cda89ddae7c46fc840b2673cb3d5022d22df9922f2d5cd8961b8eb9d0c9fa0,45056,MALWARE,0.9218566415645729,UNSIGNED,
F:\safe exe\Regshot-x64-Unicode.exe,982978550b131862f47d4b599b820f519c1ab7e5405434875f95e21c22ffc190,45056,MALWARE,0.5652762843255398,UNSIGNED,
F:\safe exe\Regshot-x86-Unicode_672C457F.exe,672c457f475b3c0c24b5019ecf237eae4b3a5b17f783cec03c3efb242757dd84,45056,MALWARE,0.5652762843255398,UNSIGNED,
F:\safe exe\XsdGen.exe,bd50658804d02a3b05e35a2a747d381f668c1fa822aabb3227b4afc9b0b8d31a,45056,MALWARE,0.8866814874885162,UNSIGNED,
F:\safe exe\xwininfo.exe,52d1fda50e257250961afe305589609bd1ed089d859ebed8ad43dd42bc1ff11f,45056,MALWARE,0.9575748427260358,UNSIGNED,
F:\safe exe\xargs_45124.exe,905ea28721c8d464cc5b93e05ffc58bd39dfb408d7fe35ed0bd7790f34125fe5,45124,MALWARE,0.9980148482812305,UNSIGNED,
F:\safe exe\bio_callback_test.exe,1399adfaf4eb0aebd80b3058598a6b57b78b0304e6c7bbd96c892012aa05de8b,45568,MALWARE,0.9573080112654401,UNSIGNED,
F:\safe exe\drbgtest.exe,ba34d615e77d2637f09515ecc9c2e20a498a20824e9a46437d207c5acf227347,45568,MALWARE,0.9836536428525763,UNSIGNED,
F:\safe exe\exptest.exe,96c60d76bad823198d66e253587ea2600dd50ae7ccbd3557dff0714805b81e5b,45568,MALWARE,0.8717023088643735,UNSIGNED,
F:\safe exe\ganttproject.exe,3115b3bea1a25f2dfd23e882cb1c8ecd9bffd9fdb03594f42b3d487105491c11,45568,MALWARE,0.9992426742667998,UNSIGNED,
F:\safe exe\octave-launch-firsttime.exe,6aac038f9c0861d8a43ed5d9e54e890073c3763bc421e9914372d681f60e1e24,45568,MALWARE,0.9411815274831916,UNSIGNED,
F:\safe exe\octave-launch.exe,48148b00903ebdb691d92ae4c2bde481d26611ac274435c4eef16977306e0947,45568,MALWARE,0.5393590539615202,UNSIGNED,
F:\safe exe\x509_test.exe,553ad491839e2515b8bc7f8b0f2c471b2a1799120aa91946aa9113fb7a6614cb,45568,MALWARE,0.9063149118785141,UNSIGNED,
F:\safe exe\ClassInitGenerator.exe,2f579c5a1dbb152ee237386740ef56b52037163ad767b265a1e6930ec501425b,46080,MALWARE,0.8615460127042998,UNSIGNED,
F:\safe exe\evp_skey_test.exe,4cbbffbd10ea3a1e20319f454b827017a9311fc57fdf84dbbde7b912b09f7d26,46080,MALWARE,0.8199503202062075,UNSIGNED,
F:\safe exe\GeoGebraCAS.exe,fb5489cc2e22b154e337c679409e0b05e59ce861d9f0f4962b4c64fe30ecc93c,46080,MALWARE,0.983889383047147,UNSIGNED,
F:\safe exe\geotifcp_3788FC3F.exe,3788fc3f3004e15cd38a73c1a2c067ba4e583bae4f4611302e511ccbf0851085,46080,MALWARE,0.8983135267306641,UNSIGNED,
F:\safe exe\gie.exe,63a3154a31ae6b14958e53c08a1b08dbbe85f6034235489ca0cf78486896510d,46080,MALWARE,0.59175506458706,UNSIGNED,
F:\safe exe\glib-compile-schemas_19FF2BEE.exe,19ff2bee47e35b3aa76bd594a2d1e0f7be215b38140f8a476cc57fd0d1d3bf58,46080,MALWARE,0.8072703001488453,UNSIGNED,
F:\safe exe\tls13ticket_test.exe,c27249c37d201a1753e4878eb8738616d37a11a58a90a2a1bfb0159f3d443bf9,46080,MALWARE,0.9405306281456493,UNSIGNED,
F:\safe exe\lc.exe,9e86e6ba460b5c26d2a2cb4fe6111a995bfa951830eb54c0f7441e2aec0db3d0,46592,MALWARE,0.9509749686584114,UNSIGNED,
F:\safe exe\mono-shlib-cop.exe,b3030dd2aad69ee52606e45f8b86e1abaf790f7e73125937ed9eca44bf1b9829,46592,MALWARE,0.9491219212661525,UNSIGNED,
F:\safe exe\odbcserver.exe,5c1a5f9b367ea7f93f561be413af9588696ade73c0136f26da5ca13ed883d76e,46592,MALWARE,0.9322664685525569,UNSIGNED,
F:\safe exe\sslcorrupttest.exe,b9c7dec0c7380dfb9c52ff4fb47d0651f954ab26dff0014890f22ca3241da311,46592,MALWARE,0.9232770923157396,UNSIGNED,
F:\safe exe\xauth.exe,6e2a463edaa765b082cbd2bd7b8eb6a8c6779d89abe2dfa825e650ee5b6adae4,46592,MALWARE,0.9047572877389825,UNSIGNED,
F:\safe exe\cccheck.exe,bd956af145735924c9e489c371f79cdb7caf6902fb7487c75d4d7e0112319047,47104,MALWARE,0.9502311755790878,UNSIGNED,
F:\safe exe\genbrk_6B7C1D30.exe,6b7c1d30c089be7f06362ffdbb98b59781e8cbc1c0d5ed2dfbeb3d18b60a83be,47104,MALWARE,0.9431086186020009,UNSIGNED,
F:\safe exe\gdbus_F132BFB0.exe,f132bfb0610fb8810e79b46a2e7c1218190514843cb11e65a6ab49cad43c9242,47616,MALWARE,0.7837510660649989,UNSIGNED,
F:\safe exe\gencfu_A0CB5B22.exe,a0cb5b228548b55be733e992ce84dbe67142bfd506ec624fe9f5e16feda7c3e7,47616,MALWARE,0.459758124865177,UNSIGNED,
F:\safe exe\helper_D8D16D7C.exe,d8d16d7c534e1b375c715ea7d45a9508c8254b3aa837319fa46c83aa268eada2,47616,MALWARE,0.42651352575883045,UNSIGNED,
F:\safe exe\hwloc-calc.exe,24a797e242343885eca6d7539fc08551b8e5e5fb9fd60d930616a3ef3f9e0c8a,47616,MALWARE,0.8297009801018702,UNSIGNED,
F:\safe exe\test-qtwebkit.exe,d2f09090d1b1df9337d97f44236d809ccd9abe668a3cbd0b5ff600bc9a714382,47616,MALWARE,0.9800030713380772,UNSIGNED,
F:\safe exe\gpgme-w32spawn_64D40770.exe,64d40770a72aa8738a544f57509ca8d72c23782d5c78b032c70b9aa28f11c344,47630,MALWARE,0.9976395064729247,UNSIGNED,
F:\safe exe\uninst_8FBBAFEF.exe,8fbbafefff57d514938e1841342d9ffefbc8a1992406e62f73b5ee056a3fbd71,47781,MALWARE,0.9993337945548443,UNSIGNED,
F:\safe exe\asynciotest.exe,d8b73e0b86bf1cc303bb7902bff207bc582fe5ce5dc004284efdae7c58aa8ade,48128,MALWARE,0.8583712589257408,UNSIGNED,
F:\safe exe\ccrewrite.exe,9d071ab37c2b1af2546ffbcccc8af1081cade94b429b38d1d99689f6f177eb25,48128,MALWARE,0.9592949500613986,UNSIGNED,
F:\safe exe\exrmakepreview.exe,99654f1d9946d816352478a194c844cdf27a48a23ad93b6cd542d75fd9617be0,48128,MALWARE,0.651828941660643,UNSIGNED,
F:\safe exe\getprocaddr64_556342E5.exe,556342e5bf116629d9f2bf83c582487eebaf1ee4926a2dd1f913fb38b0631bd3,48128,MALWARE,0.6761712229645058,UNSIGNED,
F:\safe exe\glib-compile-resources_224C97EF.exe,224c97efcb91bd8be18be7f8a36e79fd1219617e0ceb6d27445e0f3848e9981d,48128,MALWARE,0.41424080617893455,UNSIGNED,
F:\safe exe\w64_DA1590DB.exe,da1590db0bc5e62f08fe314d82d77e12134ebad294710f6489e1ae285f02c4b9,48128,MALWARE,0.9020090256834019,UNSIGNED,
F:\safe exe\glib-genmarshal.exe,f51a032d84a41da30768c5708e3953bf02343b25fe767ce59f59e512389707dd,48328,MALWARE,0.6797048870241172,UNSIGNED,
F:\safe exe\aprofutil.exe,d67b2a61309d422884f74546bfd6eb3dd74623bff6ccf6897560f02594aa5109,48640,MALWARE,0.9841622366070218,UNSIGNED,
F:\safe exe\cwebp.exe,3789abc8e65996dd4692c0a77741adf1b6ff502ff50fd2eb95c203a0f9792c2f,48640,MALWARE,0.9362458476905768,UNSIGNED,
F:\safe exe\makeconv_D0D73D2A.exe,d0d73d2a0a900435dd77c57a1cc64149b272e8b80f4fd4eb3a15f216582adace,48640,MALWARE,0.9331568697132275,UNSIGNED,
F:\safe exe\mdig_48640.exe,df96c9ac8157b9bd215d98a37c74bc3c910c862e39145baa79f0443d351d946b,48640,MALWARE,0.9703673883513908,UNSIGNED,
F:\safe exe\quic_fc_test.exe,4fb381b8a8bab690a158758ea9708d1f41396fbc12f7bc4b7543585f5622273e,48640,MALWARE,0.8778079719089004,UNSIGNED,
F:\safe exe\sslbuffertest.exe,b9acbbe3da77bbacf68009b4328c7dfd0cf5f5f449e85e56cce31e3994d921ff,48640,MALWARE,0.8640227196895975,UNSIGNED,
F:\safe exe\wabread.exe,d3423fb3d3f9c72456683f95b8b580c13ea2f6f2afa8786b96c0594394b4c9ef,48640,MALWARE,0.993076359669337,UNSIGNED,
F:\safe exe\elfedit_FA8C3AEA.exe,fa8c3aea320c4024a618bebec8faa901895e9531c33838a2b9b14318d51217d1,48654,MALWARE,0.9836650153970553,UNSIGNED,
F:\safe exe\MUnInstaller.exe,663865fb737e9ed8fb8401f7d15c228d0d9fcadfbca1ec258e84f0f4273eefcb,48676,MALWARE,0.9994020512601839,UNSIGNED,
F:\safe exe\FcContextMenu64_4040FE20.exe,4040fe200ec854902a0591d050040a8794fd42a5a9d1b8966c7fee436920a5f4,49152,MALWARE,0.9935038132840143,UNSIGNED,
F:\safe exe\gunzip_49152.exe,c8f277e4e6445477883465c1c134a27b738b2c50875bcc70365d62816722f21c,49152,MALWARE,0.9907833380633961,UNSIGNED,
F:\safe exe\jwhois_49152.exe,a00ca2c69f1f3012c2ae3e4fed5aa7ec6b0d44443e19c4531420be0959e10f02,49152,MALWARE,0.9860104098773611,UNSIGNED,
F:\safe exe\mem_alloc_test.exe,dcd57e674964ae912b04f3c12b67e35e01ccaac93cc6de70da1268810ceabb44,49152,MALWARE,0.8379604135205744,UNSIGNED,
F:\safe exe\qmlcachegen.exe,f1b7be69c580758bbfba1e6325a2086d7f82ff2ca8c17f6955e6bdf6e64e4155,49152,MALWARE,0.8733547083456499,UNSIGNED,
F:\safe exe\sed_49152.exe,21a9d5eee6ca1b6d3aa1fc64b3b53d0846edf8a698ad7924d1321857f708001f,49152,MALWARE,0.9874899595475131,UNSIGNED,
F:\safe exe\shine.exe,57cb59e5ae306ef04b2fb975063300d0dd83cf80583cfbf3ce69bc518501f681,49152,MALWARE,0.8619353114193766,UNSIGNED,
F:\safe exe\xxmklink.exe,be6c2df232dce103bc8384474eb7a6478cfb12c3c6d764e5c0d10789c6c0e9f8,49152,MALWARE,0.9890756339193628,UNSIGNED,
F:\safe exe\md5sum_75108C4F.exe,75108c4fe0a987b711c7fcb2db70cc3bb47c080793613b9aa1bd35bfaacd438d,49664,MALWARE,0.9803685403199756,UNSIGNED,
F:\safe exe\servername_test.exe,93cd3e37755e8fe43727cc4ab383665afeeccb75d9d8043963657a4d20989a26,49664,MALWARE,0.8712493646403191,UNSIGNED,
F:\safe exe\tac_49664.exe,0fbc782ebc6aea5030af27a73a39cb92f4be668d3fbef930cea459ca981d11f7,49664,MALWARE,0.9841145327959836,UNSIGNED,
F:\safe exe\tls13ccstest.exe,2668f9606cbfa899c9e311582573db10b1691b41ea2207a17356b24529114dab,49664,MALWARE,0.8299640635896216,UNSIGNED,
F:\safe exe\tree.exe,032f9c34d91f5c6091f5517020b082d496b1964c11cf55daceecf8ee7a1ed306,49664,MALWARE,0.6039898819308326,UNSIGNED,
F:\safe exe\w9xpopen_81E882C3.exe,81e882c3771e038306348f1fd332138d95b0f545f393843122f1635264e81003,49664,MALWARE,0.9920133752470814,UNSIGNED,
F:\safe exe\grpc_php_plugin.exe,48c557066665c09ea497c35066acf80222f63d0048ffce89cca74f4766ea56bc,50176,MALWARE,0.9833914147025302,UNSIGNED,
F:\safe exe\http_test.exe,f42e37d201d438a57b5b9f19b732ef900689b4a745daa9659dd854d5ee2819c7,50176,MALWARE,0.948359877301906,UNSIGNED,
F:\safe exe\gtester-report.exe,651cf192881d8314eb8f7877896c008d00133ddb253d395b250753ecd248ea6f,50688,MALWARE,0.406978919001743,UNSIGNED,
F:\safe exe\jpegtran.exe,1f5e3bb766ee026ee757b5b72130e0b9a25f2f6962e0f14e3340393200dced54,50688,MALWARE,0.8538224217670585,UNSIGNED,
F:\safe exe\pagent_282AA084.exe,282aa0848b35408f8aa3caca0d7185d2c79abf1ec07fec8038893d0d4e16b796,50688,MALWARE,0.9988653336313663,UNSIGNED,
F:\safe exe\qdbus_6D9FEE9A.exe,6d9fee9aa721a24e0d23fc8eba6955fb8449ce693dc5ee4e9a70f18c3e3255d0,50688,MALWARE,0.9645383747422049,UNSIGNED,
F:\safe exe\tiff2ps.exe,f37206d55ad30e90b6d92bc660bf51ed8b9da6991353b341093f62b63d599e78,50688,MALWARE,0.7033678320202195,UNSIGNED,
F:\safe exe\UnInstaller_1F91F620.exe,1f91f620502bd12a14e06934ab7a3320c696fa02407dd56ad7e8e038dfd4b026,50716,MALWARE,0.9994809166044071,UNSIGNED,
F:\safe exe\getprocaddr32_B898FEE6.exe,b898fee6c977f298e8e384c36a9eafdbce30c464ee645e4788b22b286be966d4,51214,MALWARE,0.8706083636968905,UNSIGNED,
F:\safe exe\UnInstaller_6B947A80.exe,6b947a8051c63ba05fd53906b52b5e70fa71eb4edb5ab36f87934839b4bdfe2d,51507,MALWARE,0.999615509789595,UNSIGNED,
F:\safe exe\mem_alloc_custom_fns_test.exe,04ba0dbc3d0c08503dc7f2bf61f1d4be16ea6ea449804906a2474913923166da,51712,MALWARE,0.9075156533810957,UNSIGNED,
F:\safe exe\nl_51712.exe,e88c5f9b28b99b8b4a37b7c1ebbfd625d2848ad0d48b49c6c8e78a62177fa763,51712,MALWARE,0.9872775897828115,UNSIGNED,
F:\safe exe\hdparm.exe,90d0cb4ede22b2d8a75e0c8b887609e2ae9963f9afa84c4dcc91c8ac0d78fc86,52224,MALWARE,0.9876422830930042,UNSIGNED,
F:\safe exe\params_test.exe,83b4c079995786eb99e7c5382707d0aa74ac4d60153321c0596bfff4d0e4ffbe,52224,MALWARE,0.8400000196943289,UNSIGNED,
F:\safe exe\pngfix.exe,1427b40bb70e82490e255a92d7269fcb214af5dc50f83c576e3afe6af85d293d,52224,MALWARE,0.931561469688963,UNSIGNED,
F:\safe exe\scriptlive.exe,bc6cd21ee10ae333ad2da3c4cb7d31f39bc92cdd844d4b122797f301509f23a1,52243,MALWARE,0.42630323303969375,UNSIGNED,
F:\safe exe\taskset.exe,4ab463bdece4b376ce9f3dd1dc9f450fdfe47371c9decb8ab3dc7620716c4c0c,52243,MALWARE,0.46254874797917755,UNSIGNED,
F:\safe exe\UnInstaller_17815E1F.exe,17815e1f1bc6f3e1ebdcd3c68db68c3a97313e8552abd9ed95e82bafe9eb9697,52696,MALWARE,0.9996170840904668,UNSIGNED,
F:\safe exe\bc.exe,4f468cd2f83c074929514f1d8398826867d8fc374817d133dffb3b3f8b65281a,52736,MALWARE,0.9960134468002204,UNSIGNED,
F:\safe exe\bio_dgram_test.exe,332c3987a259194d1261c75e677cde9b2bebfc5a887f44786816cd590e7f3352,52736,MALWARE,0.9709551500565676,UNSIGNED,
F:\safe exe\gensprep_39F0DDE2.exe,39f0dde2a28a0e03d7096e1e5845b600faf81c7926798c4e5d100d9731f478ea,52736,MALWARE,0.44828092389822577,UNSIGNED,
F:\safe exe\hwloc-info.exe,9e8fa8ac1f62efe73bccc1ce33cfc712d3749b2394a7ec91396bd9a83183cb42,52736,MALWARE,0.4163671060327915,UNSIGNED,
F:\safe exe\illinkanalyzer.exe,2226ddbca48360808e89ab06f161557d78463bc915a2fa4780cc541c02e69461,52736,MALWARE,0.939422115358569,UNSIGNED,
F:\safe exe\solvespace_07452FD6.exe,07452fd61263f438c00ee5964a13ee1dc71b7c8a3a8750182be944b741af5487,52736,MALWARE,0.4412101357404978,UNSIGNED,
F:\safe exe\t32bitsrv.exe,fa638650ab1dc4d70c4d0e8a6cf7ff1450b8fb0dfd60694981bcba3c01c3807b,52736,MALWARE,0.9916174465104741,UNSIGNED,
F:\safe exe\tls13groupselection_test.exe,5bf9f8f99361c7270b5a32e4818442f4f70d9216febdbfe5335c5e67e700039b,52736,MALWARE,0.913237819824483,UNSIGNED,
F:\safe exe\ciphername_test.exe,ff7b6322b06f446edd9397bce5904f8f9843a0fa4042f5b939d4623c4d5968b5,53248,MALWARE,0.9716304715808167,UNSIGNED,
F:\safe exe\ClamWin.exe,cf3f26cd319dc1e58eee91c752c02a737849fa6d28dd11f7c297ac72152ece8d,53248,MALWARE,0.999549173141314,UNSIGNED,
F:\safe exe\djpeg.exe,57b36fa56f864ac48bbc916e808eafc9d1baaffe59946cf8026ab2dbc6ef1858,53248,MALWARE,0.7881828181803617,UNSIGNED,
F:\safe exe\icupkg_FB7BE8DF.exe,fb7be8dfa4cd0610dd1073848a85d3bc2c0a531d2b406c002e2b8ca8dd60190d,53248,MALWARE,0.770342958267363,UNSIGNED,
F:\safe exe\OlAddin.exe,bfe07dc258e6f4be488d57691a8268da0b052940cc6d80aa829adf41f64668c7,53248,MALWARE,0.9998049253428715,UNSIGNED,
F:\safe exe\WClose.exe,53c2e8b99e5864b8be1172fcd86275ed978a22537784cc102aaa4af0f315d656,53248,MALWARE,0.9998665126830741,UNSIGNED,
F:\safe exe\glib-compile-resources_58E43C26.exe,58e43c2686b562afaada85c1f8ea1ccc694681c7380a41e1177390ecebd91496,53760,MALWARE,0.8552012894963956,UNSIGNED,
F:\safe exe\headless.exe,28e05e36462a74e5561c45377d417058c2c6a3cf0f27bb0bda1f47ee1763de65,53760,MALWARE,0.8347427505894762,UNSIGNED,
F:\safe exe\TeXTablet.exe,5486a4eedcb7425dd60c14378890e6ec152b3c75d3a82b4a9ec42b2a62360fd7,53760,MALWARE,0.9983875144620655,UNSIGNED,
F:\safe exe\glib-compile-schemas_83413B38.exe,83413b385a02ebfff697426777931b80b08029536406669199459a0ad00be4a8,54272,MALWARE,0.6089764452627964,UNSIGNED,
F:\safe exe\qmljsrootgen.exe,8fc94b0732cce2a1d1883b1aca2130530f831dc68c6077649b39442b108c34f9,54272,MALWARE,0.9007944591560808,UNSIGNED,
F:\safe exe\RabbitMQ.Client.Apigen.exe,f0d5124ac7118876217e2a172fe67dad00bc2ed3784d69a47b52594883dc271a,54272,MALWARE,0.9827794000368392,UNSIGNED,
F:\safe exe\tiffinfo_55349F09.exe,55349f09c97e57ba1dc1f1a1c7526430dcb66ec88eb684123788caaa54ee76cb,54272,MALWARE,0.4370990536865565,UNSIGNED,
F:\safe exe\uninstall_7E6AF382.exe,7e6af382a37223ffc3bfed9331f5a8f9936cef7ad918acd59d76d7f08465e92f,54487,MALWARE,0.9905678036705776,UNSIGNED,
F:\safe exe\derb_4C604F70.exe,4c604f7061bc467638e924cd58ed9eee74cd1a2022c108999e96df04ac63958e,54784,MALWARE,0.9595163092167536,UNSIGNED,
F:\safe exe\nsupdate.exe,834a7263838df8335dc6249747208e5179ee1ab51873796d8b91032db976b37f,54784,MALWARE,0.9149453142934749,UNSIGNED,
F:\safe exe\opencv_visualisation.exe,2b8c13f193700079c193aca79b7d709fc8fa9f57aa09c8b8c45a4534707e9155,54784,MALWARE,0.9927048659814555,UNSIGNED,
F:\safe exe\pixeltool_F8907017.exe,f89070179591bb759aa542cc23cb3dc548982f0511dccc9b39af224f872325b7,54784,MALWARE,0.9966007726269848,UNSIGNED,
F:\safe exe\uconv_F1CB745B.exe,f1cb745bf0d1eac4c5cf92adb230ae5c60ff7a19ed0904f0a73bd79d4aacf50b,54784,MALWARE,0.9867943136239963,UNSIGNED,
F:\safe exe\veyon-worker.exe,e6b27a11505668ffaf2a1019abf1d7120b885d91e8771cf4a8110cb82d61e119,55232,MALWARE,0.6512676497980233,UNTRUSTED,Veyon Solutions
F:\safe exe\gr2fonttest_16389EC3.exe,16389ec37eaffd4b9016542f93aab553185081e547aac7cd8046229ca53c9af1,55296,MALWARE,0.44027400161824454,UNSIGNED,
F:\safe exe\ssl_test_ctx_test.exe,260044e227e1a10adde0caca2901b324d1f6d1935bbf8cc52f9d50208fd8cb3f,55296,MALWARE,0.8206657312527637,UNSIGNED,
F:\safe exe\freebcp.exe,99a5de875a127b191db8912f7597aefccbc5e40d8cc581103671c4ddfb453814,55808,MALWARE,0.9723999675535144,UNSIGNED,
F:\safe exe\h5perf_serial.exe,2ab5b4fa6361949f1cf422c2643b76309a51e19a5b44293b0523c5c97a7e9d52,55808,MALWARE,0.9617040787342097,UNSIGNED,
F:\safe exe\logrotate_19038044.exe,19038044a838f10f1643b3f92ced97ac2f5c90139eb8b39e40692f220c01a49f,55808,MALWARE,0.9867906711247931,UNSIGNED,
F:\safe exe\octave-config.exe,52e14a147a3bbc8bb7b781e80c7a38dd72fecd081907b21f48ab6c7e9d43384b,55808,MALWARE,0.9268637354167913,UNSIGNED,
F:\safe exe\verify_extra_test.exe,a83441ff160396cebaee0ae0cb3b277d29d3629fd02fe3d6a2b93223ab11dba7,55808,MALWARE,0.9263669963605281,UNSIGNED,
F:\safe exe\merge_unicharsets.exe,24a7e64cfd8d7decc79754cb894380ba778c376b86da6bdc9b4ec5956ca9c963,55944,MALWARE,0.9945801997077964,UNTRUSTED,Universität Mannheim
F:\safe exe\makeconv_92D9BC5D.exe,92d9bc5db1864afa19b7bda3a4d88f30d3b81469ac8311bef54203073d6effc0,56320,MALWARE,0.9125859492309305,UNSIGNED,
F:\safe exe\mono-configuration-crypto.exe,3bc4f0e887a926ddc2244b9ee45cc2fa9e3a0c0ee2834105cb8b77d157b8282f,56320,MALWARE,0.8904841209720633,UNSIGNED,
F:\safe exe\packettest.exe,b5ab884ff8cfdef72a9ee5e22c8f9c85572e3ef469459ca394e880532e3c75d9,56320,MALWARE,0.9592505973272843,UNSIGNED,
F:\safe exe\unzipsfx_2EF439DD.exe,2ef439dde246701dc9e618b4bb2f87412f78afb69337ac67aaa9f7add289a945,56320,MALWARE,0.9999761355217813,UNSIGNED,
F:\safe exe\Uninstall_56727.exe,5fde9d325cfd09b779126e9227002a08463cbede5b08c115a728d3a0bb4f2fb0,56727,MALWARE,0.9990256795114993,UNSIGNED,
F:\safe exe\mozcerts-qt5.exe,e4664329e515a0e361f4bc6b6d8bad05f363df6e8550473b4c8cd90f9b28aa20,56832,MALWARE,0.798628784743319,UNSIGNED,
F:\safe exe\qmlscene_22CB26AA.exe,22cb26aac8398a53c2e3263ac9574331f78abbcd0fcd7a1f7a71389f55c5087d,56832,MALWARE,0.8628225923402726,UNSIGNED,
F:\safe exe\qmlscene_BB2C1601.exe,bb2c160129bc8e59c55d0a890865e0f9eeba16b931b995f8ba8d869711fb2282,56832,MALWARE,0.948372272099148,UNSIGNED,
F:\safe exe\uninstall_4EA098C6.exe,4ea098c602b6bf69f3d81c969671b8ddaf92394e0d17ded77a03d8609969bad0,57324,MALWARE,0.9826849436346045,UNSIGNED,
F:\safe exe\cmp_AE1E0741.exe,ae1e0741de0f463bfaf8c4aaaa7e39af6ca9ba7a24678fb71db9c7dd8941e909,57344,MALWARE,0.9575681154302708,UNSIGNED,
F:\safe exe\funzip_57344.exe,6767e43f69f24561bb5bd783e1fbd26d80d617c65ce6c1cf7866adc0d01a8299,57344,MALWARE,0.9995959498826545,UNSIGNED,
F:\safe exe\gendict_4E6721ED.exe,4e6721ed431d479764084271882bc5f40b3c0320e845f29fccf12857ce63f5fa,57344,MALWARE,0.9238523128507443,UNSIGNED,
F:\safe exe\Shortcut.exe,74cd07ef186d995ad75a0c2a153d1dd6f7b563987f5aa0fefef0a095708c02dd,57344,MALWARE,0.9715093783392308,UNSIGNED,
F:\safe exe\Uninstall_4E8F495A.exe,4e8f495ad88f7c618313adac98c86a29002e1fcbb6d15974b59ae7b3a8ce55a5,57352,MALWARE,0.9943267281762025,UNSIGNED,
F:\safe exe\bsqlodbc.exe,5b51ccf4111a404f2a8a87f4506bcf2dcd56ffdbfd34bd295bd9c563e0a4870e,57856,MALWARE,0.9623322205922982,UNSIGNED,
F:\safe exe\gst-inspect-1.0_BC11A926.exe,bc11a92617faa7d30275011b8951ca3955d1d4aa84ea74baf57b0f5b0955fa36,57856,MALWARE,0.8324677569911688,UNSIGNED,
F:\safe exe\ls_57856.exe,4c81921b72ca4c8c747ec65a6541289fb97436df807fa080f9debe7502e7d89a,57856,MALWARE,0.990329117804361,UNSIGNED,
F:\safe exe\Pythonwin_0C981044.exe,0c981044083abfc9d031081ffdceb2691db7cfa04a2fb9e467e6b73ee0a072ad,57856,MALWARE,0.8914109935670856,UNSIGNED,
F:\safe exe\Pythonwin_1DCEE9F3.exe,1dcee9f379962b980b20c969893ebc370bd8a72fe50ea222e062fb967e728209,57856,MALWARE,0.8914109935670856,UNSIGNED,
F:\safe exe\Pythonwin_3E41188D.exe,3e41188d6bcd896a9f27619241265bdcb96c98b07e8a300bf0bb2e178b7ac97d,57856,MALWARE,0.8883816450234624,UNSIGNED,
F:\safe exe\SFXWiz32.exe,9b2e9833a4484df0eaf79225e361ffb3dc2322151ea12129b2440814095c6968,57856,MALWARE,0.9999733793505937,UNSIGNED,
F:\safe exe\slh_dsa_test.exe,2890a9f010a133dff1fc646a655f2ef74bfac33202a41b17d0659e66f09d580f,57856,MALWARE,0.8835205760834275,UNSIGNED,
F:\safe exe\xmllint_7E64F8C6.exe,7e64f8c63d0b2bcf35395ce13cdcda1eceb7ee6d5cfae11fc453ae174675d7ca,57856,MALWARE,0.7353207977714584,UNSIGNED,
F:\safe exe\dawg2wordlist.exe,7019dbce72f4c2e4edb54b9e51bb9c013918985c233b01450b241ff9a1e95366,57992,MALWARE,0.9944879696287207,UNTRUSTED,Universität Mannheim
F:\safe exe\exiftool.exe,093749988432b19aa37da42103eaf88692e31f4682f4a3ca20b02f485c094855,58368,MALWARE,0.9798151205113371,UNSIGNED,
F:\safe exe\exiftool_68C079C3.exe,68c079c32fdae0d6c7130e9a5fb73f8ac9dabdf9ab8da312da4f6c549d6d3385,58368,MALWARE,0.9798151205113371,UNSIGNED,
F:\safe exe\exiftool_BE1229BE.exe,be1229be00f83e44f8936cf6d68ad0c562405767f3d8f11ff30ed422f2f86bbe,58368,MALWARE,0.9798151205113371,UNSIGNED,
F:\safe exe\exiftool_EE760751.exe,ee7607510b0f6d294473445d4868e7a676d56c34da89c2b6dfa1cc76f199cf6b,58368,MALWARE,0.9798151205113371,UNSIGNED,
F:\safe exe\logresolve.exe,d568239dcbea2029a30e6119fb21d2e988a400bb51dbef8e7dd0458a890627ec,58368,MALWARE,0.9133433383835419,UNSIGNED,
F:\safe exe\quic_ackm_test.exe,bf61ed2e6ed41665f9bb63f55c50fe75ec106fbc06cb8f720b23b01fed3dbc33,58368,MALWARE,0.9141379590469075,UNSIGNED,
F:\safe exe\wish86t.exe,5db33960e7a6367ad4e892c3c727dfddd7569138ca4fa58709c0075ce9c59fbe,58368,MALWARE,0.8286005942961987,UNSIGNED,
F:\safe exe\uninstall_9A83CAF6.exe,9a83caf64249f826b16b55d9e2f98ab7619ea3195e67cc75a2987368c9911f74,58822,MALWARE,0.9967066997903317,UNSIGNED,
F:\safe exe\gdb_58875.exe,b32dad9e1e54f4b26ba431fc41179d157575cd0ab2a8341e324fea898841acd2,58875,MALWARE,0.8208448555318657,UNSIGNED,
F:\safe exe\cct.exe,5e2aab22713bd5e5d54b65abe5373a5a1a07c70bded6e01d1368e1b7ddeb8d0f,58880,MALWARE,0.9088061584887223,UNSIGNED,
F:\safe exe\cs2cs.exe,897465c160369fa764a7bf89a58902ee9084bb48669dd977e842d284b518bde4,58880,MALWARE,0.8725694358679019,UNSIGNED,
F:\safe exe\datacopy.exe,cf02778a4dd3da05debc39138c752b03e45698053ba6181d2a5fdd0748e8334d,58880,MALWARE,0.9560928671986234,UNSIGNED,
F:\safe exe\dtlstest.exe,d14e1b133655819f2909264027a7fd3a5ec8b3503e5c938ae1e7f2795c14911b,58880,MALWARE,0.9285525192159532,UNSIGNED,
F:\safe exe\indent_58880.exe,2a687fe022909c2abed4782fb25a566ea5395a713ef02c0371f964913c96d4f6,58880,MALWARE,0.8218897595316441,UNSIGNED,
F:\safe exe\Pythonwin.exe,5e23ed50f54a40db5218098b0797ef3dd35f39d2c009b06710a8abaf8e24708f,58880,MALWARE,0.5094450999284957,UNSIGNED,
F:\safe exe\rpktest.exe,f5f54d6a9d249a2d14b707124494143460207c0493abd540c96639c643df6d1d,58880,MALWARE,0.9415561307184884,UNSIGNED,
F:\safe exe\svcutil.exe,b187848499b467eed93ca3f5919c52a54b832279fea3f6f4db0a99ff78508092,58880,MALWARE,0.8400592534539274,UNSIGNED,
F:\safe exe\diff3_D770AC96.exe,d770ac96fa4fabc42a2da04f897febf07c6794e4a6d5e4c1b64f23b039916cf8,59392,MALWARE,0.8697641044259962,UNSIGNED,
F:\safe exe\pkcs12_format_test.exe,72a33f68b8cc6939a45db3d947c19c363b9029c960e8618dc1f8d2a2b322977d,59392,MALWARE,0.9326307684630409,UNSIGNED,
F:\safe exe\x86_64-w64-mingw32-deflatehd.exe,d020f3e8db26d82f14bdb262cb014f655fcc8e136bd8c2f3c2ef9c6622a644d1,59392,MALWARE,0.5826460890122169,UNSIGNED,
F:\safe exe\ambiguous_words.exe,ebc5ba80794c8f706b0cb9c42c000320f4c92ef36544392b62f9284f760e155f,59528,MALWARE,0.9960572699380135,UNTRUSTED,Universität Mannheim
F:\safe exe\asn1_time_test.exe,b9c1af3e6e5cc7ed915fe366bd5db48a35efb76b4b27d5de37ad093dde1879a1,59904,MALWARE,0.431811569438198,UNSIGNED,
F:\safe exe\gst-inspect-1.0.exe,c547f3e42f414f7b848ef718416ae5caa1ba528b920efd8bdd494d04e6050e0b,59904,MALWARE,0.9600342570497293,UNSIGNED,
F:\safe exe\patch_59904.exe,02760b4b347e42f0c7c04a24d2ec3ee34d96ae26876850844b6f4f10f6d8dee0,59904,MALWARE,0.9882717083356604,UNSIGNED,
F:\safe exe\qtdiag.exe,f0f14af0dbade698a6cf2de43def47b41e48a794135c4d9b116645e60752f2d5,59904,MALWARE,0.8954985575245062,UNSIGNED,
F:\safe exe\headless_44ECE2D8.exe,44ece2d8f81c1acbf4c85b45fe89e11875f0e1a0d2ba0c8c8c1a56bf85164268,60416,MALWARE,0.8233737237270599,UNSIGNED,
F:\safe exe\pdb2mdb.exe,b7b080974c682b87ae800723834dc9f6049593af26ebec09da4d0b3987d1e75a,60416,MALWARE,0.9262343320038091,UNSIGNED,
F:\safe exe\defncopy.exe,a8a131072a486ba6af8181244e1d4c5628ee58b58446ed1684570582272986fb,60928,MALWARE,0.9218780989931412,UNSIGNED,
F:\safe exe\SetUserFTA_791DC39F.exe,791dc39f7bd059226364bb05cf5f8e1dd7ccfdaa33a1574f9dc821b2620991c2,60928,MALWARE,0.9467075301906979,UNSIGNED,
F:\safe exe\xmlpatterns.exe,7dad5d151373104eac5876d38bf31e522dfe8b02a0a16c3250aa894dba16e7ce,60928,MALWARE,0.9435660873621915,UNSIGNED,
F:\safe exe\ruby.exe,5888e74b0d0fe15de3a4ef1ea57bfa5b09a3a5acec371399ee67bfd8df666447,60956,MALWARE,0.769032034224806,UNSIGNED,
F:\safe exe\rubyw_D91962B6.exe,d91962b69d24b6db32157329f9efdba15d0315d5896e9ee64db14d1b5551141b,60956,MALWARE,0.9936880611389153,UNSIGNED,
F:\safe exe\gdbus_B55B1D3C.exe,b55b1d3cbf3782f167ae8f1fda107e344d0cfa5dd201bb9ddf09e9ab93df7748,61058,MALWARE,0.4262188403321232,UNSIGNED,
F:\safe exe\qvkgen.exe,68bef1c1d7bbae3c6b62ef3a8f978c683cabe99daf613c4057ae2da07ac10d18,61440,MALWARE,0.8882102601783599,UNSIGNED,
F:\safe exe\wininst-6.0_61440.exe,751941b4e09898c31791efeb5f90fc7367c89831d4a98637ed505e40763e287b,61440,MALWARE,0.955777235871975,UNSIGNED,
F:\safe exe\wininst-6.0_F873C6CB.exe,f873c6cb4b46755042ac25b3003c5582dda36453c3820c36f9920bedb86d9550,61440,MALWARE,0.956694370260398,UNSIGNED,
F:\safe exe\wininst-8.0_61440.exe,e362670f93cdd952335b1a41e5529f184f2022ea4d41817a9781b150b062511c,61440,MALWARE,0.9962578502540356,UNSIGNED,
F:\safe exe\wininst-8.0_AAD25806.exe,aad25806f041b392de22190791e4bfe00237bb1c69d897ca028060cda11b7c2c,61440,MALWARE,0.9946476735950146,UNSIGNED,
F:\safe exe\jaccesswalker_20F76C90.exe,20f76c9020ae1dcd0b5939d37e5dc5d30ad656101324e31145f4dce6b34e68fc,61952,MALWARE,0.45789514396962777,UNSIGNED,
F:\safe exe\pixeltool.exe,4317e077aa947b4f7c5497107ef7c6125e8af4e591b7c9a8780ea64366d2cf92,61952,MALWARE,0.9791797655230212,UNSIGNED,
F:\safe exe\sdiff_E471E406.exe,e471e4063ac7771ab642483b8566d62a611d64dae53cd61782e10088a196a252,61952,MALWARE,0.8688646484429252,UNSIGNED,
F:\safe exe\evp_pkey_dhkem_test.exe,8d6a987614e02d1046b009ce58e4c93afaefb0f13da9d9e3ee179881d54e09ad,62464,MALWARE,0.9840925279965761,UNSIGNED,
F:\safe exe\h5ls-shared.exe,0413b371c9e6545b080f7843d87e5e0d58e93a70eda3190217a9d8654fd9717f,62464,MALWARE,0.9040096647183086,UNSIGNED,
F:\safe exe\rsvg-view.exe,9272101d1bb3f515c05fe55943c3b435e856e7d0b6ce7b557565ae632e8184d7,62522,MALWARE,0.6052661859401266,UNSIGNED,
F:\safe exe\trurl_BDAD0D06.exe,bdad0d06dc1080e6addef63ea2c495f0285d5947682431e3f06a71bcff6bba8f,62568,MALWARE,0.9852306010112248,UNTRUSTED,curl-for-win Code Signing Authority
F:\safe exe\uninst-nsis.exe,47340ad273e4d4e8cd15cc7922b6d992a4bf8baf442d95206f4a89770c68ce2e,62728,MALWARE,0.9955757381555043,UNSIGNED,
F:\safe exe\Uninstall_7E889A54.exe,7e889a54a1cffcc5305d259f90a0fd85b0bdbdf8864e81f9b8c1ad1c0abaefa9,62781,MALWARE,0.9996679684614141,UNSIGNED,
F:\safe exe\provider_pkey_test.exe,52250f1bac0e61f8f83353c5ca9ab584ff98c8c03eb61ba11c7add7000ee1994,62976,MALWARE,0.950144473901682,UNSIGNED,
F:\safe exe\xbuild.exe,b7a20bc9dce030df680945fb49dacb46a08f7a24a0a72345fed8d9d93507870f,62976,MALWARE,0.902455596543731,UNSIGNED,
F:\safe exe\xbuild_88B10343.exe,88b103437e540247f54391f701a5a41d16f2d50a3c8f16ce58812ca933844c71,62976,MALWARE,0.9073767383789776,UNSIGNED,
F:\safe exe\xbuild_A9C58252.exe,a9c582520084280997c988e50e5054efcae4620c592f5ea8a8834aed42849d66,62976,MALWARE,0.8994340944972926,UNSIGNED,
F:\safe exe\dllwrap_BA025F56.exe,ba025f5651db76c2e1950bc3e4b63ac0900c2bbeac0fec699b6c951e2c5f05d1,62990,MALWARE,0.9226732521869851,UNSIGNED,
F:\safe exe\uninstaller_8DDCB12F.exe,8ddcb12f4271065b5bdbca68485d7c28089b48ad40934efa0796062a878a6688,63563,MALWARE,0.9964971903616643,UNSIGNED,
F:\safe exe\elfedit.exe,4e18bcc1c884ee868b1431071e0ca5df9aa24e2c2d05115f5f9d7d7c88378bc4,64000,MALWARE,0.9488014590443736,UNSIGNED,
F:\safe exe\yt-dlp_8CEC6B5E.exe,8cec6b5e1dc3beb7f823865c18421930e40e06a58119ed540aa5554f2d997dd9,64000,MALWARE,0.5067091213516842,UNSIGNED,
F:\safe exe\ssgrep.exe,8c27dcd0e409725ed6b81b65749a06f5c37e59bf14e46d31fa7fdd4d2228e3b1,64337,MALWARE,0.5647101572879953,UNSIGNED,
F:\safe exe\gendef_64512.exe,f4545f96a54b9f7ee53d2da6aeb1ae4e5d036e4f86296ea6ba3b04179f6bd9a4,64512,MALWARE,0.900384339880914,UNSIGNED,
F:\safe exe\gpg-error_A9D452B7.exe,a9d452b79bcb7c093cf0c68e33704703d5744125197ac341921d35f7d9e7e98f,64512,MALWARE,0.5861445601640787,UNSIGNED,
F:\safe exe\grpc_objective_c_plugin.exe,e63f1417ef06b5585e4c127aed3246f697175bf3f89c0b54a9367685edc74670,64512,MALWARE,0.9938912141911663,UNSIGNED,
F:\safe exe\param_build_test.exe,76b0d2b6c5773bfb042f108f4ebca49c95545df75562e249d75489f53620f0d1,64512,MALWARE,0.9204843650783896,UNSIGNED,
F:\safe exe\qdbusxml2cpp_7B4C7A8E.exe,7b4c7a8e791e80f3c6bfb2a32fc3be0f91223eccbc4fe3bbcf31c6b7a5bae836,64512,MALWARE,0.9391973252428969,UNSIGNED,
F:\safe exe\qtattributionsscanner_3B03E96E.exe,3b03e96e83727abe98a61754ff29c1f06d2974f481dd6da5c22fd423489e8046,64512,MALWARE,0.848445106037273,UNSIGNED,
F:\safe exe\combine_tessdata.exe,7f2ab0fc724679fb50e92951b54d47a2e9c8890ba49622c1268ea8d2de88a414,64648,MALWARE,0.9503199967611072,UNTRUSTED,Universität Mannheim
F:\safe exe\2e4a9bac_Sidecar.exe,2e4a9bac0697e0174852ad1f1d0fc70177ac5683a8e7067290b86f6948df89f5,65024,MALWARE,0.9625326613893185,UNSIGNED,
F:\safe exe\crltest.exe,bf18e6048999671e12b86eab435048bb10aea2a95c287e6ea5f07d0d3cda5d2d,65024,MALWARE,0.9956452816553537,UNSIGNED,
F:\safe exe\csplit_65024.exe,3655b8fb57bd91ca90fdfab57858672b788ef8fe715bfb2d50ef827a45856f41,65024,MALWARE,0.9924746411497195,UNSIGNED,
F:\safe exe\genpass.exe,8fc5549e3e498e3490909067d9cc154777d16834e6ac9ff12e14ec6a217cf8db,65024,MALWARE,0.9979639577069076,UNSIGNED,
F:\safe exe\SetDefaultBrowser_21F1E8DE.exe,21f1e8de0e8faf5eb5505cfef3cc0f14ee3eab7c3442ab0bb1d1a3e2e3988022,65024,MALWARE,0.9748097808137218,UNSIGNED,
F:\safe exe\cli-32_65536.exe,75f12ea2f30d9c0d872dade345f30f562e6d93847b6a509ba53beec6d0b2c346,65536,MALWARE,0.9949735585533157,UNSIGNED,
F:\safe exe\gui-32_5C1AF46C.exe,5c1af46c7300e87a73dacf6cf41ce397e3f05df6bd9c7e227b4ac59f85769160,65536,MALWARE,0.9991936311648992,UNSIGNED,
F:\safe exe\rm_65536.exe,e35da10e61ba5f23b80e1a32f8babfe31a2770ec68b09b9f53192e88042b8568,65536,MALWARE,0.9991358013196647,UNSIGNED,
F:\safe exe\tconverter.exe,f189ec05d309da8cccdcf76b11a79bc9b0667cd14b814594beb511d8f52a4f65,65536,MALWARE,0.9871982492653063,UNSIGNED,
F:\safe exe\wininst-7.1_02198729.exe,021987295931e043740850f76c7e159591ef8b6f1ec2c8123e3436982d6d6ab8,65536,MALWARE,0.9914485768979918,UNSIGNED,
F:\safe exe\wininst-7.1_4A3387A5.exe,4a3387a54eeca83f3a8ff1f5f282f7966c9e7bfe159c8eb45444cab01b3e167e,65536,MALWARE,0.9702573252894514,UNSIGNED,
F:\safe exe\httxt2dbm.exe,03f246cf6f65c341582709c3f70f5434068596755ee17871d98f85f7a3af2efa,66048,MALWARE,0.9534688144128951,UNSIGNED,
F:\safe exe\xmllint_F1BCE059.exe,f1bce0597bbf53fe824465c6992c4e14befbe0fdd740e6200fc4eba014042648,66048,MALWARE,0.5521891143422542,UNSIGNED,
F:\safe exe\chmod_9FCEE862.exe,9fcee8625fa1faa77edfca0fe806c0e8712c499710a58b0095eeda2c702dff6e,66062,MALWARE,0.9935975171918733,UNSIGNED,
F:\safe exe\gcc-nm_67072.exe,9fe2cce0d4773e934b728fe4192d3ae0a42215a7099b6d8a52f398392915b2aa,67072,MALWARE,0.9679075677947273,UNSIGNED,
F:\safe exe\gcc-ranlib_67072.exe,b47ede0234c5fe496752a059122dd5f32c61f62dd65c706a6cf557d276d80bbc,67072,MALWARE,0.9679075677947273,UNSIGNED,
F:\safe exe\hpke_test.exe,cedad49bf14c1ae0e9c5080af05542d0a8467721b64cbb533cb9fe2b034383ae,67072,MALWARE,0.9598634848279243,UNSIGNED,
F:\safe exe\params_api_test.exe,259762e29e69e270c97d276408e3ecb529c502dd5971824580dfc9c48133e73e,67072,MALWARE,0.9339078317947551,UNSIGNED,
F:\safe exe\wish.exe,b4bb95512cd24127db3f170fa377c7a21cf2c348700358aa1e7eaa6dfd3668c8,67188,MALWARE,0.5196104018944356,UNSIGNED,
F:\safe exe\cbVSCService11.exe,87e0ec24520c9c421af6a680fef42e18911aaba373a9f927c5ce77ad50f8196f,67584,MALWARE,0.9836156666664669,UNSIGNED,
F:\safe exe\gcc-ar_67584.exe,d3f7054648869909c8e56746a9b4d2a7351e3373d2300b36aac61b4b130e651d,67584,MALWARE,0.9681398131399295,UNSIGNED,
F:\safe exe\Meld.exe,fb9f6246ae5dba651cd961b91f278e8bf8c97a9060e61b62729916af60ac9d2f,67584,MALWARE,0.9696610522932582,UNSIGNED,
F:\safe exe\mono-api-diff.exe,fc8ce4452d7e5ee837662bfc9da6634064ffc79dfe6c507d7eaa95e6a28e338e,67584,MALWARE,0.869219644000785,UNSIGNED,
F:\safe exe\readshortcut.exe,6b7851885f8837dcbb1ccb585406a0e27a57f1b0f0f505341560bc3c1ea55428,67603,MALWARE,0.8009841201980988,UNSIGNED,
F:\safe exe\CSUninstall64.exe,48c236404f978821a35a0f56a1a18e27523003be1ad954115ebb4a66f8901d17,67673,MALWARE,0.9993356116399873,UNSIGNED,
F:\safe exe\diff_4CECEEBC.exe,4ceceebc8150422c6d8d9a06c2e9686d5a5d90f1033f60ad92ab81fe810e2a28,68096,MALWARE,0.9605077505786758,UNSIGNED,
F:\safe exe\gcc-nm_5691A09E.exe,5691a09e3b0c59533d592a6a89bf5914118d5f1838cc787e04f9cd524f3c0d76,68096,MALWARE,0.9684901915509595,UNSIGNED,
F:\safe exe\gcc-ranlib_C7DB41DF.exe,c7db41dffb7e775047d10fa7816008d4dc6f5411fdda10cf19a28395b5e57fbb,68096,MALWARE,0.9628569315155756,UNSIGNED,
F:\safe exe\gie_9B98BB63.exe,9b98bb635bab5365efd5be5b7cca2a135b877aef2128cbbf00f56c25c42d53ff,68096,MALWARE,0.9526909235698043,UNSIGNED,
F:\safe exe\gzip_68096.exe,68d870c12f8319a1826e777d447185b70e65eb2c9d74ba7c1954d9f57d5f90c7,68096,MALWARE,0.8350494998195866,UNSIGNED,
F:\safe exe\x86_64-w64-mingw32-gcc-ar_C6762E73.exe,c6762e73527424cf430660a68b7177e3c26dbead37844efb1d2758e529674d71,68096,MALWARE,0.9684901915509595,UNSIGNED,
F:\safe exe\zip_68096.exe,2e28e6e768d5f0c821d45209e702d01be0a9fb632d7fd83620bcb71cc9ae00f9,68096,MALWARE,0.9844879893016958,UNSIGNED,
F:\safe exe\uninst_67F057A5.exe,67f057a53f821053f2a5da2838acac58035b3c5dc91fef2fe2aecef76e96465b,68172,MALWARE,0.9996475588171709,UNSIGNED,
F:\safe exe\uninstgs.exe,e7bf43d17e52ecc35cfaf1b1e1c389d495c35b37c99df4122bdcd6e9b0da8397,68327,MALWARE,0.9930338082105067,UNSIGNED,
F:\safe exe\elfedit_76A3C57B.exe,76a3c57ba26c6e398108a3818c928e8b9ab1530633674e5a5b36b82e9ef40c08,68608,MALWARE,0.774639064993493,UNSIGNED,
F:\safe exe\processing_0F0B8AD7.exe,0f0b8ad70bc8288e234251925ba3527cb1ae1babe2f748db8bf6a7b259a506d9,68608,MALWARE,0.9982064117590395,UNSIGNED,
F:\safe exe\cli-arm-32.exe,d2914d222d92998da0758f756382d1863d70b81b27bf9706d5fbacde2049bf8d,69120,MALWARE,0.9919819465071957,UNSIGNED,
F:\safe exe\gui-arm-32.exe,47981158b918ef0bcefc2546c688bb2d9553bf487e0cab0a49ccba7e46e9e172,69120,MALWARE,0.9891095599843542,UNSIGNED,
F:\safe exe\mkshortcut.exe,347dcfbb2199a6cefe6cc7b3fa768f247b7e9eb99bef96f58d81a7a81dda41df,69139,MALWARE,0.9726985661885178,UNSIGNED,
F:\safe exe\wish86_B3E8BD62.exe,b3e8bd626b2e34223a4c6a114cc388666ef68598e299ce92d2d9840dee21be3f,69288,MALWARE,0.8451032785057901,UNSIGNED,
F:\safe exe\Uninstall_872F072C.exe,872f072ca0e9971c4a8155a2b21022208d713df7d5cc8c60a9352b235fc6445a,69433,MALWARE,0.9801757761975484,UNSIGNED,
F:\safe exe\ln_69632.exe,5ad97d1f985b41fc8cb67625b27a8abaf91a8d0b856fb7163cb85321137afed3,69632,MALWARE,0.9943433188152608,UNSIGNED,
F:\safe exe\mv_69632.exe,1efcd0f8277813f36e798459f1831c83a846d59a540174c25ddf599e266fccc0,69632,MALWARE,0.9966933362964343,UNSIGNED,
F:\safe exe\tftpd64_69632.exe,e666ac8d6cf307c030621add007427f670911fcaa333dfa7e9c4eb989b875e7a,69632,MALWARE,0.7848550135217808,UNSIGNED,
F:\safe exe\gpg-error_7AC6EC2A.exe,7ac6ec2a3d9602edfc6020a38fa15041a04594d655f420834d4cdc2eeed1ce99,69670,MALWARE,0.5068161955487781,UNSIGNED,
F:\safe exe\update-manager.exe,ff0ea2eff8ad6c163733160579ee78c6bafc2e6d90a0e2f2ec8187a621c166cc,69685,MALWARE,0.9998040625226632,UNSIGNED,
F:\safe exe\SSU_Clean.exe,1a3a481aec1d8abc2098632254fedf3b7dc1e557d267109be9c33e3db9be9b16,69974,MALWARE,0.9998431409102401,UNSIGNED,
F:\safe exe\opj_decompress.exe,b7d2c14af9efedbdfb105b04f329fb3bb557d1b2060e5044f9a94c5c834a4342,70144,MALWARE,0.9684249683841832,UNSIGNED,
F:\safe exe\pdb.exe,846c49a698efffb719935bf4599e8896d2950d936696896ef41e49398d299ec5,70144,MALWARE,0.9886013160347944,UNSIGNED,
F:\safe exe\cs2cs_10491337.exe,104913379947128b00811ac7c0efcc2380420058fad9254ce5e3a59f61415779,70656,MALWARE,0.9293783290591411,UNSIGNED,
F:\safe exe\iconv_D78C87D0.exe,d78c87d00af8464ef27ff20340f13354809e38cda28a1da3e139deb45decd97f,70656,MALWARE,0.6998095140473914,UNSIGNED,
F:\safe exe\xmllint_8B2681A4.exe,8b2681a4918f12a66280235bb4ed86b8877ebc3b16675d326dc657078537b2a8,70656,MALWARE,0.48374284366241527,UNSIGNED,
F:\safe exe\tclsh86t.exe,20bb02711a35cf5682a6c28f09656d026d14449ca6e0fb35f7258848dc8b99b3,71168,MALWARE,0.40628279466516776,UNSIGNED,
F:\safe exe\glib-compile-schemas_E1E67BB1.exe,e1e67bb192d95fedb0e0d132fa89a2b71c756b86f490235c12d08bdeea491b5e,71490,MALWARE,0.8332270778940228,UNSIGNED,
F:\safe exe\gio_69F233E6.exe,69f233e6a98c54d1acc030a86ed54a7295e966c203ffbf85fd5f66f1ee85af2f,71680,MALWARE,0.5115625887786089,UNSIGNED,
F:\safe exe\Uninstall_645B4759.exe,645b4759fb94c64cc97ade05cb7d5d224f5e379bd7a0db232219b423e0049865,71780,MALWARE,0.9702748514075307,UNSIGNED,
F:\safe exe\dnssec-signzone.exe,a0e25975e3bb85c91921724df37c698374590b7d92c7f1ceca4d4735e75150f9,72192,MALWARE,0.7700840521373035,UNSIGNED,
F:\safe exe\uninstall_3C5EC3F6.exe,3c5ec3f6eca8b5b00e65054a1aa6c3aaffe0737e526737adafddf30b8fcbb698,72353,MALWARE,0.9900335660530319,UNSIGNED,
F:\safe exe\exrmaketiled.exe,7ef0bb172cee214815ecfb625cd4fbbb4c732dcbfad0133d347046f0e030b5de,72704,MALWARE,0.7857366644108481,UNSIGNED,
F:\safe exe\giftool_DDF4B9E1.exe,ddf4b9e175cf12ef733a0f4bac06a6e80004cca7056a3eb613af939006641959,72704,MALWARE,0.5052812400630784,UNSIGNED,
F:\safe exe\qtdiag6_4671605B.exe,4671605b8b9462b3dc7849c22c3178f0e08b58d32633486d7844dfb2ba251534,72719,MALWARE,0.6139876792412202,UNSIGNED,
F:\safe exe\bf_test.exe,99a6d76f082f92fb4d5de4ab0988a848ad84bdd105a9a5bc91161f956d6451f8,73216,MALWARE,0.9977734188224611,UNSIGNED,
F:\safe exe\gtk2_runtime_uninst.exe,f967722ef3e2f1219b13684b4ce53ed74608d77da8484a01b64a929d991160ac,73567,MALWARE,0.9997030988485855,UNSIGNED,
F:\safe exe\bin2c.exe,966d8e801dbb153d79f738844e8df23301584589f08ac112c7e37f5989a54537,73728,MALWARE,0.9782340624470182,UNSIGNED,
F:\safe exe\cp_73728.exe,22fec3a8ea64f260f56f171ce264b42314dab3d3a696e6da207ec69d2cb8074e,73728,MALWARE,0.9975505701222629,UNSIGNED,
F:\safe exe\exiftool_DEFB57B6.exe,defb57b611939f678632c5ea7250fc0fa18440e2c56ef93fe8925a4e1a45b9f8,73728,MALWARE,0.8438316495335914,UNSIGNED,
F:\safe exe\gif2webp_C4EE692C.exe,c4ee692c95284065840aab561490e2d14ca4c80232a92158283eb4c66e74930c,73728,MALWARE,0.5134383777594176,UNSIGNED,
F:\safe exe\nunit-agent.exe,61f3dfafa77cc53478d85b95c6c5969d76f1889c04a102d68b52b5019b46d879,73728,MALWARE,0.6312032808057941,UNSIGNED,
F:\safe exe\nunit-agent-x86.exe,9c754afbc7b6adb187f31c6460926a7f8b0e301a3598237d3f4b5916137e2208,74240,MALWARE,0.6538390710823441,UNSIGNED,
F:\safe exe\wings-2.4.1_82ACF7DD.exe,82acf7dd7ba10d40b689f5af82ed7b6103c5ca3d718c53863377b5cd858e36be,74240,MALWARE,0.8773173183014618,UNSIGNED,
F:\safe exe\uninstall_1B5CB803.exe,1b5cb8035b18d06b5219f2e7d30200ca343c0ce6763962c7c41534aecc2b1c80,74462,MALWARE,0.9997215636435096,UNSIGNED,
F:\safe exe\cli-64_74752.exe,28b001bb9a72ae7a24242bfab248d767a1ac5dec981c672a3944f7a072375e9a,74752,MALWARE,0.9969148082338289,UNSIGNED,
F:\safe exe\MeldConsole.exe,c22bb7f1e599ebcf4e4a457dccd0375153beb0b3d1fac81a628e945189ff4d9a,74752,MALWARE,0.5118601085818566,UNSIGNED,
F:\safe exe\Uninstall_108F4768.exe,108f4768dc3b4f73f7b33ec663a93270af1a21c77f5bd4d0b1a4f2d435671d06,74816,MALWARE,0.9997620773567177,UNSIGNED,
F:\safe exe\g++-mapper-server_F7FB0148.exe,f7fb0148cec0d8c614bf842141ca11954a75449b69525c08c9842ad693c9993d,75264,MALWARE,0.9098234963179997,UNSIGNED,
F:\safe exe\genidl.exe,4826a869ff689a290e44232efa346b83f37138da6aa813e69096530c326a637f,75264,MALWARE,0.9641998081351463,UNSIGNED,
F:\safe exe\gui-64_69828C85.exe,69828c857d4824b9f850b1e0597d2c134c91114b7a0774c41dffe33b0eb23721,75264,MALWARE,0.9989602290077182,UNSIGNED,
F:\safe exe\pkgdata_42EEF785.exe,42eef785ca01f9ac7f45804995e4e2d038a0d7276032d3ba4481251834dedca0,75264,MALWARE,0.8898541364184528,UNSIGNED,
F:\safe exe\strace_DB31F627.exe,db31f62723e7fdbef23708d8f7f7438605939a5037494408e2a234d6d40cf048,75264,MALWARE,0.45421482646048955,UNSIGNED,
F:\safe exe\bunzip2_75776.exe,bea542c97ff3dafbb579d1d97c460dcd455e4fe0d5b89923e5c7f8de65614d80,75776,MALWARE,0.998174475064288,UNSIGNED,
F:\safe exe\geod_8323EF2A.exe,8323ef2ae58a9dbd82d1181a990b930200a7ac64d9d81390b4e4c9cc250db8b0,75776,MALWARE,0.945852273250494,UNSIGNED,
F:\safe exe\invgeod.exe,c72bdb1d043d926389f41ebb3d04421cc784d8add997ff3021062ac29e78cae9,75776,MALWARE,0.945852273250494,UNSIGNED,
F:\safe exe\nunit3-console_76288.exe,791d67fd14ba4f3ef3426d5c7bc6c12dca7f18e57ecad1e50393b5b50d854155,76288,MALWARE,0.6987954857120827,UNSIGNED,
F:\safe exe\nunit3-console_B1175FA4.exe,b1175fa4c9be5ef35193c441ef02193d4e4a9d5ccd13de3821fd8c28293e2fb5,76288,MALWARE,0.6987954857120827,UNSIGNED,
F:\safe exe\qmlpreview_D43CBE88.exe,d43cbe88e29f2801202935c92c94684e0b8117ecde7d8d5778036ec64457d998,76288,MALWARE,0.8539273105447607,UNSIGNED,
F:\safe exe\resgen.exe,2ebb14468cee7fc8d73a92c507d6f6e945cf4d89adb1e43dfad7a07e04c3f884,76288,MALWARE,0.9571397655664132,UNSIGNED,
F:\safe exe\winbreak32_F0FD7BEC.exe,f0fd7becf73c1ab75128fbed3b634b8d1ed8418ad85f3908da2e190b5ba71a8c,76371,MALWARE,0.9476607644313,UNSIGNED,
F:\safe exe\dllwrap.exe,c4bf1ef86bf6b5ac62af12c67fb7b9a545800a56c81738379f561cc152e469b8,76800,MALWARE,0.8562899207997412,UNSIGNED,
F:\safe exe\gcc-nm.exe,fb43da6842e890c0a12ae9f66e7c0a3e5ddd48450ea4fcba1bddb80411267007,76814,MALWARE,0.9959266303436142,UNSIGNED,
F:\safe exe\gcc-ranlib_9E7E4588.exe,9e7e45881ca29d29dc274ff575665d3ebc4dad601218e9ce9ff1a4733394e676,76814,MALWARE,0.9972761281077225,UNSIGNED,
F:\safe exe\x86_64-w64-mingw32-gcc-ar_DD33CD5B.exe,dd33cd5b9fcec6e1ab2baca6b99404c80e8002a295de576a97c6773930a350ab,76814,MALWARE,0.9960633564026375,UNSIGNED,
F:\safe exe\bzip2_77312.exe,1db7399179ad4f217c3ea8cbdefae7dfbfa381daf1aafb6f0efe72fa48741187,77312,MALWARE,0.9938967502414094,UNSIGNED,
F:\safe exe\giftool.exe,115a618a0a7d11f5b687da152609fe059eff1d865ede826c2573a646fcd04ac2,77312,MALWARE,0.44971876412461376,UNSIGNED,
F:\safe exe\less_77312.exe,e13b694e86a4d14f7bcad16684ee3a7fd9fa8ffce7516f80bb99fdde9b56e4e7,77312,MALWARE,0.9970349972309106,UNSIGNED,
F:\safe exe\qdbus.exe,7ca4466b2c0d7345792bc3fadf1603cf09e91cf1e4414fffbd78dae60e69c639,77312,MALWARE,0.492453059700782,UNSIGNED,
F:\safe exe\ILSpy_4735A1D6.exe,4735a1d636a8d08d6f5487e4f66f94b790c12fb78816a07020cbcd621bdc191a,77824,MALWARE,0.5444526139978895,UNSIGNED,
F:\safe exe\OpenCppCoverage.exe,207bd645c603a4429e3135f9935c34f1a5349a7a6d5d99ab779b1b3866a7fbb2,77824,MALWARE,0.9818833367475629,UNSIGNED,
F:\safe exe\paket.bootstrapper.exe,03be0d5ff046027afee508e75daea8961aecc13a843c027f96108605db7bc347,77824,MALWARE,0.8531271534312768,UNSIGNED,
F:\safe exe\qtdiag6.exe,c0173e772a0a08adb24f7967431edc0a68c6bb43f1360e05e0c8bb2bdece7172,77824,MALWARE,0.8988898893155024,UNSIGNED,
F:\safe exe\regcomp.exe,27054a22b2fcaf917f028006b4b0dfc3694d5c8cde51f7d3f09a3826b99e3872,77824,MALWARE,0.9730389751862809,UNSIGNED,
F:\safe exe\tapinstall_AFBBC11B.exe,afbbc11b086ccd0b23fa4b9b60718690b99544af94931e5afb05a8266190c6f1,77824,MALWARE,0.5749200231486558,UNSIGNED,
F:\safe exe\volatility_2.6_win64_standalone_3CAFE238.exe,3cafe2380fdfaedebd7f5065f5b7e2034329a00e3b61f69789a92eef3f74f4d2,77824,MALWARE,0.47192058602478976,UNSIGNED,
F:\safe exe\Uninstall_73C211C7.exe,73c211c76d16e1f647fde5dd41c7e7b99fda8de6a5f47b9e97a94da12e6cb55c,78214,MALWARE,0.998150390167356,UNSIGNED,
F:\safe exe\qtpaths6.exe,0ef445f74b89ecb61939f7b2d1aa5dc4a6099f003ebd324ac1076f1473335ded,78336,MALWARE,0.6444630094909529,UNSIGNED,
F:\safe exe\rotatelogs.exe,2b4d6465b1b08cd244614a5bf1183e1601185ba2857a2d625ce2c95446f2e9e3,78336,MALWARE,0.8354680948315697,UNSIGNED,
F:\safe exe\uninst_6EDB48E2.exe,6edb48e250a170b15cee59a1c4fc8b19cef82c73756992f51f12c1fcab2797b6,78596,MALWARE,0.9978263004310399,UNSIGNED,
F:\safe exe\gennorm2_7E546B3C.exe,7e546b3c98e9e323eb0f8e8b687c4e06e6d2d7009699b0dff9c8ba265ed67a3e,78848,MALWARE,0.7258467767769439,UNSIGNED,
F:\safe exe\ssdiff.exe,4179595f2bc654fb9a3f84345595c28eeec6796cad5a7920bc46dab3874ff687,78981,MALWARE,0.48912388885880603,UNSIGNED,
F:\safe exe\zim_debug.exe,ad50aaa7438c64ca48da3c5a1ac75888d36be68d8b2b27cd7e8bd17dde048587,79076,MALWARE,0.998299064330612,UNSIGNED,
F:\safe exe\mono-api-info.exe,c958934508f3a206cfeb7e1877dbb54c9201dd4492483efa73eff93f127c22d1,79360,MALWARE,0.9652482956481705,UNSIGNED,
F:\safe exe\psktool.exe,33e65909c8c7f307a058c1cb47f9336e69fd49fd8c4cc4c674d90d45d0e6843c,79360,MALWARE,0.9000016771339912,UNSIGNED,
F:\safe exe\Uninstall_D1C7F09A.exe,d1c7f09ad13093824595cdf73d96f79f39572e1bd7fc512d8f1dfdcffd75bff2,79594,MALWARE,0.9969061516817754,UNSIGNED,
F:\safe exe\jedit.exe,931404ee66e1b934a0087db10b2416efac766c645e5fb798001c041f507d5f03,79872,MALWARE,0.9962111961091276,UNSIGNED,
F:\safe exe\gnumeric.exe,bdfa3189ba5b01b650f0d81995923fae7cc769b8e9e862f295c03bfd5ea6ea1b,80361,MALWARE,0.8266145815188392,UNSIGNED,
F:\safe exe\kitty.exe,a2d48c9c8049c4512d54198076412e7d828a0a56f4a0ce7006aa9fbf805f0d9b,80384,MALWARE,0.9614339730280147,UNSIGNED,
F:\safe exe\studio64.exe,409d8b227b71db188743d83d5328f412d3a2bd4eadb9df9405431a06472f262e,80384,MALWARE,0.4752351491509639,UNSIGNED,
F:\safe exe\egrep_80412.exe,cdc004f70067ee7cf95d9ab5a7aef8f84e054198eb0e57a39c4c3e98c902645a,80412,MALWARE,0.9558574703034894,UNSIGNED,
F:\safe exe\fgrep_80412.exe,c8ebbab14b7726e9120685e2563c66b86d60b898f66a05a78bf53b158d7acd2e,80412,MALWARE,0.9558574703034894,UNSIGNED,
F:\safe exe\grep_80412.exe,c2ef6fc419630d566154f8372e94859df8141d02805bc7bce39c726a1ffef7c1,80412,MALWARE,0.9580530684839313,UNSIGNED,
F:\safe exe\dllwrap_973EE176.exe,973ee176860e728a8abfc22bfc467810ec44e6fda8180b276f3255dc52bd7f6e,81408,MALWARE,0.9330435057523736,UNSIGNED,
F:\safe exe\cbsasladm.exe,3f1f69b468e990f5cc3bd42f573101ce70c248cfebce36e5023a864e0f76fbcc,81920,MALWARE,0.5784340711446447,UNSIGNED,
F:\safe exe\DocCompiler.exe,23748fad1cc1f29da2fe86505a356283d2cd0fe67af653af9230a48597374836,81920,MALWARE,0.9072330249306364,UNSIGNED,
F:\safe exe\DriverList.exe,de90b5c29c0c1438c728b98252ba7a9e4e26a06913c575e8c44faba36ea4babf,81920,MALWARE,0.9920921746121713,UNSIGNED,
F:\safe exe\h5import-shared.exe,4a383242a882a59b375b25e85710a64c967bede3959c6667e02e7eba95c93e2e,81920,MALWARE,0.9735939099764407,UNSIGNED,
F:\safe exe\ledc.exe,1000041ebc1e40e7f3f72f67fec9bf4955801061e077aff50ff998becbf351ca,81920,MALWARE,0.9989814090601369,UNSIGNED,
F:\safe exe\tapinstall_02A17DD9.exe,02a17dd9f7ea5e07766e18e9a2a3da4f6d3658b07c0e6f0f59d5bcc092de74b4,81920,MALWARE,0.48916036190398915,UNSIGNED,
F:\safe exe\iconv_DFCC5A12.exe,dfcc5a1290386c51b28161f71a8c504adeee1a7d36b5c2f675b9064f8b7edf06,81934,MALWARE,0.8434091042968529,UNSIGNED,
F:\safe exe\clang64.exe,5e3a7c21267ed891e05d74b46d625aaedf94173deabdb7711c1396cdee7c8c56,82060,MALWARE,0.9103461547945444,UNSIGNED,
F:\safe exe\clangarm64.exe,507a6b61ae803dfb6397e1b56c8765e84d5410e25323d5e243a06b695d7cdfd9,82060,MALWARE,0.9391818086195569,UNSIGNED,
F:\safe exe\mingw32.exe,682ab6da4b30006bb5f60f06e4fbe8c999dfc17cd7349eea339f5717ed56dc62,82060,MALWARE,0.9618382813868299,UNSIGNED,
F:\safe exe\mingw64.exe,211dc1c4e5678b6f5e3ccb6d4c1b95a36c961b881370e602f7157a0227baa6ba,82060,MALWARE,0.9437707313537205,UNSIGNED,
F:\safe exe\ucrt64.exe,2712d887a297ae40284380bc80a1171d2300d73c883c4241ba9806ea6589cea4,82060,MALWARE,0.8984106932549314,UNSIGNED,
F:\safe exe\bison.exe,8e9dcaf44769557ffc737a52fa7af47725cf950e05a6122310d3837ae33f5356,82432,MALWARE,0.9934791490306265,UNSIGNED,
F:\safe exe\host.exe,b98b46ff9da65f8ef82b37807a2fb5b63f3540edb18e8deca7580f05958e03a6,82432,MALWARE,0.8152408812296976,UNSIGNED,
F:\safe exe\isolationtester_C5E58AE4.exe,c5e58ae4d1dfe2d7721996388bea833a7912f603e3e634ed3ce7ee3991fe858a,82432,MALWARE,0.4444648031589414,UNSIGNED,
F:\safe exe\exrstdattr.exe,1017fb395488e1569e35355df53a4e1e9f215953d9482337fea52df5f564349b,82944,MALWARE,0.7414096242801903,UNSIGNED,
F:\safe exe\mcstat.exe,9b68087db509c295ca6bcb7e36468ab2ab6cbcca2bc973089dccacc32093ebb9,82944,MALWARE,0.6498192693520974,UNSIGNED,
F:\safe exe\qmllint.exe,7ffdf12b0c6cf284feb655813d2dd96e663210c94cc38f11422846756886b29e,82944,MALWARE,0.6923646251234744,UNSIGNED,
F:\safe exe\qtpaths_769D7CC2.exe,769d7cc2bdff0751a704204a8a60748115217d00c8180b8419b50bec0ade71c2,82944,MALWARE,0.7138384571057531,UNSIGNED,
F:\safe exe\roots.exe,f6436dc45c8356d26174a2a8c67523217ef6024197e61af10edfa137a90a1c65,82944,MALWARE,0.9908865049859952,UNSIGNED,
F:\safe exe\tapinstall_E777AA82.exe,e777aa82d620f07b2fcc65ed9d2e29d0220b7c6d6638e82b36d0da2a8d58375e,82944,MALWARE,0.5162434145700059,UNSIGNED,
F:\safe exe\erl_call_930E42E2.exe,930e42e2b1c4295634dce50323ed5aa56eded3957840e6438a9634248c27365c,83456,MALWARE,0.8537570893233474,UNSIGNED,
F:\safe exe\ghci-9.8.2.exe,cb3cb90c09312ab8bf19e4153d56f07f2632419c934db43282c2f1eb43d6150d,83456,MALWARE,0.8491280174104197,UNSIGNED,
F:\safe exe\m4_83456.exe,4f0755aa37846da4bd30f5ab9d8b4b9472800ea08d1aa01f59da0478e20397ee,83456,MALWARE,0.9972189679082978,UNSIGNED,
F:\safe exe\ssl_test.exe,896689c2c1522867acd50ff2e47252c9683cb0ffb57890fff05c87e987afd3ec,83456,MALWARE,0.6873732811735642,UNSIGNED,
F:\safe exe\plugin-updater.exe,7e35ee2aaab998106019401feaba7bf9d05628b5977f2cf0b822d4ca4925eb78,83691,MALWARE,0.999899944858632,UNSIGNED,
F:\safe exe\CodeHelper.exe,d255ad790a7403fe71189b9e333e5f1d4db6816d0ca64921efd2aa87a847dbe5,83968,MALWARE,0.7267001018965681,UNSIGNED,
F:\safe exe\exrenvmap.exe,75cc4deddd251f5be19acf469e7aac5a3c0dc5405a15f4dce32ab00c43671e34,83968,MALWARE,0.6968105388665888,UNSIGNED,
F:\safe exe\pango-view.exe,66e2c7b88c6dff116c79b474359ec3f88f086ddbe95d02ce02a11572e5173712,84376,MALWARE,0.6647199855627304,UNSIGNED,
F:\safe exe\opj_compress.exe,a00a4aee5762b566e6216186e9605000f0876e3b6ac443c77b6f397f4d27dfe4,84480,MALWARE,0.9640457118922894,UNSIGNED,
F:\safe exe\qdbusxml2cpp.exe,cbb70a5f41761663bad076ed6440c2fcba6995375d40e94b351fbb8fb2adaba2,84480,MALWARE,0.4761509484046901,UNSIGNED,
F:\safe exe\uconv.exe,afb0d50e6bcd60f30e49361fbad848b2c7060a29e83988b6fee4729858f47cf2,84480,MALWARE,0.9565788541439079,UNSIGNED,
F:\safe exe\vacuumlo.exe,26081e2e40354e718e8f74bd79dc6a8635548e5d9de31ffcf75cab3757245a10,84480,MALWARE,0.6252727326169684,UNSIGNED,
F:\safe exe\wormhole_FC6B6920.exe,fc6b6920071fa84ea2e56f677909e5a88e78ee6f4d7a538a5c2dd739a78d552e,84480,MALWARE,0.5337425485919977,UNSIGNED,
F:\safe exe\invproj_01DC8CBA.exe,01dc8cbad0c92d06022fe6b7ffe34936faf41aff43603106f6110acb315ccf09,84992,MALWARE,0.8953171187898407,UNSIGNED,
F:\safe exe\oid2name.exe,626968bf24d038e1eea2775c6809ade526f0959adad345174baa89b19c750b5a,84992,MALWARE,0.6512111460343479,UNSIGNED,
F:\safe exe\proj.exe,2c8300d7c58b0a905102c94639202a74d70c2ee0ed31885df7bc384bcfaf45bf,84992,MALWARE,0.8953171187898407,UNSIGNED,
F:\safe exe\ProjectLibre.exe,c8d3ed0213373bb19c90cf7d973582495ca52ae964adc643129228b6751fb815,84992,MALWARE,0.9437688392169887,UNSIGNED,
F:\safe exe\test_test.exe,46323d1f46c28540ae5201a282236fffbf477ece78008ae434470ac18b5611c0,84992,MALWARE,0.9856328033554118,UNSIGNED,
F:\safe exe\pkg-config_85CE6FD6.exe,85ce6fd6ee090e40b34a4c9d9b39bf3d24f4a2d209d2dbe6c19e808debab5488,85095,MALWARE,0.4832728823552167,UNSIGNED,
F:\safe exe\htdigest.exe,0f264b57f5c960b898b96e7df1c2db44f687109c4252fd24e2ebdffaefcbd798,85504,MALWARE,0.7553330633667094,UNSIGNED,
F:\safe exe\qsb.exe,7a3a6ac6cbc69c699ee05957640d733a6f56e1291424c6b50ee793fd5a252420,85504,MALWARE,0.6556013276868077,UNSIGNED,
F:\safe exe\Uninstall MultiCommander.exe,a8d128192ec3f78b474ec264779fbf5ca87c2cf0636fecdd561190c006e55787,85569,MALWARE,0.9999031389436006,UNSIGNED,
F:\safe exe\ClamTray.exe,5232d9dcdca668143ef903ab233a347c452ddcf66a2088e1d811f11713155987,86016,MALWARE,0.998765602532937,UNSIGNED,
F:\safe exe\iuplua51.exe,3198f90072a5ecc47de231eb9cba19258bd3799828507d9753e0a60ef4a504e8,86016,MALWARE,0.954914410108648,UNSIGNED,
F:\safe exe\mcctl.exe,ab0144db732a1fc407b5571de81b3c61c4165a748e619f3938cf47bf0971b1a0,86016,MALWARE,0.6806650160670553,UNSIGNED,
F:\safe exe\mcrecv.exe,877fda938ddeeb11b5511a2d8826b98655438b29fab4bf9a94bd73cb8dc544a6,86016,MALWARE,0.708050372852307,UNSIGNED,
F:\safe exe\uninstall_E02E1A4C.exe,e02e1a4c2207f63dc496290e8767245a02fd5da22ea418abc1d280683fce2b71,86069,MALWARE,0.9912594994982407,UNSIGNED,
F:\safe exe\lastappuninstall_x64.exe,5d54d8bbf68e9a3c269cb403e9463e1f5bbc29904ac13e3cd2020a5b1112640a,86111,MALWARE,0.9988016754913484,UNSIGNED,
F:\safe exe\tesseract.exe,ccd044d6cf16eaaad151260e1fcc5e3e1504cd1b8644e940b4f7ae3e315dd0d3,86152,MALWARE,0.92086565026931,UNTRUSTED,Universität Mannheim
F:\safe exe\mcsend.exe,313b87712b864da9e3ed68734c2a8e5f1c8b0d4acd6a02d9b1c04a150dc585dd,86528,MALWARE,0.628723781167389,UNSIGNED,
F:\safe exe\tfarmserver.exe,5ad81cd49442eb02293709e31dd0d5c849edcf56953faf12b922a8c95addf263,86528,MALWARE,0.9285454239431734,UNSIGNED,
F:\safe exe\touchy-ghc-9.8.2.exe,878d4e6c6af4cbbe30914f8dee96f6d688881e077f63f5ba6d23330742e47ef7,86528,MALWARE,0.8493298983344558,UNSIGNED,
F:\safe exe\count.exe,f9341918d95d4f1f854687e9bb5a132d0d35409a183e8472df3a350cd587ee11,86542,MALWARE,0.9824612802962822,UNSIGNED,
F:\safe exe\cjpeg.exe,cde8ac9f9175269d38ec29ae43fd23d3f0cac4e83b94343103da5fc1f02aadbd,87040,MALWARE,0.9427459494736746,UNSIGNED,
F:\safe exe\hg.exe,dc67c4981a5200b72572d702ee4e58a99f75790414ae7a288b92ed0ced83102f,87552,MALWARE,0.8522172726375445,UNSIGNED,
F:\safe exe\SxSExpand.exe,9e889abd2d6068bc59aededc64a45d96e04c7ad5cb1d70f606f8ab0a96433b4a,87552,MALWARE,0.991419350456617,UNSIGNED,
F:\safe exe\fastcgi-mono-server4.exe,0a79743e910f2a9debb584e547cd06305b0ab7d618d801844b5c95ed098621e7,88064,MALWARE,0.9825655501840739,UNSIGNED,
F:\safe exe\Rgui.exe,dbb15a80da22ec4ff655d0ae9087ce2b231ca80bb95316cab1b0a75e544214fc,88064,MALWARE,0.9260920997872677,UNSIGNED,
F:\safe exe\tiff2pdf.exe,9152ce69ecf2e83059bb43c8b146efe7264e68cae5f9b56880895feac30d0f42,88064,MALWARE,0.7457108797164973,UNSIGNED,
F:\safe exe\exrmultipart.exe,caf09607a9dbf81ff7c68df6bd30661054715bb936a17884c63dc233440a0e34,88576,MALWARE,0.8166386619730411,UNSIGNED,
F:\safe exe\template.exe,e1a7120db8e08768dc04b10281c3a53d5bd30516b71205a00bf54bd9bd83b974,88576,MALWARE,0.620453616100653,UNSIGNED,
F:\safe exe\clang-tidy_AC2B3A3B.exe,ac2b3a3bd0994578adc0117c12051d5349fd67d92ef01eba4accc30096249c97,88590,MALWARE,0.9784355770680395,UNSIGNED,
F:\safe exe\not.exe,01297ff18ed8b12f208984993a526f6a4c96344c9834c04fa11d558ef619c364,88590,MALWARE,0.9467650331814288,UNSIGNED,
F:\safe exe\opt.exe,8ec2740bacd33b690ee44b24360bc6ff9efd636ab7d032a02d46a9c034a16e87,88590,MALWARE,0.9784355770680395,UNSIGNED,
F:\safe exe\pkg-config_BF2C2C1F.exe,bf2c2c1f02eed74a2e7676ca91229c5515530d5dd4bd31801b6ffb9c1830f3ac,88590,MALWARE,0.9719728672126338,UNSIGNED,
F:\safe exe\Uninstall_2F813F33.exe,2f813f33d2702339ee87e7034d0267eb68f389f6c77d26bd2d6e0210945ae8fc,88982,MALWARE,0.9982482406716897,UNSIGNED,
F:\safe exe\dnSpy_7D62963D.exe,7d62963dd84b4f1a5ff09b8307bf0318eaeb9967e69577a030803d38fdff3f5b,89088,MALWARE,0.5433427734842833,UNSIGNED,
F:\safe exe\pythonw_AC01ACCB.exe,ac01accbccd53ad1f2d5447c8f121d0ef0696fae2c9b45fe50ed4adfc408a3a9,89088,MALWARE,0.6608059608484682,UNSIGNED,
F:\safe exe\uninstall_B3912464.exe,b3912464567631589fd5971dcda7e1837d7f3eac6dc3c9dae8ad791e1f239a4f,89331,MALWARE,0.9982477151242584,UNSIGNED,
F:\safe exe\Insomnia_89600.exe,26ba1d7923ea08b9147d08750a1ffbbf1e3610c7b34fa4c4f159e69bc51d6c4f,89600,MALWARE,0.9547407177054847,UNSIGNED,
F:\safe exe\qmltyperegistrar_D2E77D35.exe,d2e77d3560a702f312a6ac272489cbccb9cefd3fd5d27d076b5211261ab5f362,89600,MALWARE,0.9569371235217441,UNSIGNED,
F:\safe exe\cpuburner.exe,589c0dc8076ae39e3c40fa091c8b91f748e34f7099c94ba5ebb4e0eeefeb9019,90112,MALWARE,0.9863220980590165,UNSIGNED,
F:\safe exe\pythonw_16106C25.exe,16106c2544aa010b33b663840154bb8ca6707bd51ead92ff69af529c2cb55a92,90112,MALWARE,0.7240481827056471,UNSIGNED,
F:\safe exe\pythonw_36678DF5.exe,36678df5791ae8368a0306a28f3333da831055bca31ed3f02479aa59eaa22054,90112,MALWARE,0.7933951379517398,UNSIGNED,
F:\safe exe\WixCop.exe,387ada0186ca3f518050558813f0ab7db9cba5c73a6d101ce62c516b7a1eb257,90112,MALWARE,0.7933841595867759,UNSIGNED,
F:\safe exe\darktable.exe,7d85049ee2f03712535d2f4a1e3dca1022f0588690f13002135af1a24512b04e,90131,MALWARE,0.670043408380868,UNSIGNED,
F:\safe exe\bluefish-uninst.exe,fb8c12195eba3add3d770f17dd5b2e8f4fc91e91caeb02e2bef1b7de9f1c5b8e,90186,MALWARE,0.9995148193116963,UNSIGNED,
F:\safe exe\msys2.exe,c029e690ffea7478d18888b07dc6a0d510bf7dc27a231452ca0760ee7c721f64,90252,MALWARE,0.9373824734545259,UNSIGNED,
F:\safe exe\geany.exe,6d65730f15e1dc425046412ac243e492467499d41647bc15090e93fe3768f016,90624,MALWARE,0.9963459838548018,UNSIGNED,
F:\safe exe\pythonw_50F77CD9.exe,50f77cd9516134a255edc26ba15a571c3e68a1af68527917f12eee19379318e1,91136,MALWARE,0.5528822939403357,UNSIGNED,
F:\safe exe\qmltyperegistrar_D3641525.exe,d36415255a34f197cf90085b945a3ba55178409171570035fd7639e579d9dc9e,91136,MALWARE,0.9914624793565492,UNSIGNED,
F:\safe exe\NSIS.exe,97bd9ad0e8ac25739e7e6ac8f4941d8308a57cded74ceb9cd8b59b55500e33da,91345,MALWARE,0.9809343816571163,UNSIGNED,
F:\safe exe\FreeMind.exe,0bf38f407dcd308032171e4aee741f8e51066b4802b62d101065816c1c85cfa8,91648,MALWARE,0.997570703835244,UNSIGNED,
F:\safe exe\pythonw_4BB590F7.exe,4bb590f7fba02b8df74d57d27ceb0a3d340c2972d45c4cdadbd67863f78c83d9,91648,MALWARE,0.5173024388858679,UNSIGNED,
F:\safe exe\pythonw_974CF90C.exe,974cf90c06d587e7b8d4f66e73d07a548e1cde6fc9a6523093fc0d22c87b519f,91648,MALWARE,0.5173024388858679,UNSIGNED,
F:\safe exe\python_B8384375.exe,b8384375abd729aa2701093a22f926f28bc31f6ff8f406d1d6e3342cb72e40fd,91648,MALWARE,0.636136251938979,UNSIGNED,
F:\safe exe\python_F71F2224.exe,f71f2224314caf9f81410a229681c4f1c4d16db12d70a64b94ba86faadf94e0d,91648,MALWARE,0.531182690383518,UNSIGNED,
F:\safe exe\Procmon_E38227B3.exe,e38227b37ff15df08cbc46be8627013e0df13e72aa11d6a5835802b19ae21b75,92160,MALWARE,0.7007091608499039,UNSIGNED,
F:\safe exe\pythonw_06994A03.exe,06994a03423aef820aa1b38af5d0c9955cbb0072adae80f6be10b57f5514f853,92160,MALWARE,0.5936729218397171,UNSIGNED,
F:\safe exe\bfi.exe,8f26a3f1a1f6f9ac0c279b7df56c41c79e4f23aaefd7da6e6ded16d091d4ad81,92672,MALWARE,0.9999654573725619,UNSIGNED,
F:\safe exe\Procmon64a_630F9F37.exe,630f9f37b250e3755cc72601a400684cce098461b1b8f24f3c434f0000646708,92672,MALWARE,0.7434591993949241,UNSIGNED,
F:\safe exe\Procmon64_985BBF34.exe,985bbf341185c3da848116ce55ca6e2981feefb99130f3b071404d486eb15ece,92672,MALWARE,0.7620819933078189,UNSIGNED,
F:\safe exe\Procmon64_C2A85FD4.exe,c2a85fd44d8a994005dc85a4a92ac749a172ad44643a2704effe2ec18e4c6a7b,92672,MALWARE,0.7620819933078189,UNSIGNED,
F:\safe exe\Procmon64_C4301BE9.exe,c4301be911713dd6aad0f80cac0199eb3f645fb86db602de550fc0324cbf671b,92672,MALWARE,0.7620819933078189,UNSIGNED,
F:\safe exe\Procmon_908C86DD.exe,908c86ddf293b2644994883514d16d420b9c76bcc7811542d6a397a61615743d,92672,MALWARE,0.7814114645827073,UNSIGNED,
F:\safe exe\Procmon_DBA53FF8.exe,dba53ff8a337dbf048d73daacd369867886abbcddc1b1b898a9d984a633bd7a7,92672,MALWARE,0.7814114645827073,UNSIGNED,
F:\safe exe\lldb-argdumper_2328AC4F.exe,2328ac4f89d7275a98a1bef1bb77cf1371f7f99122cd1c49cd8091ff933af0ce,92686,MALWARE,0.9679722598054831,UNSIGNED,
F:\safe exe\wordlist2dawg.exe,65871118cf273478c101efca123587e4b5e6e58a418e53f67449134dd8260ca6,92808,MALWARE,0.9702763195748088,UNTRUSTED,Universität Mannheim
F:\safe exe\uninstall_83C29EAC.exe,83c29eac152557cf5d1e90f7478fc24574f35861fd387f36a8fd38342366b6c7,93113,MALWARE,0.9991642737010623,UNSIGNED,
F:\safe exe\mono-api-html.exe,542f55dde83dbfd385d804c0bc68b258119da42e501051ca4e04b50b7a8f257c,93184,MALWARE,0.9620212062801176,UNSIGNED,
F:\safe exe\thg.exe,086242bf22fa19fee1019e6e7793f4ea9b1e851e9becf0cde0175bea657ebd1b,93696,MALWARE,0.857784577449236,UNSIGNED,
F:\safe exe\thgw.exe,b9d6508da78e302095119b7a27488abf1e260dfdccaa8b1733735ae0e536fcd2,93696,MALWARE,0.920415488259406,UNSIGNED,
F:\safe exe\zsyncmake.exe,bb9c90f996a54a6c697f41a7897eb924e90e18a07746b612bcb5e034892f260f,93696,MALWARE,0.9994704221417461,UNSIGNED,
F:\safe exe\lexgrog.exe,ea719a33a5561436f65cd2b14334d213354a2552e44d5c31c205859d00bdfb28,93715,MALWARE,0.4211241943511199,UNSIGNED,
F:\safe exe\evp_kdf_test.exe,3970f50ab3ec325e8b1794b9441324d2187a935d2bafc0fbd70f1a145e74658b,94208,MALWARE,0.9794950568513597,UNSIGNED,
F:\safe exe\zsync.exe,dbc39d1d4ddc8c744e7840a294f906920c532adc0dc9e69f7664a91b55b2ff77,94208,MALWARE,0.9994202055538637,UNSIGNED,
F:\safe exe\lli-child-target.exe,35cef070354e0021b41723fb3de70b4ee2e01d08e1deda98b439fe64eabae409,94222,MALWARE,0.9655442034912162,UNSIGNED,
F:\safe exe\k-meleon.exe,1be2098081e4bb9c7f50fb260e2c9a621a2ba024432f9ee6a2bedcc17cbd8fef,94720,MALWARE,0.9828466846549151,UNSIGNED,
F:\safe exe\Rscript.exe,3ad097e10d867e09eb7e54d8ed1f8ef933779b82be56482a04a27d65536d15f9,94720,MALWARE,0.46939918211472004,UNSIGNED,
F:\safe exe\genidl_FCD2FF2A.exe,fcd2ff2aaf82964e8b82d6136419fd754c5e15af591deb9291101de7e5ee9fa8,95246,MALWARE,0.9901139103189804,UNSIGNED,
F:\safe exe\ld64.lld_AE8F6DFC.exe,ae8f6dfc4db2d80b81a4f84d79fe916e3110ccfb3183e67bb0b94234b6a34e05,95246,MALWARE,0.982137625960871,UNSIGNED,
F:\safe exe\crash-reporter.exe,439d367784c18daf5bc460a44bef258f3d4a1a8a0031b53675389ad1ca7248b4,95744,MALWARE,0.980634868631486,UNSIGNED,
F:\safe exe\Insomnia_95744.exe,40c6479fd577ccd5b812d0ab0ac10d42426bae1b1296891ffaf751ef70ff9d95,95744,MALWARE,0.981003740692408,UNSIGNED,
F:\safe exe\gennorm2_30DCC171.exe,30dcc171c10334d2402d1df3b185273e857b6340c8fc6eb455bbb97a9d749bfb,96256,MALWARE,0.903216604066912,UNSIGNED,
F:\safe exe\python3w_933259A8.exe,933259a87da50cbe4ff6e5c34cd532247ec9672316643649d40bad0d8c11fe1b,96256,MALWARE,0.9802683311687068,UNSIGNED,
F:\safe exe\reduce-chunk-list.exe,97e4c9381f6a959ade2ebcf2d0701c4225b3decab58d0c441e062752dd6601c5,96270,MALWARE,0.955641005397663,UNSIGNED,
F:\safe exe\djpeg_96768.exe,99a49f61e4a42c21db3864d7b9288728d1cb59f6e4483117e76155e025c20036,96768,MALWARE,0.6189673145041554,UNSIGNED,
F:\safe exe\vsProxy_gui_qt5.exe,1f7ca391afe24f78ac946c847d31a970114f7657a293602f5c7f6e7c5d20b2fe,96768,MALWARE,0.9651553933901774,UNSIGNED,
F:\safe exe\sanstats.exe,f41182486238741ff55e6020bcc9e0beae7fd8467b77f0ab227ef5d1c22541fd,96782,MALWARE,0.9729625722245275,UNSIGNED,
F:\safe exe\uninstall_3C18C934.exe,3c18c9341819902d09eb0a6cea21cb77a0e86563def8fd80acc15ada96fc7ae0,97173,MALWARE,0.9973044423056918,UNSIGNED,
F:\safe exe\uninst-smartmontools.exe,ea71283ab55d38114b54d55380694d885c29fddebc70fb04527018fae1d5de5f,97234,MALWARE,0.9894554724622647,UNSIGNED,
F:\safe exe\ffpython.exe,8c70e7da1ab192b497aac7ca7883eb1d09fdbac3e36f163193c8135d8bb899d1,97280,MALWARE,0.9369090208719001,UNSIGNED,
F:\safe exe\mctimings.exe,ba6f98773c486ec9f6154634c053b60ffe4a5c710917c18a3270762f6e374a03,97280,MALWARE,0.6597959787238066,UNSIGNED,
F:\safe exe\CbLauncher.exe,a7588139ce6832029cf5e6df2fb9081bbebd266bd99c896db9b9dc6d10e332e6,97792,MALWARE,0.9929134082049876,UNSIGNED,
F:\safe exe\cct_F169D832.exe,f169d8327a808af91c7f788289c18c35789612d5ddf02fa46a01b5fc2247a08b,97792,MALWARE,0.9729656151966095,UNSIGNED,
F:\safe exe\giftext_BDDE9001.exe,bdde90016f6e968712de4d9a841386ac2a95179167e21de2d13edbb1bbbe341d,97792,MALWARE,0.5589712214479567,UNSIGNED,
F:\safe exe\python3_3E500553.exe,3e5005536922faca929e33c885bf7b06b25fbb2def78036c614d8a868b2fd1f8,97792,MALWARE,0.8896988066452786,UNSIGNED,
F:\safe exe\TogglDesktopInstaller-7.5.454_D295DB68.exe,d295db6849f9b1b38511884a659039ff2b3e7d2cfc7704dce6da1cd8eaace43c,97792,MALWARE,0.7889836357116995,UNSIGNED,
F:\safe exe\unlit-ghc-9.8.2.exe,0b6f9a9cc91ac97d7b04bd3dea313cb1c27034a0847fb34822d504af2ced958b,97792,MALWARE,0.7711019801206985,UNSIGNED,
F:\safe exe\Uninstall_7D379118.exe,7d379118afe6ea0c74af620d13aa6751e92a59e4d5162235f53d2d3fea74b48a,97886,MALWARE,0.9997806410326106,UNSIGNED,
F:\safe exe\ab.exe,6602beefedd9e2ef159b92456f87cf6a63db7c029f0f09eac87174269fd989dc,98304,MALWARE,0.905121694801688,UNSIGNED,
F:\safe exe\QuickTimeUpdateHelper.exe,ecd55a257ef1c8a189713ae70345db93f6d2c5c193e895f6066acfe758ff9e88,98304,MALWARE,0.9980515388997119,UNSIGNED,
F:\safe exe\ClassicExplorerSettings.exe,b44cc792ae7f58e9a12a121c14a067ee1dd380df093339b4bf2b02df5937b2af,98616,MALWARE,0.9663513638873272,UNTRUSTED,Ivaylo Beltchev
F:\safe exe\git-credential-AWSS4.exe,35a66989b4f43d641b1d593def816b728f5b373ef787e967d7ca5a8cdbcce317,98816,MALWARE,0.9180293927614078,UNSIGNED,
F:\safe exe\mono.exe,70afa7611a4913deb03c84f9ee0c1e24ced8ee0558ea8c4d60317637417bf0ec,98816,MALWARE,0.9888893800094436,UNSIGNED,
F:\safe exe\llvm-diff.exe,201549592f24d503c0d9237c889158e910a1a68112b4511770b35423b9609991,98830,MALWARE,0.9387690347540748,UNSIGNED,
F:\safe exe\mumble_ol_helper.exe,e250a79cebae3e944fe4fa1d4ca4efbc284b974fd56f018b7178db8917b2dbb7,99328,MALWARE,0.985154599821488,UNSIGNED,
F:\safe exe\RunBrowser.exe,505ed85675cdd1700fcc3926c37da0d5cb4987e8864777e66e9989120fa05675,99328,MALWARE,0.9836375660916736,UNSIGNED,
F:\safe exe\dmidecode.exe,52e6b9737cdb00fca2bc32621734745b3c79f8257c4a7478c994ca037285b8a7,99342,MALWARE,0.9843917705871195,UNSIGNED,
F:\safe exe\llvm-cxxfilt_199968DC.exe,199968dca050cae2977e18a073e01b95cc897f92fcaa3ca4dccebe87e111f0ab,99342,MALWARE,0.9819566586893533,UNSIGNED,
F:\safe exe\grpc_cpp_plugin.exe,d4858a52bfbbcbae56637a7a3e545e3fd87882c7d6f0cf91b5debb135d3299b5,99840,MALWARE,0.9772091360285763,UNSIGNED,
F:\safe exe\llvm-bcanalyzer.exe,c9d0013a856ad4188a89b78e553c2bd16e9ac01f8d1ee9999b2f1d647101d01a,99854,MALWARE,0.980317225752897,UNSIGNED,
F:\safe exe\llvm-modextract.exe,2ee1efa343688a1c5e6339cbec96b5f3ab72b3df5609fcbc92ecacfaf8ceb50b,99854,MALWARE,0.9226040665074402,UNSIGNED,
F:\safe exe\split-file.exe,a18128eab341db1b5ade9f22daef8f3475761a56971e9f242694a71360896195,99854,MALWARE,0.9331149007322184,UNSIGNED,
F:\safe exe\clang-20.exe,561ff01e5cbc1da2e1999b40038b8f39d19b92be5afcf592ca64858fea74f9a2,100352,MALWARE,0.7534926436971159,UNSIGNED,
F:\safe exe\gvim.exe,1952e25105b0bad7845bfe0d830016e6b5ae7efa4ac56629664ab957edf8651b,100352,MALWARE,0.8276462807084123,UNSIGNED,
F:\safe exe\pg_dumpall_100352.exe,9e71ad99bfcbbe78c691eadb5dfefc14fc1f40f4295974b625e7ceeee243a8dd,100352,MALWARE,0.5017633221797693,UNSIGNED,
F:\safe exe\vim_100352.exe,3c3509c826278d94f773c5071cb92a090ad8eb734fb2bce27e759572ce36301e,100352,MALWARE,0.580091973484758,UNSIGNED,
F:\safe exe\qtattributionsscanner.exe,17dc08856a1cda3f5b824e0fee3cd6bcabbf5eee6e48b92d52e6747ffe54cb3f,100864,MALWARE,0.9069048267288566,UNSIGNED,
F:\safe exe\llvm-mt_BC926209.exe,bc926209d903fef9ce80426aa47332e9283996274258aaa61f555db73d7fe574,100878,MALWARE,0.9561121238163915,UNSIGNED,
F:\safe exe\htcacheclean.exe,052513f830091ee01f28b23ab5f8c9e2bcb07bce3439d3793741d94b370c1869,101376,MALWARE,0.5927131416337741,UNSIGNED,
F:\safe exe\llvm-sim.exe,0d7fa2b8592362b4757d43a363730e7a1f7e16d6c919320475e2a7ae63a67d36,101390,MALWARE,0.9824220580746981,UNSIGNED,
F:\safe exe\bzip2_3737944B.exe,3737944b259bf16568e5ec6676bb96c2a358cfa2b2fbe62c09eb281fdd989aab,101888,MALWARE,0.7120794012458254,UNSIGNED,
F:\safe exe\tcomposer.exe,034fb2366be3d54a22e4a978b7ec5ec2d3dff698d612970d800dad710d2a16d3,101888,MALWARE,0.9254276146882283,UNSIGNED,
F:\safe exe\Uninstall_8F7F6CAC.exe,8f7f6caca4f947fa90ea208080019d2a37bf2b991531966f54b5be0084b1c11f,102004,MALWARE,0.9979029883684403,UNSIGNED,
F:\safe exe\bsqldb.exe,d39be3c2ce760962bf05584a96aac635892dd0d991a414375ced1472d3d22842,102400,MALWARE,0.9772689300046512,UNSIGNED,
F:\safe exe\giffix_BD0E7342.exe,bd0e7342f16c5c6bdf28c2abd3b718111ccba64eb580deeb48dab294f51f95c6,102400,MALWARE,0.5254802329211942,UNSIGNED,
F:\safe exe\renpy_559D5CA2.exe,559d5ca234a68bac5a9b1130f9ec73512c1a20178daf0ce04154cbe83dcd32fe,102400,MALWARE,0.9997877668706441,UNSIGNED,
F:\safe exe\unzip_102400.exe,39dd69f54b934c34e84fe19747a5d3ad118b54d19158cdf641ca6f8b8d40fae3,102400,MALWARE,0.9948739457079374,UNSIGNED,
F:\safe exe\llvm-cat.exe,b6d90990cfe71d377838cc54517bc89ec96024ce59dc0eca6752b53b3e4d2119,102414,MALWARE,0.9735427242947343,UNSIGNED,
F:\safe exe\uninstall_B9B34F63.exe,b9b34f6327459ee1cb1471ae8ead0710e4165a3faf17556394b59ae918a5f278,102443,MALWARE,0.9937238428291043,UNSIGNED,
F:\safe exe\bsdcat.exe,ac0e4c56ed7995d18f754a2211baff43ed8b117f7b7fd40e256fb6775b2a696d,102912,MALWARE,0.7966469081594616,UNSIGNED,
F:\safe exe\bsdcat_E3355F13.exe,e3355f1308556931e01f992972e50a9e336e1d93523c96623fbeb436df9d1921,102912,MALWARE,0.6961310981828833,UNSIGNED,
F:\safe exe\hitmanpro_616E469F.exe,616e469fc52164c1a4deaf69f9ad9091399e584185ba5a1d623d568896167a55,102912,MALWARE,0.9916099300091828,UNSIGNED,
F:\safe exe\makelink.exe,179cba03fc464579ea92727d60faf51a4e0382696b73e9590da331b9f89b924f,102912,MALWARE,0.9984936043727856,UNSIGNED,
F:\safe exe\Uninstall_B56E97B1.exe,b56e97b1fa10d35d24a8516da36dccbc1e4425aa653431469a9fa3a8f5afda7f,103124,MALWARE,0.9965200401541865,UNSIGNED,
F:\safe exe\hwloc-ls.exe,8001f42ac401f1c51bc4a315752abe63277b64bc60997096eb55d70e266deb9d,103424,MALWARE,0.5940440801485867,UNSIGNED,
F:\safe exe\llvm-cxxmap.exe,68233e7e5d442dca8e065af473d5105471d22966c5085935f875d6bede68b090,103438,MALWARE,0.9826514571126436,UNSIGNED,
F:\safe exe\ClassicIE_64.exe,1cefe68a7cf15038be66512188e4eed701400a9a9b0a7bef2ea2bc644192488f,103736,MALWARE,0.9019303207329167,UNTRUSTED,Ivaylo Beltchev
F:\safe exe\llvm-cvtres.exe,509336a27bd5bb7b9630d6a1e68cd819a18ce8f963ae635c82716dc0d8f16618,103950,MALWARE,0.9177482881634321,UNSIGNED,
F:\safe exe\llvm-undname.exe,158f4ea3cf691d9e392f5cb16457f80a1fec802b46ce72d172466e0cd212f0ff,103950,MALWARE,0.9035069084861667,UNSIGNED,
F:\safe exe\df_103955.exe,20c0a7ce5fea2b13a68ce50659dcd72f1f643f5a5526607626e5b263adfec714,103955,MALWARE,0.4050820248776262,UNSIGNED,
F:\safe exe\Uninstall_103990.exe,44c972ead0c2ab9499a51cd341d8052ebb05d8c20bc0cf93e1c932befc1b2473,103990,MALWARE,0.9968640864720735,UNSIGNED,
F:\safe exe\ClassicIE_32.exe,14192fd62976e923a7e1dfafa285bdca25f9c3fc7ece1566a9a49826af859e7b,104248,MALWARE,0.9648513999500334,UNTRUSTED,Ivaylo Beltchev
F:\safe exe\llvm-as.exe,221ddb2aa9bec054b972bbfb9e85e5936efacf258acd5b3a47b2a277939388da,104462,MALWARE,0.945787394003505,UNSIGNED,
F:\safe exe\llvm-split.exe,12ea3a52773ab08e90a76ce3208f9f7b8c828b7837e522930db93ab3df010923,104462,MALWARE,0.9868379723297058,UNSIGNED,
F:\safe exe\radare2_2778905B.exe,2778905b5170170ac1f49c5d054bd924bd387096fbaa6a9ab0011758c2f54dd5,104960,MALWARE,0.40208791138278493,UNSIGNED,
F:\safe exe\Coreinfo64_50354482.exe,50354482adc8d4f22b8f7513190a527a371983f5335f89a9dca57f138de266a2,105472,MALWARE,0.9940718822905944,UNSIGNED,
F:\safe exe\Coreinfo64_C0E62224.exe,c0e62224ea54bcc523c809a3676bd4325e9f6faf95e54fc25c6f8ad91f1c64aa,105472,MALWARE,0.9940718822905944,UNSIGNED,
F:\safe exe\CoreinfoEx64_32AC651E.exe,32ac651ec042fb633bda5c7449354c407b828293badde9e0d4c2fa8504cbd35d,105472,MALWARE,0.9943449748599423,UNSIGNED,
F:\safe exe\CoreinfoEx64_4E59B9D4.exe,4e59b9d4aae7b14e983f855947e61193d2ccf51d34ba8ba378bc5681dc81f38d,105472,MALWARE,0.9943449748599423,UNSIGNED,
F:\safe exe\CoreinfoEx_07A32CFE.exe,07a32cfe396ee5305b87da926a3b29299b9dd08759e27a010af84ceeb802cb91,105472,MALWARE,0.9946988281752104,UNSIGNED,
F:\safe exe\CoreinfoEx_F4C7864C.exe,f4c7864c432714359b8ad81d24257b9703bb3bd43e4cff381602e734d721c19f,105472,MALWARE,0.9946988281752104,UNSIGNED,
F:\safe exe\Coreinfo_46A0F8BF.exe,46a0f8bf6f9f6606f0192cde607d259e11f9d8aa3472677df11f91746528d77f,105472,MALWARE,0.9933896352485136,UNSIGNED,
F:\safe exe\Coreinfo_4E13B292.exe,4e13b292d4fadea9194566fb6e3de9d2c6a0c0be3448ff029053084eaf62ef96,105472,MALWARE,0.9933896352485136,UNSIGNED,
F:\safe exe\llvm-debuginfod-find.exe,dbfbdeacdaf3d04d749b3f3bf6df65edb9880b0b1522f0d2ebd9051b9c51c273,105486,MALWARE,0.9689749902781567,UNSIGNED,
F:\safe exe\clang-reorder-fields_F9C69E83.exe,f9c69e8309bfd590321c727525c0d2d900259a4e65da8e9c71ab812d5c3dcd5e,105998,MALWARE,0.9783287030825739,UNSIGNED,
F:\safe exe\yaml-bench.exe,5aa5dbcc1e217fe50d9f276f6121fc1ce0a3463c3f4b5e86c171999acaef2df7,106510,MALWARE,0.9343780539280038,UNSIGNED,
F:\safe exe\bgspawn.exe,68250d896751d85559ee483186e5d4bc52f150c34853ea334457f9d2538b63b0,107008,MALWARE,0.9996620463049511,UNSIGNED,
F:\safe exe\giftext.exe,982db590c65e9207ab0796e8eef07c0e33564f828ae97d48fe794b77d63e896f,107008,MALWARE,0.47120082227500215,UNSIGNED,
F:\safe exe\CCleaner64_6E498884.exe,6e498884cbd513fd1af8de2d9c0a6783fafd78929065296fcf3a5c937d10177f,107520,MALWARE,0.9902206221664758,UNSIGNED,
F:\safe exe\CCleanerCrashDump_0EF23DE0.exe,0ef23de05810611db8948f66103d6f527481f8fcd40bfc89277d4c8074460531,107520,MALWARE,0.9913106394188035,UNSIGNED,
F:\safe exe\CCleaner_5E344B89.exe,5e344b899d430d3217ecdebdfab4de13424e36973ffac7b2bf75b9a013c20dc0,107520,MALWARE,0.9902206221664758,UNSIGNED,
F:\safe exe\elevate_9B1FBF0C.exe,9b1fbf0c11c520ae714af8aa9af12cfd48503eedecd7398d8992ee94d1b4dc37,107520,MALWARE,0.961163088344284,UNSIGNED,
F:\safe exe\gif2rgb.exe,5fbd673a21068ee363487bdf598c2f6a5b46fc15445765c6066980cf4504c8f6,107520,MALWARE,0.5029152807956677,UNSIGNED,
F:\safe exe\patch_201C181F.exe,201c181f2e9a57fe2558f7cb77046321fead49d7e745f544f1ede5cab7121cc6,107520,MALWARE,0.9955171029419223,UNSIGNED,
F:\safe exe\dig_108032.exe,4f8efb97199ae601d3cc75a3134689e9b8337a4eb2bca8a50c50db82cb21c1de,108032,MALWARE,0.852586711664369,UNSIGNED,
F:\safe exe\elevate_91288EDC.exe,91288edc541af3e3791c6e9ec31df078ec9036bfc980f1ddb8b510154d2b5819,108032,MALWARE,0.9994624082531985,UNSIGNED,
F:\safe exe\pg_controldata_6F941B9F.exe,6f941b9f08bd6995c22bf13b0a9b7a94be099ffb6908e444a1251f7e68629be9,108032,MALWARE,0.5237798150812385,UNSIGNED,
F:\safe exe\TortoiseHgOverlayServer.exe,1bca7f8e057095f69ed41ed8fb7170474129d16790ce232f830d08abc6826098,108032,MALWARE,0.9288677892641275,UNSIGNED,
F:\safe exe\winutils_0922EAA9.exe,0922eaa9a4771047da519bd777026403895fba7a57d2a5aef3001a2a2a325d25,108032,MALWARE,0.8652146691756473,UNSIGNED,
F:\safe exe\clang-extdef-mapping_AEC5CC8E.exe,aec5cc8ec215384bcdeff9f93fe85de6ccd1d4d8cbcaa7f9ef2ff8fd02a3c4f3,108046,MALWARE,0.9716084422864064,UNSIGNED,
F:\safe exe\yaml2obj.exe,4b8ba2ded7b9c97a728031d8ae606ded1fc979a667592059b978e5a83e17fd1f,108046,MALWARE,0.935971517575284,UNSIGNED,
F:\safe exe\xmllint_040EE630.exe,040ee63019b971cee28734fcbfdda77a39a9f2f5c061d88b53be44aef629d6c9,108528,MALWARE,0.9565046990637194,UNSIGNED,
F:\safe exe\trid.exe,d8c91ee0720759d44aac1dc16f9b400da5fd259748aefbca5a549329396d2483,108544,MALWARE,0.9867626276223819,UNSIGNED,
F:\safe exe\icuexportdata_7B7261C9.exe,7b7261c9f454b61ebff4a35f5c18211bdbcf1737d1e8d19c76e5b84c3ffbb172,109056,MALWARE,0.9513203165185965,UNSIGNED,
F:\safe exe\renpy.exe,1d90ebdcbface34fb4417fc40541e588708a4aaeaf1136a385fb1a65c12e573e,109056,MALWARE,0.996971453338521,UNSIGNED,
F:\safe exe\iswindows8orgreater.exe,295f427662ca89abbbc477272b1c391a4b2e51fcdcc058c68d2701ab0e2834ce,109568,MALWARE,0.9970271453675345,UNSIGNED,
F:\safe exe\llvm-tli-checker.exe,ecc9e9c38992dc44225302cdf4c1c62ded19cda75c6c0c6bb9a60a0453ea2974,109582,MALWARE,0.974484712717357,UNSIGNED,
F:\safe exe\abs.exe,3174b080e894dc3d49dd16a96f37f67a3f3830dfd770cbfaffe4dbaaa8e54442,110080,MALWARE,0.8658821394261857,UNSIGNED,
F:\safe exe\mongoose.exe,67ddce1563fb3756ea05ee764a2e889b62065fcee72cbdb3d4e280516d3f46d1,110592,MALWARE,0.9993786176193925,UNSIGNED,
F:\safe exe\rustc_6D1C5543.exe,6d1c5543ed3a45cfbc1c1332d42d6550d883c14d3c2e323427e631c331cebeeb,110592,MALWARE,0.4455594262855821,UNSIGNED,
F:\safe exe\rustc_CF79CFD7.exe,cf79cfd77b0a144c56a0a6af6bf10bcdf095a73718cd4bf2b9d4fe2d2cbded55,110592,MALWARE,0.41435523843417943,UNSIGNED,
F:\safe exe\WinHelloCPP.exe,7a98a934de5f578c3a547af873221b221d037bafa87ceee71dd4f089dd228202,110592,MALWARE,0.996014771946203,UNSIGNED,
F:\safe exe\verify-uselistorder.exe,48b1b8fffe77daf42d016cef061b2d9d0e1bc76131c5ffd25ced626f3dc5099f,110606,MALWARE,0.9862517178155782,UNSIGNED,
F:\safe exe\w9xpopen_F3A34D21.exe,f3a34d21061c273b7701e0500d680e85defe88497234d7b6a723d3e9c36c9076,111104,MALWARE,0.9907629527467602,UNSIGNED,
F:\safe exe\Uninstall_6FD29ADE.exe,6fd29ade2bee4d80005a56838889df8cb03fce7344e96de730581b85b52e59f9,111232,MALWARE,0.9370216971205326,UNSIGNED,
F:\safe exe\gifbuild_5099D815.exe,5099d815ce623b4cfc570d39feae84862793f3bfd1105f4f52179568bca9181c,111616,MALWARE,0.437773219334434,UNSIGNED,
F:\safe exe\lstopo.exe,d0c7d0a2e4563556d112254cf65922bd96f9545adb9f769a34421a82cf3c8522,111616,MALWARE,0.4645837370255817,UNSIGNED,
F:\safe exe\uno_703A82B0.exe,703a82b02f734194be32a4d332aa0f4b0abde53ade13f23868a984a37a7f800a,111616,MALWARE,0.990195061759338,UNSIGNED,
F:\safe exe\patch_112128.exe,efc277fe48cadd8f5014d499f2b9484f668bd917db47a699baace407f0a52f13,112128,MALWARE,0.813565463797889,UNSIGNED,
F:\safe exe\qmlmin.exe,33d99b8af3d7c6205714952c2b1b05667e00e9642b0a3beb338d370f8cdb08cb,112128,MALWARE,0.9518198180034951,UNSIGNED,
F:\safe exe\qmlmin_DA3E0E7C.exe,da3e0e7c8ff4dd7ddea1bdd8a2c409de2ad9297130454db843d082dd2ee6f517,112640,MALWARE,0.9456641227678149,UNSIGNED,
F:\safe exe\tiffcrop.exe,7c97904f8ccd170934105e679c3be976f09a9e86c9d5bd6d2ab272db748dd800,112640,MALWARE,0.7680482841438969,UNSIGNED,
F:\safe exe\clang-apply-replacements_445711F2.exe,445711f25debc79a8c15171e74d56c2b13a1979e2a4762270fc2be109efd4725,113166,MALWARE,0.9801261877751702,UNSIGNED,
F:\safe exe\uninstall_B1390D67.exe,b1390d67ff52a96d832a90f1148a0cd193494fbbdfe0370b5f896edec7255358,113297,MALWARE,0.9968840949907762,UNSIGNED,
F:\safe exe\qlalr_F40B4F97.exe,f40b4f97975eab18598d16a3225e000192faa2f27ef036980a5a9228f9bebc00,113664,MALWARE,0.8978733399081404,UNSIGNED,
F:\safe exe\UnifyingUnInstaller.exe,6742765648e4081eeb4e7fdc7d2bcd56813f6b7f508da567a4699bc3ed84ade5,114034,MALWARE,0.9965659906788918,UNSIGNED,
F:\safe exe\hp2ps-ghc-9.8.2.exe,a2b0066d7a18a3788006a42457407444a9b8379616e8332c8aa3c3e199036529,114176,MALWARE,0.7485418816976922,UNSIGNED,
F:\safe exe\qtattributionsscanner_D7C0848E.exe,d7c0848e57d3db93b26420d95c8ac9590193b0194481e6aedecb2a9893f92722,114191,MALWARE,0.6046671113191788,UNSIGNED,
F:\safe exe\Uninstall_2B783138.exe,2b7831387004bc529ecba3e6abfb82abd6ee98ddd15796fd725be465459ce26d,114481,MALWARE,0.9997833764383908,UNSIGNED,
F:\safe exe\llvm-cfi-verify.exe,ce08052d826449b26ec933960821c6b60efbdc66f234ea721d30915aedb10dbe,114702,MALWARE,0.9206211294831457,UNSIGNED,
F:\safe exe\apphost_D85A375A.exe,d85a375ab50c7f262b6b151f9d2be1c29cce78e7dee0c7a315433fc65b9358a9,115712,MALWARE,0.9635142471286752,UNSIGNED,
F:\safe exe\exrmetrics.exe,cc7de328abc5bb232cd45e00487506121f8eb3df22b7c68ff80e1e09d8e666cb,115712,MALWARE,0.7504417851304834,UNSIGNED,
F:\safe exe\gifclrmp.exe,763d241889b97f7c3d9c82056ea5f6fa532fa3307bf4237a5e06edaf5c201c26,115712,MALWARE,0.5406949751297362,UNSIGNED,
F:\safe exe\llvm-dis.exe,6ac613e75646fd908ed24138883c55fd42aff5fb7790d014e921c453216acc36,115726,MALWARE,0.9020248699509447,UNSIGNED,
F:\safe exe\UnInstaller_69104E15.exe,69104e1596a37342a8e78dea4bb5f27d07de12bdd8c92f46ca7a45c018ad4896,116427,MALWARE,0.999021676374334,UNSIGNED,
F:\safe exe\llvm-opt-report.exe,a9aae85f8107ed860899cd75841c9c9e58f58e2e7a9be48a59e535344775815c,116750,MALWARE,0.9826032161684182,UNSIGNED,
F:\safe exe\uninst_ACF63ED6.exe,acf63ed62726c5d51357ae8b80adbd23c803a84b447d6ea5117241079d041e99,117208,MALWARE,0.9110195181098657,UNSIGNED,
F:\safe exe\fsi.exe,823a6d30249592e1f5ad5e658af51a6bb110931a0434aa734fb0f17e8db04c19,117760,MALWARE,0.7336518883274404,UNSIGNED,
F:\safe exe\offlinereg.exe,6ad78c3e6a07ec84bbe399f3be156edc3ee1da525bd87f7c0c716846708a111a,117760,MALWARE,0.9983269257102207,UNSIGNED,
F:\safe exe\pg_walsummary_E1D08533.exe,e1d08533192d38578af6351e495b688effedba2e852301e9260062c5a77e2341,117760,MALWARE,0.715601466277315,UNSIGNED,
F:\safe exe\fsiAnyCpu.exe,84d0975abf379aedfac46bbabfcdf150f381f78e52bc3402c8cda3acccaf9828,118272,MALWARE,0.6318844031025924,UNSIGNED,
F:\safe exe\grubinst.exe,7ae61b88d70606de8bf94c3dc55f869a235d6a872fbc2eff8df5cd6a08a6390a,118272,MALWARE,0.8925463660294884,UNSIGNED,
F:\safe exe\clang-check_003622B2.exe,003622b2270af0ee7f0278601934ae9057292e16987d1ba9b7a64f97e38f861b,118286,MALWARE,0.9501816659447743,UNSIGNED,
F:\safe exe\ac3config.exe,25230fe124240eafddaa61de14f0d5cc4df8793eef134e7841525100238a9555,118784,MALWARE,0.9508334121390085,UNSIGNED,
F:\safe exe\htpasswd.exe,65b5e932ff0cd5ce629a55f85da775445cf251f6299eaae2527eb9d55649a11d,118784,MALWARE,0.8842354711507949,UNSIGNED,
F:\safe exe\qmleasing_E6472759.exe,e647275921e6818bdf0a31264a768df7a977738d5db10d19f28ce7b55479c799,118784,MALWARE,0.9814254166236884,UNSIGNED,
F:\safe exe\Regshot-x86-ANSI_28408F9F.exe,28408f9f79c5f9fd8c7d6101fc30073ec5a0378bdcd76f680328113a2920fe0a,118784,MALWARE,0.9935866154847386,UNSIGNED,
F:\safe exe\tfarmcontroller.exe,8073eefaeb92f709ffb802934b37b0495d353df43ebe2132f06292de375fff51,118784,MALWARE,0.9831872636735894,UNSIGNED,
F:\safe exe\clang-offload-packager.exe,0de53025cf1a75f84df9ed67347f9fa56b16468f816257bafd6839801f2c49d5,118798,MALWARE,0.9797099350608658,UNSIGNED,
F:\safe exe\apphost_119296.exe,3419fe3f22d01ddb06c1e6b1c9c65505336af37dd793a4865dd84e8e930c7af2,119296,MALWARE,0.9339763156138302,UNSIGNED,
F:\safe exe\clang-repl_8A1FAC19.exe,8a1fac1943c296e358cd4ff77ffbedf5b1524abd4451f254c38609651a8d9de1,119310,MALWARE,0.9439762604824308,UNSIGNED,
F:\safe exe\h5dump-shared.exe,d45bed2114665a45ca8642a9176b6151d61b9699776bd6a64010b0fc0e50e11a,119808,MALWARE,0.9023063664658177,UNSIGNED,
F:\safe exe\qmleasing_D35D39AD.exe,d35d39ad060aa357b8b5e0a3c4b5948cc0b7b52edb72fccb1f53bd76feb0fddc,119808,MALWARE,0.930175333152936,UNSIGNED,
F:\safe exe\blas_switch.exe,98d62a2216f3408506270cb6aa7f49a28359d661c776e55b4e5a8cb17db8c64e,120320,MALWARE,0.895365619616529,UNSIGNED,
F:\safe exe\fbSampleExtAuthKeygen.exe,22ac4e486394c808885f7228111e473ee28563dfba45db18403d854b94951225,120320,MALWARE,0.9925171320789792,UNSIGNED,
F:\safe exe\opengl_switch.exe,2bc160d785452e4f0fa406312d07a79d0f65c16c07081ecb95bba4b0c4078e9a,120320,MALWARE,0.9082634114200379,UNSIGNED,
F:\safe exe\taskcoach.exe,eb64fba1039be787d644f8774bc0107f383cc63e87538e09940a3ca65ec03ed0,120320,MALWARE,0.9986934001909706,UNSIGNED,
F:\safe exe\nvptx-arch_F9E50455.exe,f9e50455496d3ee40395705c23241cce6232270ae29d2c2ee0f87e332939cda3,120846,MALWARE,0.9521067167162243,UNSIGNED,
F:\safe exe\erl_0600F2F4.exe,0600f2f42fc79d03a5fb85913e4201e9b46f37d27096b9cbebeb7b6d90904c59,121856,MALWARE,0.4697459120015229,UNSIGNED,
F:\safe exe\erl_121856.exe,3c315dc0a74aa512db92dd8cce3898ae8106b0859fa5e11991788015c0386a98,121856,MALWARE,0.4697459120015229,UNSIGNED,
F:\safe exe\erl_F5DCFE08.exe,f5dcfe0897ad1097c0a1882072043e84e76fdbaef6040bd2c7c563fba8a5d516,121856,MALWARE,0.4697459120015229,UNSIGNED,
F:\safe exe\run_fontforge.exe,fb5bd5634547fc8dcf07dca4bee0f9710cfdaebd49c7e12ab283b5f9652c926c,121856,MALWARE,0.9978131199413461,UNSIGNED,
F:\safe exe\vlc.exe,29f3257cdb62e2b07a6707a521f6cb6901abfc40d87148c9d69ccebe99a1ede7,121875,MALWARE,0.9326282370108123,UNSIGNED,
F:\safe exe\PathTool.exe,e59d34a9703cd0968179ee3e99aa119042dbb6aaa275df629c6203da2d9f8521,122279,MALWARE,0.9999793511999674,UNSIGNED,
F:\safe exe\emem.exe,a8fa9bc2267e38e3535f87f1b2cb5f343a66f160891dd5f899e862f85d28511c,122368,MALWARE,0.8990522025637205,UNSIGNED,
F:\safe exe\amdgpu-arch.exe,25ba63edad34b919235134cfada1a5172c35419ab37fe7986554daaef4233772,122382,MALWARE,0.9734744448585749,UNSIGNED,
F:\safe exe\clang-offload-bundler_9CE8EF00.exe,9ce8ef00e451d8f3e05988b2a864ad8b4678d784c0de859d281ffcb1145980eb,122382,MALWARE,0.8711961540315072,UNSIGNED,
F:\safe exe\pp-trace_D2717DC7.exe,d2717dc71bacd75ce21650f09d3fa5b60d61818b8dd8d6325e630069f12b1cae,122382,MALWARE,0.9005738617270292,UNSIGNED,
F:\safe exe\Uninstall_E9530C8C.exe,e9530c8cd998626f92062bc72f36fc55dfaf086636f03a97c71fc375d512ee09,122731,MALWARE,0.9990711253439045,UNSIGNED,
F:\safe exe\uninst_E523FCDB.exe,e523fcdbaefafee37dd810e6e4e9d58e677c4c0f64c5b392b0c424bf4c591e52,122748,MALWARE,0.9942867082708563,UNSIGNED,
F:\safe exe\apphost_122880.exe,4d1ee3eea5f0148fe49234d1bec941eaf21e6c445bb606ee04cbf0e64d32cb74,122880,MALWARE,0.9171609494491402,UNSIGNED,
F:\safe exe\pzstd_F4FCCD79.exe,f4fccd796153e3da918e7abfa38ee644669b943a7caa55798207c6bd9619c3d4,122880,MALWARE,0.46309617252341206,UNSIGNED,
F:\safe exe\Regshot-x86-Unicode.exe,d4cba517118ff995bcafa3538fbdaee99212fe1fbc2147c0c6dc440e991b6ec9,122880,MALWARE,0.996522441890173,UNSIGNED,
F:\safe exe\saga_cmd.exe,d9c73d22cec64ffd0de9336d34ae1f98f6f22bfe4b2157f22a822403af9cea3d,123392,MALWARE,0.5314508015307259,UNSIGNED,
F:\safe exe\gzip_123411.exe,55490883e7582b2a148bdad4cbec69dcab8aea94f28e4c8a7f674f569db53a0b,123411,MALWARE,0.6652202238948715,UNSIGNED,
F:\safe exe\vlc-cache-gen.exe,c4d0826fae3ac9dcd7c5aae93a27632c31e7b7320b3598f6eb5335be1de1da37,123411,MALWARE,0.6541453839314871,UNSIGNED,
F:\safe exe\edit-git-bash_0C28F240.exe,0c28f2403aca4ff80f4412c233b721217b9d564f00ecf8b1754055902178c419,123440,MALWARE,0.9394644280375865,UNSIGNED,
F:\safe exe\rcc.exe,b08dc5074fe6cbb48c4a03c68c691683397afa0f59a2c63ecbbffaa0e99697bf,123904,MALWARE,0.5099340268499837,UNSIGNED,
F:\safe exe\docker_85A52D4E.exe,85a52d4e66f2947f6488d99e4ddb7c2c02e07087067c90a0911aadce3dd00f2f,124416,MALWARE,0.5189944447146498,UNSIGNED,
F:\safe exe\docker_B6101975.exe,b61019750897bd7776b30c2e526c758ea33f6cc39c8403f6012db84ba0b7189f,124416,MALWARE,0.561368690016604,UNSIGNED,
F:\safe exe\docker_DD10EE32.exe,dd10ee32240ab85c3be8c6d12e3a4b7f9500f4452a67c8db60e7bb73395eea13,124416,MALWARE,0.5189944447146498,UNSIGNED,
F:\safe exe\htdbm.exe,c1a24427bf898e8eca59880e64f98304acdf434aa0b845dafff83de0aedbb7a4,124416,MALWARE,0.8398578568214113,UNSIGNED,
F:\safe exe\llvm-jitlink-executor.exe,255cd33690a5ca4777e43b27d7c0b5d5c6cb5fe3a3633a718bd05b24155da6ac,124430,MALWARE,0.9325303654334736,UNSIGNED,
F:\safe exe\loaddll_E844063F.exe,e844063f3bcc11c0df8b6868ab510a7e893264001d0763e51b56f00e3256c4c0,125344,MALWARE,0.7040733851026458,UNTRUSTED,"Open Source Developer, Duncan Ogilvie"
F:\safe exe\qmlplugindump_D79B268C.exe,d79b268c845f57a5b13b1afa7d97880f30dac3aec05eb9c9911399e999c32aed,125440,MALWARE,0.9796478879833161,UNSIGNED,
F:\safe exe\qmlimportscanner.exe,e2b1d2b72730f0cf7a3806d98a934e34b695f5eb151afd4e361f05c6f0fac53d,125952,MALWARE,0.8286768756195291,UNSIGNED,
F:\safe exe\llvm-stress.exe,2b10252aa3945275a4f3b44953480aa72db51bb2fb50ef2f3b648ff1951ac6af,125966,MALWARE,0.911119986703692,UNSIGNED,
F:\safe exe\pd.exe,1d26b0c30497697da01d1159b5819fa231059293a647de6b960c28493e527e06,125977,MALWARE,0.9982354431352205,UNSIGNED,
F:\safe exe\Uninstall_B130E7CF.exe,b130e7cfb6fc48dca3c6448734fa97e93e5a5c44efdc8f4c38cbe0de72055607,126476,MALWARE,0.9989645982136182,UNSIGNED,
F:\safe exe\clang-include-cleaner_725F8A4F.exe,725f8a4f246503f314ec3d1f4de623ad04e1023fead08eb6f6274a89c46684cf,126478,MALWARE,0.9077740525324349,UNSIGNED,
F:\safe exe\qemu-uninstall.exe,7e8d8f5ffe135c6de8c61e5a851f555d1a90a5e946bc577752f64bf8fe0a76fb,126600,MALWARE,0.7238305932236531,UNTRUSTED,Universität Mannheim
F:\safe exe\evp_test.exe,07f6f14b459db61dea7fb4750e6ca0bbf48ad1e2fafb71bd2d48df9772e552c9,126976,MALWARE,0.8992796095385223,UNSIGNED,
F:\safe exe\make_126976.exe,1aa57760cf4020a12d4e8b89c6f4c300d7014c89109817f1b4dd78232bc5b0c2,126976,MALWARE,0.998289358098958,UNSIGNED,
F:\safe exe\qhelpgenerator_9BF8484A.exe,9bf8484a8c95473462686e53e7c71452d62c72605b832929c4ee2e741a2dfa58,126976,MALWARE,0.9799021751292096,UNSIGNED,
F:\safe exe\dbeaver-cli.exe,7184612bb1419792f31d23814b4a368066abb06d95e95fdde10ddc093140f8d3,127056,MALWARE,0.9371177178050688,UNTRUSTED,DBeaver Corp
F:\safe exe\apphost_A02BE626.exe,a02be6264cec3d2115e6a924adf7713f97cf59649abc664d32209866529ffbcc,127488,MALWARE,0.9947430710918408,UNSIGNED,
F:\safe exe\gperf.exe,411867b9020a11bcca526fde905519576ae9623105fc931a39412179f45d4299,127488,MALWARE,0.8991775713478694,UNSIGNED,
F:\safe exe\gdk-pixbuf-pixdata_C74FF0BB.exe,c74ff0bb83cdf078d3b77c1911dd7a662e3351be0d3e260dcb8f747d01efdd4d,127923,MALWARE,0.9060142049903365,UNSIGNED,
F:\safe exe\mumble_ol_helper_x64.exe,1d3c442b59c4d0a86727aa726cd7ff3ccd4560743c445e509d08e69dab5dfb08,128512,MALWARE,0.9891770319683358,UNSIGNED,
F:\safe exe\llvm-strings_B12740EE.exe,b12740eea3585983b72caea8998d10f210665034c48d5442cad34a6853e9a828,129038,MALWARE,0.907184417835411,UNSIGNED,
F:\safe exe\gdk-pixbuf-csource_D9AAB1D9.exe,d9aab1d990768d2e750f4bc1e6c58d394eb6d6b6a510bad980a466ae173edfac,129443,MALWARE,0.9101191160489439,UNSIGNED,
F:\safe exe\OpenCover.Console_B3A4DE37.exe,b3a4de372612ebaf8933b8a267792ad240c9bcb51aefa5601f04ae118c63c937,129536,MALWARE,0.6600145319666763,UNSIGNED,
F:\safe exe\unpack200_D70EB537.exe,d70eb53720105b8ba57f79a8d9d09a7db63f986d950fb23af10f2050d2f6fb25,129536,MALWARE,0.7994092758001196,UNSIGNED,
F:\safe exe\tesseract-uninstall_781544C9.exe,781544c90cf26794faaf4e7ae488da758c3e9edb0867df60ca253e07a77e4055,129794,MALWARE,0.9973710639754492,UNSIGNED,
F:\safe exe\clamscan.exe,ed46acb97949cb53d2e690363855b923b31d8f26434c71b91e528d6a6c581007,130560,MALWARE,0.8193254859297953,UNSIGNED,
F:\safe exe\llvm-debuginfod.exe,51621c5df997905e89efbca26f886430138dc4af688168d8fba9b73f2a78f8c8,130574,MALWARE,0.9680193019175702,UNSIGNED,
F:\safe exe\uninstall_EEB4058E.exe,eeb4058e47a248cc2aa05ee55246de88be58d8908140d7b12d9adedfa1ac11f6,130836,MALWARE,0.9988525147937118,UNSIGNED,
F:\safe exe\projsync.exe,746fc0f2f9485dad53b4572d5a8881945b01df7e0eadf07294f54808115c0aba,131072,MALWARE,0.9810138140930463,UNSIGNED,
F:\safe exe\llvm-cxxdump.exe,22a2f7111d3441d5b6f9a685e67cbea8912139b2a9c783c640980c878cb11254,131086,MALWARE,0.9671881604750484,UNSIGNED,
F:\safe exe\PAD.Console.Host.exe,0381a517b4ae3cf937a2850d009a2df3f65bc918945b236b90d58844e6d33b8e,131584,MALWARE,0.9463292671771936,UNSIGNED,
F:\safe exe\Regshot-x64-ANSI.exe,d41b926d62c3a99fae12bb0116f2cdf5f382a883d508bb7feb7734c09682004c,132096,MALWARE,0.9398612384087689,UNSIGNED,
F:\safe exe\llvm-addr2line.exe,e355ec763272f5a687fc4edf40ee1d12b2f02296ad701aa12b012158244ea6e8,132110,MALWARE,0.9276057962855224,UNSIGNED,
F:\safe exe\llvm-gsymutil.exe,32647026396253f881beab672878214da620c748328e3a19021e70be1bb6b7e4,133134,MALWARE,0.9494260382455141,UNSIGNED,
F:\safe exe\UnicodeNameMappingGenerator.exe,70d3aa4e6cf4ba0b591cb182650e8e9143054eff12acbc2e555f44c0ce245736,133134,MALWARE,0.9690329675599983,UNSIGNED,
F:\safe exe\renpy_A14EB6E6.exe,a14eb6e6cee2f5225a0a2fbd360f8cfab60eb25812458289791e92c35919812e,133452,MALWARE,0.9943055557385146,UNSIGNED,
F:\safe exe\ApacheMonitor.exe,c7b36032cebb3e61c0f283be135c54477196d2a8bf880831f5eed2fa97927a01,133632,MALWARE,0.9683475731050594,UNSIGNED,
F:\safe exe\qmlplugindump_B20B68C2.exe,b20b68c281ae60a11c0c10d7d8ce3987387ecd9737573dc0a378406cd5f49cb9,133632,MALWARE,0.8493239955195684,UNSIGNED,
F:\safe exe\gdk-pixbuf-query-loaders_7B760A4F.exe,7b760a4f3b8e2b9959b7b55570eba09789ca2f1c25023ce749e8385971c7ddd3,134316,MALWARE,0.9583031720879989,UNSIGNED,
F:\safe exe\veyon-server.exe,e42884dcd6276363d5bfdfb95b1b994725405731721daeb875fe031545e9329a,134592,MALWARE,0.7479514778866296,UNTRUSTED,Veyon Solutions
F:\safe exe\clang-rename.exe,a6112ce2e20e7a84ca9b1639d5fd7e5988cdde9e95ade203846f669a286c0f56,134670,MALWARE,0.691257494366479,UNSIGNED,
F:\safe exe\llvm-lipo.exe,dbf59e5ea6778423b121f1ea8fdc59052e2d466a9e3031e420c199f2d53f0c1c,134670,MALWARE,0.9509946875975699,UNSIGNED,
F:\safe exe\uninstall_37F948A6.exe,37f948a696648bb0f03dc780dd7aeee6c33747f39b1630835752dc4e2b695fb0,134774,MALWARE,0.9956280281791507,UNSIGNED,
F:\safe exe\uninstall_B2C7680B.exe,b2c7680ba503a81b3f123c0183b921af31ab2b11cc15d02281dc3b029d5e6cc2,134893,MALWARE,0.9964580142220144,UNSIGNED,
F:\safe exe\qlalr.exe,33f888fc26629e976c41a00930f1252eff0c3ed0cef7e7d2afa248c83e561211,135168,MALWARE,0.8185644176724978,UNSIGNED,
F:\safe exe\svnserve_135262.exe,6b9f6f7f3e9537bdd99a4dec186dc5c5a515dc8ca395120b4cdf72638967a511,135262,MALWARE,0.7957131991931821,UNSIGNED,
F:\safe exe\octave-svgconvert.exe,22903310a1acd8b0b39628575bea0beaaff112d01ffb9a1652e07f42091681bd,135695,MALWARE,0.9721267911158957,UNSIGNED,
F:\safe exe\python3.14w.exe,6939e31bff3be1c0d75988b1b23ed7edfc080a4ea6a9b6be4ca63cc9e9f3fad9,135859,MALWARE,0.44084981319518246,UNSIGNED,
F:\safe exe\Regshot-x64-Unicode_299702F5.exe,299702f56210ab1860ad4b6ad7611e22abcb048114a52f15a04c896bd33cd2d9,136704,MALWARE,0.9510443516204212,UNSIGNED,
F:\safe exe\cli-arm64_A3D6A6C6.exe,a3d6a6c68c2e759f7c36f35687f6b60d163c2e1a0846a4c07a4c4006a96d88c7,137216,MALWARE,0.7616910420763029,UNSIGNED,
F:\safe exe\rman_137216.exe,ba83d488e044b0a1c8b94220555af937ae87efd411d2b918276a857a84eb704a,137216,MALWARE,0.9970677297633911,UNSIGNED,
F:\safe exe\llvm-extract.exe,41caa9570349c98404850102755568f22a437b89a431aef55e68c00ff0b1f7f7,137230,MALWARE,0.9131489013376737,UNSIGNED,
F:\safe exe\wimlib-imagex.exe,ff42379ccac1a254409067e1d42d58ddbb52c15c226fd8c9cf8723c0a80a470e,137230,MALWARE,0.95641985026589,UNSIGNED,
F:\safe exe\qpdf_E8FF7719.exe,e8ff7719e1033f1d6ea25b41b375a38584fc978c5c3d2bcfa071e2c8fb4f7f90,137603,MALWARE,0.7815803136743416,UNSIGNED,
F:\safe exe\gui-arm64_4C416738.exe,4c416738a0e2fa6ab766ccf1a9b0a80974e733f9615168dd22a069afa7d5b38d,137728,MALWARE,0.8990499378649731,UNSIGNED,
F:\safe exe\clang-pseudo.exe,9b0accdb79e129b269983ad9357978346c5545ca2514fa93eceb6796752f035a,137742,MALWARE,0.8784143013255402,UNSIGNED,
F:\safe exe\qmleasing.exe,31e3ebc0780225ff7913bbdf4825c96e7ae7057a12467658cb5940ed87a30f82,138752,POTENTIAL_ZERODAY,0.11159744710238907,UNSIGNED,
F:\safe exe\freshclam.exe,ad0ee5d3bbaa082460042b25ff3218b5b05cb23a2da40facd0ed03775edc8b92,139264,MALWARE,0.9380741512577135,UNSIGNED,
F:\safe exe\combine_lang_model.exe,d32c2bd6b177fb2a284f8beb50d06532f961920f33ede6223d2cde04f58df884,139400,MALWARE,0.9651306592918388,UNTRUSTED,Universität Mannheim
F:\safe exe\gspawn-win64-helper-console_5EEBD9BE.exe,5eebd9be39e8eae0b16f40b579f76d13b23c393fff0e76b2b579b676a728e0e1,140925,MALWARE,0.9928032849168453,UNSIGNED,
F:\safe exe\genccode.exe,5c772b65ab70859e8ec353f02b5c2f63e7dcf198e65e4aa58d5a492da72b6fd8,141312,MALWARE,0.9993482096559709,UNSIGNED,
F:\safe exe\Uninstall_DF175BBF.exe,df175bbf5cffd5025fff32137135bec6c4b62854a18b78baabf964cbb31712e5,141634,MALWARE,0.9827322545723707,UNSIGNED,
F:\safe exe\Uninstall_4C16027B.exe,4c16027be380e9f7be48c0e9c73096dda69d56387bcfbd19ee8351605df67014,141796,MALWARE,0.9385574910638319,UNSIGNED,
F:\safe exe\nxlog.exe,172455ff28df99e2caefffb92ad908749dace7593ec8b94760ea4f163f746d76,141824,MALWARE,0.6454194981363226,UNSIGNED,
F:\safe exe\qmleasing_94728E09.exe,94728e09e016de45d98469301aee1a34a97c6f347c814a7898a1ff9481bacd62,141824,POTENTIAL_ZERODAY,0.00963686850336948,UNSIGNED,
F:\safe exe\gencmn.exe,e78a794599f9c6ef339224d70f655b414e1f01e5436d9dce07e97bfb40b38d56,142336,MALWARE,0.999090427206251,UNSIGNED,
F:\safe exe\wimlib-imagex_142350.exe,5d01b3e47b652b94ea4af40d4b492838d1c464ac4e8baddd6a407e5f366876de,142350,MALWARE,0.9820617360765221,UNSIGNED,
F:\safe exe\uninst_49F4EE94.exe,49f4ee943c028f100847a749c0a7724bfdbf8e509bd7451b34197822edfbe812,142384,MALWARE,0.9512010791363272,UNTRUSTED,MEDIAAREA.NET
F:\safe exe\Uninstall_9A2ED5AA.exe,9a2ed5aa6f5f40783619b736769a4a32817694b372f1f4f1082c1a0fb97a7489,142551,MALWARE,0.9655644382765104,UNSIGNED,
F:\safe exe\Uninstall_7BE04ABB.exe,7be04abb8b0b84cb519e02444ea8d56afce81920b9bf7ae3b0c024a7c9327ac1,142621,MALWARE,0.9997474545781877,UNSIGNED,
F:\safe exe\dnSpy.Console_826608B1.exe,826608b138ce60439dec9828aa246a847e02c34cc04a2933ba242696c770fcd2,142848,MALWARE,0.8258439204038632,UNSIGNED,
F:\safe exe\llvm-dwp_8DAA52BC.exe,8daa52bc1495e0f324c862a9a12727677b7b36d6ce3f490f0304b7a9acfc19eb,142862,MALWARE,0.964866640673168,UNSIGNED,
F:\safe exe\gio-querymodules_2B014CBA.exe,2b014cba335e090dcda6d6e427bdc9e2cfa266646d69ebd8eb6d5b72e203a467,143444,MALWARE,0.9784465739732839,UNSIGNED,
F:\safe exe\uninstall_567BF6D4.exe,567bf6d44a4548366180ddf95e37f8539ccf3267cc000d2c0dece3ee71b84e15,143456,MALWARE,0.9978232241693065,UNSIGNED,
F:\safe exe\gspawn-win64-helper_5CE07D20.exe,5ce07d2081eea668233514cc24cb687eccd80394c3de1715f3f6bb7767e4f1a3,143826,MALWARE,0.9990481207157672,UNSIGNED,
F:\safe exe\cjpeg_143872.exe,68f9c39eaba7f6b478579bdd537b76b583d3f9ae9c9326e44383ac300a274227,143872,MALWARE,0.4089575770617074,UNSIGNED,
F:\safe exe\mumble-g15-helper.exe,e3ac0d394b2e4c03752bee4bb32a733a0e27aad7b2efa0e6b8ca914fe422ef28,143872,MALWARE,0.9967566938975871,UNSIGNED,
F:\safe exe\r2r.exe,ac127d059aa33c198705213e8caaa8ed406337ccc9ffb251c4a360595d571570,143872,MALWARE,0.5292342262268164,UNSIGNED,
F:\safe exe\Ventoy2Disk_1452D1C1.exe,1452d1c1a448bd57da53b70720c07cfc79c0e67cbc24fca6794b3f86f9c3e2d7,143872,MALWARE,0.5893752752870801,UNSIGNED,
F:\safe exe\Ventoy2Disk_ARM.exe,3043b91e9cafe60a87b9790ffb9b6a0e9653bec1fe9f6a924d4661aca1732dcd,143872,MALWARE,0.6988670221269029,UNSIGNED,
F:\safe exe\Ventoy2Disk_ARM64.exe,1c77c0ba16c93e48a57bdb6ac324aabe9965dc1b6c89e47e8dd642829762c391,143872,MALWARE,0.7211986847403413,UNSIGNED,
F:\safe exe\Ventoy2Disk_X64_F02CB0CF.exe,f02cb0cf6bb78a45795d41bc74fb0cd7b3debbb929e4d0c0731eea3e546c4bb4,143872,MALWARE,0.6988670221269029,UNSIGNED,
F:\safe exe\darktable-chart.exe,5c6c8dfb9095a46db0636986424a94c89239a260398e76013dffe3969d9039ec,143891,MALWARE,0.5932313817820869,UNSIGNED,
F:\safe exe\lldb-argdumper_7A4F2A82.exe,7a4f2a825900f2e41650613d3077c8bed85baafbe175e058571ce1b84d92f844,144075,MALWARE,0.9492589502888479,UNSIGNED,
F:\safe exe\bntest.exe,3fd83c70022e9c559f38638451a1c60f9b7ab1781ac7e9ee1b14443b54da91b4,144384,MALWARE,0.9962006371871162,UNSIGNED,
F:\safe exe\quickstart_99CFB7EA.exe,99cfb7ea9740b23e91a4576e0e438c673f48d21ae27d220e581e2f498a973918,144384,MALWARE,0.9994043192003156,UNSIGNED,
F:\safe exe\getspecialfolder.exe,a71b38d6808e2d7941afc66d13438da1c759a4367fd789272d5ee20a194bd160,144896,MALWARE,0.9993734354667658,UNSIGNED,
F:\safe exe\pythonw_FD55F64E.exe,fd55f64ed1f46fa747a9cb340867c15def9d9059b44446ce1a8d68fc896b3f6c,145243,MALWARE,0.9417681806241555,UNSIGNED,
F:\safe exe\unicharset_extractor.exe,d163ef2cddfe92390e58ab5b5269cf0d259895b6f476339e45da6574d589f944,145544,MALWARE,0.9482475318440816,UNTRUSTED,Universität Mannheim
F:\safe exe\uninstall_0215B92B.exe,0215b92b0d3a5c5400bcc858e2be2659c88c1c13900e5564508322dcf02c74f3,146072,MALWARE,0.9126869201952434,UNTRUSTED,"VMware, Inc."
F:\safe exe\uninstall_B2B59093.exe,b2b590930d82a245387da870c40d487386f1362c7c7ace12fa20f7554a19addd,146088,MALWARE,0.9057402408144574,UNTRUSTED,"VMware, Inc."
F:\safe exe\flex_146432.exe,d62f625fd337abe36551bce667252cfbd8304713ba1e7044c7d309c417e61bee,146432,MALWARE,0.9890302577162964,UNSIGNED,
F:\safe exe\onecommander.exe,088532add72af899dcaab03ce023491d56b7341f70f866c97fc597b8b6e54bbe,146432,MALWARE,0.9592425425450245,UNSIGNED,
F:\safe exe\xvid_encraw.exe,937d696dbd7dcbcf2c67fbbcd60ac21f5927ec42fb4c9b93a5af5970e8441eba,146432,MALWARE,0.9943006836324959,UNSIGNED,
F:\safe exe\python_4E8F517C.exe,4e8f517cb869517dc7892d0c5e60de13dda72d60b99eeea5c4a67f4e679a36bd,146779,MALWARE,0.463474744878179,UNSIGNED,
F:\safe exe\bpgdec.exe,d96d3708662a5a6a640668ce2693fbcac2a36bf89a6ed5d1536b07c2a72a0919,146944,MALWARE,0.9961909337419378,UNSIGNED,
F:\safe exe\octave-11.3.0.exe,c25e33e840a25839d7b01c0ea354379fef1d5a98300e0e80aef29942f98e878a,146944,MALWARE,0.5361130778909119,UNSIGNED,
F:\safe exe\zlib-flate_12C9DD00.exe,12c9dd00077e7869bd93b6763ea7cbd685323ba391103568f4d9ab213415eb5b,146945,MALWARE,0.7763950060241351,UNSIGNED,
F:\safe exe\agrep_147456.exe,d3a8d1e4b962bba497675d163fb308621dd0c62ccb5b28b49ea62a999e3eac6e,147456,MALWARE,0.9970691354155493,UNSIGNED,
F:\safe exe\CamCommandLine.exe,0c90478ebd6146796ea829958ec72290c9ad9fc3612d29078e794f07d5a2ad46,147456,MALWARE,0.9945121835742894,UNSIGNED,
F:\safe exe\opencv_interactive-calibration.exe,2f054e5c481ff8d0e9dc32136f3c95047b5042b630555ad78c48db9102e1df8f,147456,MALWARE,0.9648821562454892,UNSIGNED,
F:\safe exe\gnupg-uninstall_147880.exe,abc7589b1251c7e8d45a3c4a7f8d7e5b4fac8f645f093ecb06874c83f774cee0,147880,MALWARE,0.9721365732226733,UNSIGNED,
F:\safe exe\gnupg-uninstall.exe,0edda76836bb674aa98973a7802e07119a0f4ef7054897b6dd19124d2625c6eb,147885,MALWARE,0.9708233958918272,UNSIGNED,
F:\safe exe\gramps.exe,ec7efa34697c547b433f2aa489871ecb0a1f9b3269526ec5059e655b71aaf539,147968,MALWARE,0.8880284883780832,UNSIGNED,
F:\safe exe\pip_BBBA1236.exe,bbba12368c7e3ece438448967d9a56e5f9c69b1541c055066547ad0395ab7937,147968,MALWARE,0.8858256408948401,UNSIGNED,
F:\safe exe\clang-include-fixer_7BC508C0.exe,7bc508c0b250b5e006a16c115f28038ebc6897fb755344c0f11f119f7eed4685,147982,MALWARE,0.8610728418714009,UNSIGNED,
F:\safe exe\igrep.exe,7fc2fe6d80a0b98b2b10dd14076e2cfb939533be229ca56f664834d4737dbbf8,148480,MALWARE,0.6827938936393207,UNSIGNED,
F:\safe exe\rubyw_148828.exe,5f53d00cfb0100e2b933f9b3e4cc2d8ab0e18cab39591a1ba438d43d2ed4fc07,148828,MALWARE,0.9994641065100539,UNSIGNED,
F:\safe exe\ruby_148828.exe,0062d97cc07a40b0f93076d32dd164c7e68a49390e58c16f389d00c23c606100,148828,MALWARE,0.9737445881458898,UNSIGNED,
F:\safe exe\DiskInfo32_1D13BBCB.exe,1d13bbcbef3c78305b3f4dc2db67fca3092cd46b226fa37b0adbd730f025b28c,148992,MALWARE,0.9942294555736573,UNSIGNED,
F:\safe exe\DiskInfo64_D9E31F4A.exe,d9e31f4ae5a7a8b2617ad095984693162ebe5fc565eabd39099ea78f962e0cb3,148992,MALWARE,0.9942294555736573,UNSIGNED,
F:\safe exe\DiskInfoA64_BE8241D4.exe,be8241d40cd70a5d66f163b5a39a9b40b72174a2ac9f8091f194050588edf739,148992,MALWARE,0.9970158303347657,UNSIGNED,
F:\safe exe\lzotest.exe,90d1d13e04b758e04fc7d96a715c640a95ee5a0a8672dd33af7dc03c95a76778,148992,MALWARE,0.971763269997664,UNSIGNED,
F:\safe exe\qdistancefieldgenerator_7BACEE52.exe,7bacee52b3d960746e6f427e394ca16938e0b9023640b6a176fbf32e70e36021,148992,MALWARE,0.7843177389054684,UNSIGNED,
F:\safe exe\apphost_150016.exe,83c9135e8a2ee7f18ee1d0f6de7a3ae012b4042b52edecff6e4a32e1f9dcffac,150016,MALWARE,0.963067361653824,UNSIGNED,
F:\safe exe\diff_F449CE40.exe,f449ce40db50dd35c45c3dfa54bc79b6a3a4d9dc5ab0ff4d0fe91a4c9fefa310,150528,MALWARE,0.8459686498978899,UNSIGNED,
F:\safe exe\icuinfo.exe,30e972969afadf96821fb7edcc010feb76949f4716bb90c94f7c0bf4f913ff6a,150528,MALWARE,0.9982515175431638,UNSIGNED,
F:\safe exe\zipnote_48BC8B7C.exe,48bc8b7c4aaf34b3f24ec537d7dd139797488f96340b1df97fa8c6ba10c8fb88,150528,MALWARE,0.9816333369556002,UNSIGNED,
F:\safe exe\clang-refactor_D3517A29.exe,d3517a29059a0a1efced9671c6ccd9df00e8de003fb1583bc00959739727ac0c,150542,MALWARE,0.9642265471362343,UNSIGNED,
F:\safe exe\Uninstall_C85713FF.exe,c85713ffe46c5957d32f165eb74ef2ca3f23b8c1cb6af6fd1882d4ca7a200d40,151253,MALWARE,0.9977285813890326,UNSIGNED,
F:\safe exe\Uninstall ueli.exe,7923f22b82ceb4eb043be8c1f85535615dfe33a77c10d687433904aedbc6e8d9,151264,MALWARE,0.9996824700996756,UNSIGNED,
F:\safe exe\grampsd.exe,b875b40edd634124605edd448ce297b292f1cea0eb243d2327d3ce9a365f0514,151552,MALWARE,0.7710800904722793,UNSIGNED,
F:\safe exe\Microsoft.Azure.Functions.PowerShellWorker.exe,e8a931f5a719515d9df2ffe8296d4a0e79f386e828c03cc809f7114fb88d1c2a,151552,MALWARE,0.8234169941146608,UNSIGNED,
F:\safe exe\VentoyVlnk_FCFAA10A.exe,fcfaa10af53eebef4a986b002006a7acf7af9c2465caed7e37edab9626bcfc4d,151552,MALWARE,0.9887613708387035,UNSIGNED,
F:\safe exe\apphost_A8A819D1.exe,a8a819d18e75bafe094ad1ac24aa77fcdc459b8d160124d1f19b3c1295f888be,152064,MALWARE,0.6854005325936426,UNSIGNED,
F:\safe exe\devopsmigration.exe,9e6f9bc4155565788d99ac853eda40165d3192a968a4bb170ea243f8e87207e3,152064,MALWARE,0.9901168565082697,UNSIGNED,
F:\safe exe\dotnet-nswag_152064.exe,35560c811dbce87599df44ec29694e061d6851d2b6419f25a4a5fc397a35431b,152064,MALWARE,0.7032063828183748,UNSIGNED,
F:\safe exe\Microsoft.Azure.Functions.PowerShellWorker_152064.exe,e3ab5d6285512f54ad4e2c7b528d7eac132f9a15b3ac32d8a0768a7bdf2957c6,152064,MALWARE,0.9825665841653445,UNSIGNED,
F:\safe exe\NSwag.AspNetCore.Launcher.exe,0d1c5cffdfab60939b63803ea929ff43555a7e3439ee23597efc54db3642c056,152064,MALWARE,0.7032063828183748,UNSIGNED,
F:\safe exe\uninst_21C1E29D.exe,21c1e29dd82bdaacb1bcdc8836e8086a0447c1bf5af77ebd0e712b8c74e1c34d,152686,MALWARE,0.9963957246306515,UNSIGNED,
F:\safe exe\pg_restore_153088.exe,120b1077f2ab2d925fcaeaa97c651db1c5c29198715b01f1ed57daaca9a4b231,153088,MALWARE,0.5727937381534401,UNSIGNED,
F:\safe exe\gi-compile-repository_862DE6E8.exe,862de6e843c32d78fe3b0d06969a078feca5953ad60493daa928ef4706a486cc,153600,MALWARE,0.9390829002096817,UNSIGNED,
F:\safe exe\R.exe,496e6685d38ba01e89aa4c2dded69f3ac33f4b1a85e7d9eeed83aae8af02bdd8,153600,MALWARE,0.8900643019769253,UNSIGNED,
F:\safe exe\Rcmd.exe,75100be01f1a88c5720af9fb8289130e9c589f6ec9bf99d76da359d03ce5c65e,153600,MALWARE,0.9179960343489881,UNSIGNED,
F:\safe exe\zipsplit_83B98CC7.exe,83b98cc77206afd3b15deb5564672725e7d0e9eb3b299818a4f49b0711747454,153600,MALWARE,0.986995248089174,UNSIGNED,
F:\safe exe\gensprep.exe,b73e0108c3ac28e3341811c3aea05c76d11235a059012bb3fd061782a69514f4,154112,MALWARE,0.998039912335531,UNSIGNED,
F:\safe exe\ThmViewer.exe,cf58739f22bafc03739613e501e92831531648b55833b59fe84cf1c0b22b96a0,154112,MALWARE,0.986827576148901,UNSIGNED,
F:\safe exe\cb_console_runner.exe,041470e454af4789922ace4e40ba7c768e55cf726b04f890588be8cc8ba9093a,154126,MALWARE,0.995772506971822,UNSIGNED,
F:\safe exe\apphost_154624.exe,2b532a5f393c0d8672160bf5724fbe632c9804923da5741e720f8f4a5c8441dd,154624,MALWARE,0.8207023112741642,UNSIGNED,
F:\safe exe\R_D829BCF7.exe,d829bcf7e9fa1d7e3e828c565c3cdbb1ed416f551f4fa6fd4dfcdf231e33e5e8,154624,MALWARE,0.9291782187547845,UNSIGNED,
F:\safe exe\tee_154624.exe,95e87b78b0c64ffe07888ca96326789d5e477bb221f1032318448ca271eea70b,154624,MALWARE,0.9972897051141003,UNSIGNED,
F:\safe exe\tee_914330A3.exe,914330a345df84e74924eb3fede124dc449a6ebf9b7f03286bad8b8dfc23efcd,154624,MALWARE,0.9986138923725046,UNSIGNED,
F:\safe exe\Uninstall_93716DD5.exe,93716dd5454bf69517379314c9adc751b8eb1f6add71fdd70ddb22e092488be2,154635,MALWARE,0.9554343602436554,UNSIGNED,
F:\safe exe\clang-format_31E76599.exe,31e7659938cd64aca1210d180c419ddc34fa5652cf7010dfc9a766f2767774e6,154638,MALWARE,0.8267831405818954,UNSIGNED,
F:\safe exe\llvm-ifs.exe,4c02e0b385dbbfe7e6b5572d2740e910dbd4009b6a3aaeda331af37f3811819d,154638,MALWARE,0.9529188453798866,UNSIGNED,
F:\safe exe\tesseract-uninstall.exe,6b5e5e24eda6092f530692875302e03ef8c34808b624b9f927dc551b22721ada,154888,MALWARE,0.9227830740994294,UNTRUSTED,Universität Mannheim
F:\safe exe\gencnval_0FF42144.exe,0ff421449b25bd847f3d20dfa1cb2b994b07628846b8790d25059ba9343dcf0b,155136,MALWARE,0.9980389760310757,UNSIGNED,
F:\safe exe\sancov.exe,a23eaed239a98b5c2daaffd06209c78756f07225ec0c39f74fd8f1faabe80faf,155150,MALWARE,0.9488045883966242,UNSIGNED,
F:\safe exe\qmlprofiler_F40F6A07.exe,f40f6a079f86ae2286c9aad29df512012275a8ca9cd8cff31084632b5d045439,156160,MALWARE,0.851394776584585,UNSIGNED,
F:\safe exe\apphost_4CF4DF77.exe,4cf4df77fec983bc6a6d3c86f57541a0209921174829338e8f2b2d2c7693bc63,156672,MALWARE,0.9922867030401598,UNSIGNED,
F:\safe exe\dllupdate.exe,bfd42c1fa42aac623c86d32291830621b7cf869c10023ea5008222ff0c28f57a,156672,MALWARE,0.993802000430137,UNSIGNED,
F:\safe exe\gencfu_A668D613.exe,a668d6139c96b5d0fe9139b67be8a45f4113cdd34a0430bdc60cc9c30b5e0f19,156672,MALWARE,0.9994554852737031,UNSIGNED,
F:\safe exe\JdbcDriver.Backend.Host.exe,1a9fbd92cc043a7cf614f4ef396d0d76187a579bf41e2f7cd9dfe4892f6b9ebb,156672,MALWARE,0.8263592561542527,UNSIGNED,
F:\safe exe\MiniConvert.exe,a59d12ab898e8919d8526a584627715625a819a70a07f952d05bc243bbf2756e,156672,MALWARE,0.9986531716956915,UNSIGNED,
F:\safe exe\potrace.exe,74b4a94eb9bdf2a62c1316f3c24f10e3761a5604dba34f64b9f5863433b7cf8d,156672,MALWARE,0.6787854791189505,UNSIGNED,
F:\safe exe\sylfilter-cui.exe,4b15a2f26369466498ff6ba568708e33bce012beff3ca582f612cfb943e7fec3,156672,MALWARE,0.9741783745558368,UNSIGNED,
F:\safe exe\sylfilter.exe,b76e137019f63e5bff4db7deb002bf4632edd61dd39bb668e64807b9f9ac4440,156672,MALWARE,0.9965340399965437,UNSIGNED,
F:\safe exe\vlc-preparser.exe,8226e33439a0a93297f8b6c14060cadbfa8458c1162da560a8304ae170b094d9,157203,MALWARE,0.8751391085603166,UNSIGNED,
F:\safe exe\projsync_85DC1E88.exe,85dc1e88f54074dceebeadd74b1f8b1f2633fb13447af315fde8be3198b24314,157696,MALWARE,0.9348551689671297,UNSIGNED,
F:\safe exe\x32dbg-unsigned.exe,a6a92132ce48c0b3d42cf82d18117514f165c17f4a9ed3506df7552b7bf559ec,157696,MALWARE,0.9745782254126572,UNSIGNED,
F:\safe exe\llvm-size_2432BBDC.exe,2432bbdca8cf37007a6068b683c2191e21d67a3be0ebb1ee44d9a65e7fbb1151,157710,MALWARE,0.9886557800306592,UNSIGNED,
F:\safe exe\gnutls-cli-debug_4D764C84.exe,4d764c84e48bf168d576f3063021d420338dd13850ca2621914d3358495a0179,158208,MALWARE,0.4067649802423875,UNSIGNED,
F:\safe exe\xmlcatalog_158264.exe,98f58d7fd1f5e44597420c52eb07d5f04453c8b7a4681c6c8df9447a413e2b52,158264,MALWARE,0.9708997055432725,UNSIGNED,
F:\safe exe\uninst.exe,4312aaf6c0e129730f40f1a6cf95d079128266f1db57569acc16439e1d14b063,158487,MALWARE,0.990121686574357,UNSIGNED,
F:\safe exe\uninstall_195693C7.exe,195693c7987ab76bcf0f06364b42f1e56f64fa0c33fc20f7b45e121c6327072c,158600,MALWARE,0.9976496723602047,UNSIGNED,
F:\safe exe\bcm.exe,586cad02bdec4e7278a8c797fec0a6275499086497ca12461dc85caaf83bd15a,158720,MALWARE,0.992252789701601,UNSIGNED,
F:\safe exe\textreplace.exe,55909d6f443956c60d01082297f4ca2358a1947e6822f31900ce8c711ffbff03,158720,MALWARE,0.9962061602122595,UNSIGNED,
F:\safe exe\wrjpgcom.exe,9b06428d81158961aacecb8fdbdea1790d3bc070728d3109237a4245fcec8538,158720,MALWARE,0.9977918434860882,UNSIGNED,
F:\safe exe\Uninstall_095A07C5.exe,095a07c59d2a9a1efe795926a8265dc3b620af800415365e7d82259d10ce678e,158948,MALWARE,0.9763038919138823,UNSIGNED,
F:\safe exe\lldb_6E902161.exe,6e902161127a773d168506d59bfee5ad5a2108eea2d498b065e36721e2586d0e,159758,MALWARE,0.7448047276859214,UNSIGNED,
F:\safe exe\grampsw.exe,41d83ab4343dcda980e1b827c76023991566d99fd4dcdfb771a1e6435c656658,160256,MALWARE,0.979608812882515,UNSIGNED,
F:\safe exe\apphost.exe,81f49bdf4b3c662c4cc3341690d01c99de5e07b90ec7ad809de387b043ef7939,160768,MALWARE,0.7704658674083498,UNSIGNED,
F:\safe exe\apphost_E3C4A5FC.exe,e3c4a5fc858c6168c2af7d13ac9a1fa2a251675fb61cefab492a80883bc1a3a9,160768,MALWARE,0.8976735270729347,UNSIGNED,
F:\safe exe\apphost_EEC6147A.exe,eec6147a1403e93dc085fc38b0bab51171de60782a70ddeefb9aaa61e42a8ce9,160768,MALWARE,0.7704658674083498,UNSIGNED,
F:\safe exe\phpCB.exe,660958852ac24b286e46a95fe25163a6bb28f5b8468d4375dcb40d5424ca0868,160768,MALWARE,0.9828277474753174,UNSIGNED,
F:\safe exe\nbexec_59BD546B.exe,59bd546b7e531ca5f700ba9e4933f35c39d0e9dc2f92cac5dac5e045b8426413,161280,MALWARE,0.9981253435672716,UNSIGNED,
F:\safe exe\Pinta.exe,a062c245aae2b4883f2c2669a2cfe23a685d97dc7035729004f843811cb69773,161280,MALWARE,0.6639288598442281,UNSIGNED,
F:\safe exe\projinfo_B7E43FAE.exe,b7e43fae56ac2cef434b7ada82dcbfa92e86755402675787e475dea29304ae9a,161280,MALWARE,0.8172940747287987,UNSIGNED,
F:\safe exe\7z_35C2A869.exe,35c2a869b20dfbe28e8a7dde3150bb29e23e754edc0d0ee4e4997d8c784ffe80,161792,MALWARE,0.9667450074854055,UNSIGNED,
F:\safe exe\arpregistration.exe,e8c32bb1d3ff75c4ca5657e907726b8634be7a10d289daa2e1f2613af573d3ae,161792,MALWARE,0.9997542630647782,UNSIGNED,
F:\safe exe\unrar_161792.exe,9444d6ff28f2853924f21cdfb5d4dc54e2404cd30976d3687b7b406b7a2e405f,161792,MALWARE,0.998341434856132,UNSIGNED,
F:\safe exe\Uninstall Pencil.exe,d35e9fb5a303bfebcac7d74f693259046a9d66f7a78bc5c43f41a5b55a018c2d,162126,MALWARE,0.999325296067955,UNSIGNED,
F:\safe exe\erlsrv_F403EFC7.exe,f403efc786ed80c6ad9e53e742823b17717b408be71b3eda894a1927c6f85a43,162304,MALWARE,0.9667195225561114,UNSIGNED,
F:\safe exe\h5repack-shared.exe,40f314213d3bcd42ce2f775f0e731483279efe37ef855bb1469211c21f200ffc,162304,MALWARE,0.8545202956980329,UNSIGNED,
F:\safe exe\icupkg.exe,8753b464f85785363390bd00cba55509660a04edbdf02008adeaba27454d4009,162304,MALWARE,0.9914847090656682,UNSIGNED,
F:\safe exe\snes9x-x64.exe,d136f15f5090a268996053ebd2ca698a62e254014c42cd2ff846471ec034c23b,162304,MALWARE,0.6151256759014788,UNSIGNED,
F:\safe exe\llvm-link.exe,f73007f933fa7569558782a1c23e8ad7693f22aec65d5f28db81a64a6ed33045,162318,MALWARE,0.931563583355289,UNSIGNED,
F:\safe exe\Microsoft.Azure.Functions.PowerShellWorker_162816.exe,276873c921990ae0c0813cd32ec2a95b78818d6f951a3b36178410e4e7e24811,162816,MALWARE,0.8984088176138559,UNSIGNED,
F:\safe exe\zipcloak_8BF56B81.exe,8bf56b817793f53f5fc5f0e4a90fc8d687901ecb61ba3b349eef5806ab214f73,162816,MALWARE,0.9741178561415652,UNSIGNED,
F:\safe exe\llvm-readtapi.exe,ff3395355477effb319dc5bc867a3484d5d85e46f8b1755c95255ad0cb268de9,162830,MALWARE,0.8431411156933883,UNSIGNED,
F:\safe exe\setupdrvx64.exe,c0477d751cde5a90d2ad4754948993ffffd3f0b6e7b4f11e69fbdd1a73e912a0,163328,MALWARE,0.9621450317514925,UNSIGNED,
F:\safe exe\ClassicStartMenu.exe,2b77bfb12e57cc1a2cfaf511bf3c3b62acfa2820910b968ea7eeacc15396638c,163640,MALWARE,0.5444016843312488,UNTRUSTED,Ivaylo Beltchev
F:\safe exe\7z_163840.exe,ac9674feb8f2fad20c1e046de67f899419276ae79a60e8cc021a4bf472ae044f,163840,MALWARE,0.9494811910032183,UNSIGNED,
F:\safe exe\zstd.exe,ff6f0a9377ef1546fb4e909ced0faddd90e4aefe2737bf43a78661c2d1153070,164864,MALWARE,0.9510431130191667,UNSIGNED,
F:\safe exe\veyon-wcli.exe,27d9e94977696366f169d734c676e596f7fa645802dc5b8f54d806279da6bf7f,165312,MALWARE,0.549769087714448,UNTRUSTED,Veyon Solutions
F:\safe exe\plugin-hang-ui_6938C3E8.exe,6938c3e8d4c0f7bc04bb4f81eaf45e592f1e2ca030957c9b71fc6e589c7265e7,165376,MALWARE,0.9606601668975001,UNSIGNED,
F:\safe exe\Unzip_446AEF1B.exe,446aef1bbaabca4da42b70f711ae4ea9c1ae9a3ecebf07e562e56fb17dec7d6b,165376,MALWARE,0.9441718154727705,UNSIGNED,
F:\safe exe\wfreerdp.exe,f37e5c98a29210542b444b0f71f5c2f67d36c5c43da9a2ff40d2062d38210f0f,165376,MALWARE,0.46769863403051837,UNSIGNED,
F:\safe exe\wfreerdp_0E067B61.exe,0e067b61b144f0f4a5c90dcdf7010c6d9c74597065a3f41381c3e81d7e002f5f,165376,MALWARE,0.46769863403051837,UNSIGNED,
F:\safe exe\derb.exe,046adcb4891e2891b7aa3fef9e3e464ea46ff09694b0fe2ec4cc41b75f1d004c,167424,MALWARE,0.9962515850862584,UNSIGNED,
F:\safe exe\dumpdoc_EB59F8EC.exe,eb59f8ec5c747f81ccfd843be5901f2bb3726bf2b2ea3f879676d63c9f35948d,167424,MALWARE,0.9928959287783801,UNSIGNED,
F:\safe exe\ffprobe_8569AE61.exe,8569ae6155cb4240c50f7b45e750039caf706f10e2661de5aea13e02c3f1714a,167424,MALWARE,0.5970379629621742,UNSIGNED,
F:\safe exe\nbexec64_3AC9CC6D.exe,3ac9cc6d4036c235cc144f9650ec203b3cadbed44d00f8efddd42361541acb33,167936,MALWARE,0.9892870410182564,UNSIGNED,
F:\safe exe\unzip_8D9B5190.exe,8d9b5190aace52a1db1ac73a65ee9999c329157c8e88f61a772433323d6b7a4a,167936,MALWARE,0.991510322155272,UNSIGNED,
F:\safe exe\hpftodit.exe,9b6af8d453076f2164c704b07d2f006a13a65b43dd640e324e1ccb83ec4bf28f,168467,MALWARE,0.6302657558166647,UNSIGNED,
F:\safe exe\llvm-libtool-darwin.exe,531e9ff0de04b05d8fc6f43b565ec927483ebb27c6860c1c79b4a8d3ad5ad8bd,169998,MALWARE,0.9730185921052938,UNSIGNED,
F:\safe exe\llvm-rtdyld.exe,046d98ff7d04769c39471e975b8580677161cf3b6dde80e5d907f04d48d1912c,169998,MALWARE,0.9146576652060873,UNSIGNED,
F:\safe exe\gtk3-widget-factory_BCC3DC2F.exe,bcc3dc2fb7976a1c0e31df951aebfda2bc2c5ee4e1888891c0171d4d96ef00a9,170496,POTENTIAL_ZERODAY,0.20399801449692595,UNSIGNED,
F:\safe exe\vimrun.exe,5f819055fcd4157ccc0e29219871c91b01d4fa38f68506290c6b5e211ce3f898,170496,MALWARE,0.998984901919401,UNSIGNED,
F:\safe exe\genrb_895AF186.exe,895af1868fb6f2f1e5245c81bdf8df33ea344466469ce1b64e5e27ed2802e87e,171008,MALWARE,0.6422054164398394,UNSIGNED,
F:\safe exe\vimrun_171008.exe,70c49f6f60f6377b257fc7e32b58ee5dd6762e8b2e17dcb47bfdd9bd7bb64798,171008,MALWARE,0.9937060432676355,UNSIGNED,
F:\safe exe\genbrk_99788A13.exe,99788a139c7635c436ade7d16e6d4e24fecae459d55d3e8cafc82ae0deb0c5c0,171520,MALWARE,0.9984872264972056,UNSIGNED,
F:\safe exe\owncloud_crash_reporter.exe,bfbcce7ec36d373da1ca47b85d4b51cbb555e1f637063f099ba1d44a73351ae5,172032,MALWARE,0.9132060095827222,UNSIGNED,
F:\safe exe\Uninstall_CA13FE12.exe,ca13fe12f16ca9229bfa53e4037236def427bb61e8c732c35fa64e54340bbb61,172548,MALWARE,0.9956546332298645,UNSIGNED,
F:\safe exe\iconvert.exe,978c142c95e23fd0db183611e06a37b82675d959298a60f12169d1e9f6148d01,173568,MALWARE,0.5552747907187205,UNSIGNED,
F:\safe exe\ffprobe_4E40B874.exe,4e40b8742d888d2368032b1970dd393dce19a7b893dc5320f64c99a002533da0,173928,MALWARE,0.6888427606594602,UNTRUSTED,Smart Code OOD
F:\safe exe\llvm-dlltool.exe,96a99df03518ba163d182231ea8baef3c92134a36b191507f4b637c3b435a679,174094,MALWARE,0.9527164144957657,UNSIGNED,
F:\safe exe\setupempdrvx64.exe,2bca35eadfd799f2bbd06056b8fa6e9b7693b7568ad5fc6522edf703c5973b2b,174216,MALWARE,0.7310017393246346,UNTRUSTED,"CHENGDU YIWO Tech Development Co., Ltd."
F:\safe exe\nunit3-console.exe,b6cd4667fd1e83b6d1eea8a839a5eb49ed8dd44d110479d7ecf2deb90bd5f606,174592,MALWARE,0.8327834424667053,UNSIGNED,
F:\safe exe\lesskey_64B8E38C.exe,64b8e38ccc1aa5b67b59cf0eb40a9f1cba153e0a0e0aaf7ff95fef5537d5072a,175104,MALWARE,0.9989825198012471,UNSIGNED,
F:\safe exe\uninstall_175112.exe,63e9ca2b796111a70f55073a82516de26048831cb51d812230e0f838d051b240,175112,MALWARE,0.9901032376656257,UNSIGNED,
F:\safe exe\qhelpgenerator.exe,ef1485fd2eff33168cfb1661b66fdef64541e3632bf946a1381bbbb2838f7e6d,175616,MALWARE,0.830078703757181,UNSIGNED,
F:\safe exe\Uninstall Jitsi Meet.exe,31eec37a999e05c41fa7406bb09b9319bf355fea07c3f3d9888c16ec124b6473,176057,MALWARE,0.9990815671598524,UNSIGNED,
F:\safe exe\lsattr_80E81318.exe,80e81318db03ecc42038729c8a0854420fc66f67c6438197509a41032b109f6a,176340,MALWARE,0.40780510000827774,UNSIGNED,
F:\safe exe\libdeflate-gzip.exe,9143e7c9a2e3779a4741d1d305210a25339d302a7aae25571739f393345508b9,176640,MALWARE,0.9988752635210751,UNSIGNED,
F:\safe exe\qgis-ltr-bin.exe,0a2e6b342f47d51df9196c8970dde07ff035005735fa40dd9cace3f78a7924f8,177152,MALWARE,0.49966444808407023,UNSIGNED,
F:\safe exe\llvm-ml.exe,57fa9c57d511bf7c676fa3b744c3af0b46b04afdbf94c8644537690d4900015e,177166,MALWARE,0.8404321491664398,UNSIGNED,
F:\safe exe\dos2unix_8CF48843.exe,8cf4884354a888f4bd7f9ceccbac28a75ca85af587078960c1016053734f7a29,177216,MALWARE,0.9250587861357243,UNSIGNED,
F:\safe exe\unix2dos_19E8EAF2.exe,19e8eaf2643b41680c73ecfa17bfff06fbc693c371e9b749b7d708cbc23f742b,177289,MALWARE,0.909753994290293,UNSIGNED,
F:\safe exe\simple_web_server.exe,d2689bc648fe2fed2cf8f74ee51c20527bc1920f046fb5ad92ce1e641241d5ca,177686,MALWARE,0.9293837038068122,UNSIGNED,
F:\safe exe\Uninstall_8A88898E.exe,8a88898e43a6bf6a595b5cc47886ca8578c659c2dfc0d99dc7f37cb7cda9b90c,177956,MALWARE,0.9995602488821594,UNSIGNED,
F:\safe exe\qgis-bin.exe,67fb583b75801284a4e521522a9bfcae2d4870716ce89e5683a6e0d117dc9752,178176,MALWARE,0.47206230103988506,UNSIGNED,
F:\safe exe\gendict_3407164A.exe,3407164a83ffe75c95dffc29717a13e381c32dcc82bd1d16173229c9be62343e,178688,MALWARE,0.9721468411906438,UNSIGNED,
F:\safe exe\opusdec.exe,d8d8d30847b200f2ce1059726d3874469887e452af3133518eafdf2b2692f260,178688,MALWARE,0.9895798426952956,UNSIGNED,
F:\safe exe\qdistancefieldgenerator.exe,0b996567052265eeb2d274096de55a76b9e8b196e263cd7191bc47366165e640,179200,POTENTIAL_ZERODAY,0.2721406261577701,UNSIGNED,
F:\safe exe\syncthing.exe,52d299d72939a5ab5060f00ee8ec07b622da57816f4c533967d365ba85241614,179200,MALWARE,0.9817041746110371,UNSIGNED,
F:\safe exe\ffprobe_C8FB7BCC.exe,c8fb7bccab318d296d420331141ad0ba9d0f45e414d41f5e6c4ec638c3d5c292,179712,MALWARE,0.6830371769894732,UNSIGNED,
F:\safe exe\nano_628AF55A.exe,628af55a4d917e25f348587654b1924a2a2001d3afc1d8da83ff9a1f7632ac9f,180736,MALWARE,0.9999878798873487,UNSIGNED,
F:\safe exe\xlaunch.exe,2be6961c2801583dddec60f93957fce6d7bc5cfea4d94b38fa5487bd181a9f2f,181248,MALWARE,0.9958623437881065,UNSIGNED,
F:\safe exe\gnutls-serv_6BA67C57.exe,6ba67c573007d8028cacac36d0c3de5d6e86df6e735feff7ac4b5c2ec99ac7e1,181760,MALWARE,0.7940113176685056,UNSIGNED,
F:\safe exe\venvwlauncher_182160.exe,a3ddb10ada9ca1a4f5c305245f4ca74a19f9a86aca7d5092352b15734c791fba,182160,MALWARE,0.6402907475987555,UNSIGNED,
F:\safe exe\Uninstall_182255.exe,cdcfdef3e35d62f8fbff589aa77d5285a443b2dae972eb584c40631d484ddb37,182255,MALWARE,0.9989641551205484,UNSIGNED,
F:\safe exe\update_installer.exe,e565bb356f19d6e5c7993333e19289d881c45e5171571b2fbc2ffebbadb865ef,183168,MALWARE,0.9908632850899812,UNTRUSTED,Sublime HQ Pty Ltd
F:\safe exe\update_installer_9D09F41E.exe,9d09f41edf49920140e85cd2c8051716d7a673925b78f45d9527b8c2f25af510,183232,MALWARE,0.8431250599819348,UNTRUSTED,Sublime HQ Pty Ltd
F:\safe exe\genrb_ADAB2C47.exe,adab2c4756deb1e5c64db77b156347414969caaa3f544a4f142510082ebef86b,183296,MALWARE,0.7539393207405236,UNSIGNED,
F:\safe exe\ospent.exe,d9c2e616faf3cfadfaaddd8644a129c722234aea405ca64ea36082e6943006f8,183643,MALWARE,0.981125094807165,UNSIGNED,
F:\safe exe\gnutls-cli-debug_AAFBD066.exe,aafbd066354b5f8cadec8b843f1f94eb950ea2e4ae8132094906c0bcc680818e,183808,MALWARE,0.9649558334777258,UNSIGNED,
F:\safe exe\gnutls-cli_CC76CC11.exe,cc76cc11269b8a57a6fc960628049e37a0ea19780389fc65a636cb0830572de1,183808,MALWARE,0.8886585509749578,UNSIGNED,
F:\safe exe\cygtermd_3130B430.exe,3130b430ddf0491de931f2735f4b2db548fe1e70c94e707e4100958556a8753d,183834,MALWARE,0.8523794237863636,UNSIGNED,
F:\safe exe\CompressionAnalyzer.exe,b578f40ea3d76c7f463669a5a356b61cc6c5c865eb519baa5f8afd0ea86c2f2f,184320,MALWARE,0.9696762571170493,UNSIGNED,
F:\safe exe\xxd_184320.exe,433a5c8e45f818ced467521069eafad31a1df266946c5fc92339ae3a9cca8fba,184320,MALWARE,0.9988996935619926,UNSIGNED,
F:\safe exe\llvm-lto2.exe,e6e0bf6d3d5204a2a74d345cfcbf450dffe6eab10c0e5a177c53acc176d3c7cd,184334,MALWARE,0.8429986836274106,UNSIGNED,
F:\safe exe\xxd_4E1BE3F1.exe,4e1be3f1c01ac6676b89d9bac5de3131adf9f1cb0b14405f6a6130a16b22fe98,184832,MALWARE,0.9986687339226242,UNSIGNED,
F:\safe exe\claws-mail-uninstall.exe,e2f27b7e7e16dc4716839be1ad01f4aae661a2410224a7ba995a799998bcf4fb,185044,MALWARE,0.9511988651038993,UNSIGNED,
F:\safe exe\genrb.exe,ff7f7ba8dc24e06e140af4586f734a6fa4308961975209b43d899e8a4494f361,185344,MALWARE,0.4503955717227005,UNSIGNED,
F:\safe exe\uninstall_185856.exe,4ea599030c81966d75b35fd8394fd50e9e7cc40470aa587ca2ee57681791a391,185856,MALWARE,0.9985847277661019,UNSIGNED,
F:\safe exe\eqn.exe,037809771185ba5e12a4f4328ed0e7eb31fbd5060f83334fbbebc5fb64703b29,185875,MALWARE,0.40648789507271493,UNSIGNED,
F:\safe exe\fixincl_186368.exe,bd380f55d7cae220e38d143e6e64920a3c09f599225190abb79f8aa26d5821fc,186368,MALWARE,0.9502570854323232,UNSIGNED,
F:\safe exe\deluge-uninst.exe,a96ba36cda1dee7a746a19dd4e4ad94229c4c126e9e5e81c99a0c71b32d70a58,188009,MALWARE,0.99575434869123,UNSIGNED,
F:\safe exe\ClassicExplorerSettings_9C52DA9C.exe,9c52da9c53258998f06bb4dac4f1a63de7d73870502d7d8e5332fa57c34e936b,188416,MALWARE,0.9384673670014441,UNSIGNED,
F:\safe exe\luac.exe,d90802dfb2f849d80fae6fc9d9f2b5b39ec13b1e120893178be63b926a2e44bf,188416,MALWARE,0.9939368552479855,UNSIGNED,
F:\safe exe\Uninstall_2FF16464.exe,2ff164648f770567c3c2cfc0b044f17e788c4c0f098291c9f55934d6ff67be55,188799,MALWARE,0.9333672541966868,UNSIGNED,
F:\safe exe\Uninstall marktext.exe,8e2bba0f172ed1916149f2d4cc3405a4f351bdefe6bfbfd671e7fd6b03c22636,188946,MALWARE,0.9995680734796858,UNSIGNED,
F:\safe exe\ocsptool.exe,eeddd5ea4e94b37bc4947719c259ade92e752455a6c06b42d854d441108ccf0e,189440,MALWARE,0.743880971695966,UNSIGNED,
F:\safe exe\chicken-profile.exe,b9234964f77494afa80d5e907a8c5f3821007f6932f53bbd1d733e906a687556,189877,MALWARE,0.7474258998938023,UNSIGNED,
F:\safe exe\gview.exe,9af9065edf97fb5212bc57b3471f26b69b770359b2243434f8c29670d6c90901,189952,MALWARE,0.9766603452549513,UNSIGNED,
F:\safe exe\UninstallView_597C0C2B.exe,597c0c2b67cf754180a4e0c51376a8bca2457b3fca9b8a58f47dcb010affd718,190464,MALWARE,0.8363504658601285,UNSIGNED,
F:\safe exe\DevHome.exe,e75aef572d5d88e34d254e8bb78e5f526c6bcde6f1c00b3eb2fea1b319eac8be,190976,MALWARE,0.9934156103609567,UNSIGNED,
F:\safe exe\wininst-10.0_190976.exe,1aa3927c7985386d42759656665c7b422ee226df16a19446af6d9a6613b8ae9b,190976,MALWARE,0.8743374861680874,UNSIGNED,
F:\safe exe\wininst-10.0_A1B3FC22.exe,a1b3fc22392d5949052285b6ef5ea2852f8ab333f59c2cde4627ef5784a0f18b,190976,MALWARE,0.9012713485812446,UNSIGNED,
F:\safe exe\gnutls-serv.exe,f57d99e0c35f862ec87857f5cf2eebee0da4c2b6a39bae01a48c5e5607c96ef9,191488,MALWARE,0.41367688741178493,UNSIGNED,
F:\safe exe\freeciv-mp-gtk3.exe,ff11d7586048e2f751169825938d7c90cd8b2921e7b3173389a7dd9d20e81470,191950,MALWARE,0.8164060396582569,UNSIGNED,
F:\safe exe\uninstall_BFD5B999.exe,bfd5b999cd99521aa52c74e8e18dbded761d47df3d98573aa51719ac13c9e0ef,191976,MALWARE,0.9657744065506213,UNSIGNED,
F:\safe exe\sigtool.exe,0e60da69feb12d17722f8f22e6ac0c905ea610d26a3a14a769d12822fef17f47,192512,MALWARE,0.8947747178811523,UNSIGNED,
F:\safe exe\qmlplugindump.exe,0258ba30cc84c3e9a718a0362c79481e9e98290a17186f835442522987df6e61,193024,MALWARE,0.7509466268299215,UNSIGNED,
F:\safe exe\view_AE07A9F2.exe,ae07a9f26362eccff70d3da37ca4622077791c999f5007d64714d24efb377819,193024,MALWARE,0.9419333433372603,UNSIGNED,
F:\safe exe\lzfse.exe,90bbfe042cbdace6ac9077e610d7fa790d626a6db349e33ab401e29456043a32,193536,MALWARE,0.9965189993844068,UNSIGNED,
F:\safe exe\qdbuscpp2xml_AB6E3157.exe,ab6e3157ea94b3357c1f9f102ff8c4cfe73ff7ef86385904865dbb0be523b18b,193536,MALWARE,0.8468967693756244,UNSIGNED,
F:\safe exe\rdjpgcom.exe,a391e9e36dd4f11e64b9d79235400d0261ccace376072c8b1a6b679390e1a4aa,193536,MALWARE,0.9979180650438884,UNSIGNED,
F:\safe exe\clang-nvlink-wrapper_ACCD4427.exe,accd44277464393a65db68831064f423c0886f3c9d7cc503597bc50f7b774e67,195086,MALWARE,0.8902045471859399,UNSIGNED,
F:\safe exe\gawk_195584.exe,c8af969f2a9a9f05d22ad9373f019d6c3137ba2f2db4df25c1b6efc98756c77e,195584,MALWARE,0.9790645555054813,UNSIGNED,
F:\safe exe\units.exe,69514dfbbbb84438eea4c06d7078b003f1d4a391cd45a5e084f1bc321740653e,195584,MALWARE,0.8365433299423088,UNSIGNED,
F:\safe exe\wininst-9.0_13B98844.exe,13b98844b2fa4a39a4d8ebb414fc79450d5ab4f0c8f5141ac06d40b2a0431ea4,196096,MALWARE,0.9503615182259759,UNSIGNED,
F:\safe exe\wininst-9.0_52DEF964.exe,52def964142be6891054d2f95256a3b05d66887964fcd66b34abfe32477e8965,196096,MALWARE,0.9375247499527388,UNSIGNED,
F:\safe exe\wininst-9.0_729ED571.exe,729ed571911f25f9df42542d3174a80acce762212f20226aabe0c6446cc7dab1,196096,MALWARE,0.9641833882923198,UNSIGNED,
F:\safe exe\makeconv.exe,6bf9223bc5700f680d821dcdb813a6b561a9f381c04191dd39a3623fe924f862,196608,MALWARE,0.9990565581864942,UNSIGNED,
F:\safe exe\xsltproc_196656.exe,2910c402b314fe80015cf59bd4d96f3e64f2ef34c99010551fd7812789345cd8,196656,MALWARE,0.9841578256211785,UNSIGNED,
F:\safe exe\fixincl_8B27EA93.exe,8b27ea93e5627520d46407dddd1918460fa7c20d680e34623367895a2f116b42,197120,MALWARE,0.9573462209832467,UNSIGNED,
F:\safe exe\lame.exe,60279ad6248cf41dd9d59ba15984599d41b5b355c1354b981b4a2c0031cbbd12,197120,MALWARE,0.9999934677729059,UNSIGNED,
F:\safe exe\lz4.exe,39dc79d44f6f0255de520b0aadae7436000ada8b018f65db8b1a1cead8b28253,197120,MALWARE,0.9554957548153983,UNSIGNED,
F:\safe exe\wish86_B38E41EB.exe,b38e41eb6c65c5f137f994e4d0ef93d934096d55da98ecabe819862dd5928e30,197250,MALWARE,0.9876059303577605,UNSIGNED,
F:\safe exe\pkgdata.exe,d1b7a53802622dda6a005723a1175745a5a9767ec70e2f48b749732e5711dfdd,197632,MALWARE,0.9862938742966375,UNSIGNED,
F:\safe exe\ABC-Update GUI.exe,2557f5d1a76f6c07d67725445d61c73e8c776a7d4ddd0410bf0ab52f9a2283bd,198144,MALWARE,0.9667089054521366,UNSIGNED,
F:\safe exe\clang-installapi_63C13F06.exe,63c13f06c300dcce46190559496facf9c733b5b1a1f2a262184d1bb5cc93dcfe,198158,MALWARE,0.9300289136735,UNSIGNED,
F:\safe exe\chicken-uninstall.exe,451799cda16eefb690a40f6157a321dc837261b047cfa065435d0d6efc4b3b88,198444,MALWARE,0.9084139820728139,UNSIGNED,
F:\safe exe\gnutls-cli-debug.exe,f9d0303eef10578efe11cfeb53fa2f53f7fb104b36b45c21d97e19a9cfb611ae,198656,MALWARE,0.6510549882331337,UNSIGNED,
F:\safe exe\lconvert_0C2D907A.exe,0c2d907a08f98a967915692d8960ec578da3957f8d084c04dee7c6c882b8927b,198656,MALWARE,0.9603307587543987,UNSIGNED,
F:\safe exe\qml_5F792403.exe,5f7924035ce6216a4708059fe91cf3086eb030bfefffb60c0719623d117085be,198656,MALWARE,0.8602730189371693,UNSIGNED,
F:\safe exe\x64dbg-unsigned.exe,8bcc95c5ce896218ef7e135f17574470ea91c5232614f40df39d29b598dddf65,198656,MALWARE,0.9525229845402201,UNSIGNED,
F:\safe exe\x96dbg.exe,7473d96b13c350643fc8f471a2e840494f8ab771b35e3e316ebf8a66660df158,199584,MALWARE,0.8413377315912506,UNTRUSTED,"Open Source Developer, Duncan Ogilvie"
F:\safe exe\func_B4C5CDB8.exe,b4c5cdb802747e485003a2863716d27d177589212057a26f0764935fc3595b80,199680,MALWARE,0.9673359179421874,UNSIGNED,
F:\safe exe\qml_6A8E6396.exe,6a8e639613bf9bf08081fab6be70f6793da14c44769926c103ab52af59e70e44,199680,MALWARE,0.9059237856301946,UNSIGNED,
F:\safe exe\slide.exe,29bd36d3e9794c77bf72554fb5a6cc60e62121980c760aba2a9e6db9ff0ff4da,200704,MALWARE,0.9983206453779626,UNSIGNED,
F:\safe exe\mkoctfile-11.3.0.exe,2f74d005b42f3c5fbdbdb590dd6046d5f84fdaa2fb44c824b154c4ec1c64b47a,201216,MALWARE,0.7409286186732259,UNSIGNED,
F:\safe exe\llvm-mc.exe,48b94e1ebe059979316418f6b86a9e21c05ad410166fc06a6f6519d0713b748c,201742,MALWARE,0.8258283450984889,UNSIGNED,
F:\safe exe\Uninstall_F9E5BD51.exe,f9e5bd518c97c168d96b393d8dbc397c9583872c315c18954e030ddfeaf56012,202557,MALWARE,0.9992388678552178,UNSIGNED,
F:\safe exe\monolinker.exe,862938ca52d294d2c70876bf864bb2aa52aa2bf350d9460699b56677b87d2f6f,202752,MALWARE,0.9599877047593481,UNSIGNED,
F:\safe exe\reporter_75E5D5DD.exe,75e5d5dda6980c447c7ba5b8feef9095950417877662f1ba0553fbe8449511d3,202752,MALWARE,0.9972319492235211,UNSIGNED,
F:\safe exe\tclsh86_98A9BD2B.exe,98a9bd2b8f59ea1a4ba15f3e2a86ce567451beb5494edc4725291c1e9bfbf57c,204444,MALWARE,0.882152807185502,UNSIGNED,
F:\safe exe\unzip_204800.exe,2122557d350fd1c59fb0ef32125330bde673e9331eb9371b454c2ad2d82091ac,204800,MALWARE,0.9529464758693827,UNSIGNED,
F:\safe exe\fixincl_A59A4BAC.exe,a59a4bac7b94af8442ea27b77643821f1091d76745dc5fb111250295636c6885,204814,MALWARE,0.9789341236461746,UNSIGNED,
F:\safe exe\Uninstall_8728FA43.exe,8728fa436ffa225c1b940bbf59098b70c4d9a319f84e0f4ca61bfcda8387c2fa,204846,MALWARE,0.9925856767198746,UNSIGNED,
F:\safe exe\dumpcpp_1FD34DA0.exe,1fd34da009a7a95c6e48a6863ab98b29b3bc490ec43730fd8da412a3b65492bc,205312,MALWARE,0.976436150339886,UNSIGNED,
F:\safe exe\classifier_tester.exe,68b251810ec26533079169c62e2cfaccfaa43650199d823f12a014a8c682534e,205960,MALWARE,0.9228409192239052,UNTRUSTED,Universität Mannheim
F:\safe exe\shapeclustering.exe,56a00a4df10d6e9921938b474e2148ac0caa1b97362644a6301f18b128d9f1a7,205960,MALWARE,0.8915451064511972,UNTRUSTED,Universität Mannheim
F:\safe exe\uninstall_206272.exe,81a24bb5da8ed7dac977c88a07ef3578656c871e07e04268a27a236b5a3456ba,206272,MALWARE,0.9974804417749715,UNSIGNED,
F:\safe exe\lrelease_7E2F585F.exe,7e2f585fb37ed5c2b19d9f679ce44dfb0087fd8a2a9a7aeabad5c1ffcb475dc2,206336,MALWARE,0.9395054491795866,UNSIGNED,
F:\safe exe\llvm-lto.exe,6db2a669cd5ef46806a6e0bfc9453e012b0b72cf50f85344c7810cc9714c63b8,206350,MALWARE,0.7442155332066757,UNSIGNED,
F:\safe exe\cntraining.exe,cb9648e09d629717022de268388a988725dbc8ccef83d21579af77d99c6e22e1,206984,MALWARE,0.9357128049788719,UNTRUSTED,Universität Mannheim
F:\safe exe\ssh-askpass-sublime.exe,85685deeff5dce20a6c5037bfb206afbbf2f9a4ec55546d3800c541bc4439fd8,207808,MALWARE,0.7423249363434476,UNTRUSTED,Sublime HQ Pty Ltd
F:\safe exe\llvm-remarkutil.exe,3e1a9bb57c00ed0f03ad758e9b054b7c484d5ca6bbec3fa979f0358280af96e5,208910,MALWARE,0.8700774469398984,UNSIGNED,
F:\safe exe\GeForceNOW_93069CE0.exe,93069ce036a2c3732cc343a14c9de4216d1e4a75dc00372f27e060c4b6586285,209920,MALWARE,0.8699470388960124,UNSIGNED,
F:\safe exe\gnutls-cli_A22A04F3.exe,a22a04f36bf3cf8664916d270152c33b9e3d07cd82711eb36ac952619c2aaafe,209920,MALWARE,0.9683250216689123,UNSIGNED,
F:\safe exe\Uninstall-FreeCAD.exe,053317e6671f90d18cb876906066404d97e464329dd3ef54c3356c46bfcd0f56,209970,MALWARE,0.9920371439326543,UNSIGNED,
F:\safe exe\autopsy64.exe,ee790adfcf8436d7b128ddb43d6f6df1a8404df7612972b2bef7022b4f27bf69,210944,MALWARE,0.9605218831378298,UNSIGNED,
F:\safe exe\llvm-exegesis.exe,70c2bd1bf64c2ab016d870887dfe38ca0e44a61860ce17a29bd6bd5849e22e3e,210958,MALWARE,0.807462998946575,UNSIGNED,
F:\safe exe\dnSpy.exe,bc1c4e0fc49c138bbfc223d3e94231cd4884439c663646d91e48fa005df6704a,211968,MALWARE,0.9292209711440724,UNSIGNED,
F:\safe exe\func_212480.exe,ab71675020e9b4c784d1fe71ec4d93388460f55e8e83bf86ed24c5b24f6ee5e7,212480,MALWARE,0.9197091452921147,UNSIGNED,
F:\safe exe\uninstall_212741.exe,18826e313e6ebe97b6432fa61f0e170cfa660701a521f53b14a2ff2cad8e5b74,212741,MALWARE,0.8600975610300058,UNSIGNED,
F:\safe exe\func_212992.exe,2ae44f722fa6ccd2bc6e0c6afea1a95f69ebff85ce2f9c57b030ee5e543a9363,212992,MALWARE,0.9680339842585999,UNSIGNED,
F:\safe exe\cluster.exe,790f153201c4cb15d99d5a46125594b1437dffdb6e7fcba24436adabc8f49088,213504,MALWARE,0.9998789660191383,UNSIGNED,
F:\safe exe\clang-query_97BB4D0E.exe,97bb4d0e4920a4fe69beeab61abcbe03d010c3859eaa98eb1636a3309d5e65eb,213518,MALWARE,0.8844326411716857,UNSIGNED,
F:\safe exe\ImgBurnPreview.exe,363f61889adaf3ee4bb95bda5f6d7cb1d7c906b61c310c8e98ad02717c5203f9,214528,MALWARE,0.9999205932622776,UNSIGNED,
F:\safe exe\llvm-nm_FD99109B.exe,fd99109b2866bb6d7de2b49fbef333dacff183377e6403bdd29d0feba40b8543,214542,MALWARE,0.939668423263303,UNSIGNED,
F:\safe exe\fastlist-0.3.0-x86.exe,017411f3b0b5c0402cc3b2cb87c32c6fc71abd82e5b17ea6108990096c75a65d,215040,MALWARE,0.9935948868969056,UNSIGNED,
F:\safe exe\gnuplot_qt_5227D348.exe,5227d3489ff4a8a61ba4f279f3654155f7519c01db179ed4fb1ac52caf7595af,215552,MALWARE,0.9006341172900728,UNSIGNED,
F:\safe exe\gnuplot_qt.exe,902cb40897a88bdf588a125f6ea07899adecd1049cec83db67831129400a9bff,216064,MALWARE,0.8125612656667509,UNSIGNED,
F:\safe exe\mftraining.exe,40b177d2e8d7bb798bde5761c4da9b4acd779aa5189f4175b2b86bf680123c0b,216712,MALWARE,0.7588328894271645,UNTRUSTED,Universität Mannheim
F:\safe exe\avidemux_jobs.exe,d60390c8ce27cc6519b371bb5c5af3706234617c641942a37d0c6bc4b117d198,217600,MALWARE,0.7914450177327111,UNSIGNED,
F:\safe exe\clang-change-namespace_FD43719F.exe,fd43719ff570914f44d245baa2a43f78298e4a99fcee3cafa5045d3be6fe674b,217614,MALWARE,0.8840428569031563,UNSIGNED,
F:\safe exe\Uninstall_941E73DE.exe,941e73dee40f32c5aad72640dd0dcf66143b43c03cc24d20eff14856c5885530,218686,MALWARE,0.9732982296119163,UNSIGNED,
F:\safe exe\8x8NetUtil.exe,d85ce2382a1cda97c3f6ffee7c62a3ed56a98edfa3052d8bb13b09ab00ce51ae,219136,MALWARE,0.7556011562220406,UNSIGNED,
F:\safe exe\uninstall-gui.exe,5ebb110c876f3c79565b13d0ca108ed57e0bb9533b44997494d7fbeda342c145,219151,MALWARE,0.9811256844470406,UNSIGNED,
F:\safe exe\find-all-symbols_5D8638CA.exe,5d8638ca6ac8bbabd673b9624360da82eb702d860faa4a6019f4a5d332694b00,219662,MALWARE,0.8295530796272073,UNSIGNED,
F:\safe exe\cygcheck_220179.exe,2f17cafd68c501f519359bf62e7d6ea65cedad58ebbb75a8826ae930482c24ea,220179,MALWARE,0.47007031967877266,UNSIGNED,
F:\safe exe\chicken-status.exe,550e8b0f4256e4efd5a32a22f9fec904fe7e2a938dbd3d827fa44ec1fe8682b6,220526,MALWARE,0.7558649474746647,UNSIGNED,
F:\safe exe\antiword_9F60047C.exe,9f60047cf870b5352d840b302faf48d0a4fde3a2e9efd367d5621ed8a3de458a,221184,MALWARE,0.9975721327962895,UNSIGNED,
F:\safe exe\install_221184.exe,e48901be881db5c6a875d1882231ea71a6ae9e0222de51bc7d4f35927b039170,221184,MALWARE,0.9896955659223384,UNSIGNED,
F:\safe exe\gnutls-cli.exe,a687705c33e6d2c1a09cd5c42c93f9231b00633821e6268690621713bfda419c,221696,MALWARE,0.6858357749998022,UNSIGNED,
F:\safe exe\uninst_4E4EB904.exe,4e4eb904493a22a3e406bf6634d2908176580b1a6268a15bbfa12e14b2a453d4,221897,MALWARE,0.7319673465925475,UNSIGNED,
F:\safe exe\mgs.exe,24a479267fee920e89b6a09dc14d68bac493b2715b37003992c44e53018ae3e6,222208,MALWARE,0.973511328268141,UNSIGNED,
F:\safe exe\wininst-10.0-amd64_0A18D562.exe,0a18d5621e6bf03d69494f1a55b1b79909f052ebfb98f29bebce399ea3910685,222208,MALWARE,0.9429921018799357,UNSIGNED,
F:\safe exe\wininst-10.0-amd64_222208.exe,b2e32b3fa44b3a9a8fdfa906627355f6f48b4821929f9bce5ded2d07894361d4,222208,MALWARE,0.9265119060786485,UNSIGNED,
F:\safe exe\digikam.exe,aba9819604f3a2e7f06adcd83cb657b15182c9ecd3ed5241803194c66486a6ea,222720,MALWARE,0.9860386318575732,UNSIGNED,
F:\safe exe\showfoto.exe,2d6feeaa8765555f04490d86bc59d042199a6b7ecd884d6a9d11097adf314af5,222720,MALWARE,0.9806208782338409,UNSIGNED,
F:\safe exe\clang-scan-deps_419C4722.exe,419c47221af9ed723d210561f2562c8dfa2a3dd207405b60fa448e82793dd895,222734,MALWARE,0.8054880675060128,UNSIGNED,
F:\safe exe\wininst-9.0-amd64_75D348A3.exe,75d348a3330bc527b2b2ff8a0789f711bd51461126f8df0c0aa1647e9d976809,223744,MALWARE,0.7605443712682516,UNSIGNED,
F:\safe exe\g++-mapper-server_F3311D9C.exe,f3311d9c5933c552baf97cf6d5d2c0bc184b003bb33a6da65781a330197d3077,223758,MALWARE,0.9697829604188949,UNSIGNED,
F:\safe exe\Uninstall_C877CF21.exe,c877cf217e8797a958e0b7d980f6896bc40ef8d9fe8c702f0a094bcd2cffe9a9,224116,MALWARE,0.9658670503120819,UNSIGNED,
F:\safe exe\Wings3D.exe,edc263654613b01db9036fac8f7166fe5aa1dd363cef019c0055ae3675f463b4,224256,MALWARE,0.9974682568225439,UNSIGNED,
F:\safe exe\wininst-9.0-amd64_224256.exe,84fe7824717bb55d7f32c7487e37012a1bc6cd4c8c0202be4bfb07e770f8dc51,224256,MALWARE,0.6113042877951678,UNSIGNED,
F:\safe exe\wininst-9.0-amd64_29FEFE40.exe,29fefe40a9810e0886a876aaa71437519047ad7cd32fce3ddbebb233c16d276d,224256,MALWARE,0.683032809001837,UNSIGNED,
F:\safe exe\clang-move_EF7B9412.exe,ef7b9412cd14060555c28184f19e1e3d1f673b66d373eadb1704baa410297329,224270,MALWARE,0.9144892078722549,UNSIGNED,
F:\safe exe\g++-mapper-server_224768.exe,3ced41bd3261f25cc53ad922e6e115ab21912766bc73b86c15ede8db39292bef,224768,MALWARE,0.5767252170849284,UNSIGNED,
F:\safe exe\baretail.exe,160d6a3bdc9d64677643376f82e559eb4112289e6b6d722b5b3b32699d18bca9,225280,MALWARE,0.9999353271195962,UNSIGNED,
F:\safe exe\g.echo.exe,ebaf2f4419dac7b66f08d952a0997e73528864f8204504bea0d2adac8f27a60c,226171,MALWARE,0.5552378548494804,UNSIGNED,
F:\safe exe\clang-cpp_380E6318.exe,380e6318c68095c1b34c5467a0ec2983686148c066c3b041187d32db0f44f861,226318,MALWARE,0.9570796771525205,UNSIGNED,
F:\safe exe\cell.exe,8afcc78c4df8726c78a34e1287654f6e0b994554abd6420c5f1a1e85d3d3dcc5,226476,MALWARE,0.6121664945423537,UNSIGNED,
F:\safe exe\vector.exe,64e593c26b26416f7c2b3fee9660ca8da22dc6817d377833a77de1d4d8d600d2,227144,MALWARE,0.47411125145145677,UNSIGNED,
F:\safe exe\g.findetc.exe,e137ef52754ecf5b6b1bdae62ac52e592ca260102866770182a75be081969b1d,227185,MALWARE,0.7105904238428142,UNSIGNED,
F:\safe exe\main.exe,d27da96cf9457afd0b2c0aecd02c9eaedab05f2a1f25b5a0f080e7b8ae838651,227328,MALWARE,0.8325418984262575,UNSIGNED,
F:\safe exe\crashreporter_0ADE4676.exe,0ade46768f7b9751441d7739eb7a41313acffc664006bc17e6dcd6895355d1bb,227840,MALWARE,0.7042338536465026,UNSIGNED,
F:\safe exe\llc.exe,cf2d8afe960087d1cd5bfcd64d1148e9ae4e6805f7f5a3c5bdc6e745c8925efc,227854,MALWARE,0.7804897999853012,UNSIGNED,
F:\safe exe\d.colorlist.exe,bd18b3aad0284ad0b6370af7586bb4f21274c7b9b0c4de58851cf011278793ee,228214,MALWARE,0.6123313591643854,UNSIGNED,
F:\safe exe\db.drivers.exe,fb4f4607aa586a86130dd12eea051eb1fca905c086acb3a1d86d97c4366c0bcf,228481,MALWARE,0.6863427457448461,UNSIGNED,
F:\safe exe\d.fontlist.exe,72203f2c3b2f26af70bec5c6869111156c7233d2c22611bea6f266cbcab90796,228716,MALWARE,0.674442314874733,UNSIGNED,
F:\safe exe\d.erase.exe,2ecc3a95d589274dfdc1b47f1c17649b44b007059883b4746b229b2c63d1724c,228841,MALWARE,0.6956879341768094,UNSIGNED,
F:\safe exe\lessmsi-gui.exe,daac7a259538809b474ba39a7bea3a8282db075ea2b5803bc7308ad8aec32c26,228864,MALWARE,0.846212864186809,UNSIGNED,
F:\safe exe\lessmsi-gui_228864.exe,da3491f0fb99f31cca960824a9303539c286cd5de7da631fe58bd12bfe56be96,228864,MALWARE,0.846212864186809,UNSIGNED,
F:\safe exe\g.dirseps.exe,37af8d26e958e1cea0c6d86e0fedca991deda865b30dc5135bd28c05c9a91799,229228,MALWARE,0.6405870272825059,UNSIGNED,
F:\safe exe\r.timestamp.exe,f3049b373dea45f82c2fcc3aa924c7265edbddbc034e0e0965a81c01be7433e6,229230,MALWARE,0.625105521925544,UNSIGNED,
F:\safe exe\v.timestamp.exe,3ec254ca737e1c62ca8ba9add640b1b03a448b8902d2442aa520eed73ee4f772,229230,MALWARE,0.6131709066228076,UNSIGNED,
F:\safe exe\r3.timestamp.exe,51478d870bb3323a3f4cbabda79c89a7a52bfbe54bfa0eeabdf0f968877c7774,229246,MALWARE,0.6379222142948233,UNSIGNED,
F:\safe exe\g.filename.exe,85b25d39f793df1a6e8396ecdae9bdec5c2c0e50036744daec11bbc961cc3793,229370,MALWARE,0.6652300795576624,UNSIGNED,
F:\safe exe\db.createdb.exe,ad08f37c777b085e4a891058e1dd00fd76db0124d382d71fc671ec186d2a08f2,229379,MALWARE,0.6123499247074883,UNSIGNED,
F:\safe exe\db.dropdb.exe,6c158dc9863d74a731e5d3fe3fe6331218295a5a73af33327dd3fbfb03c30751,229379,MALWARE,0.6123499247074883,UNSIGNED,
F:\safe exe\i.ortho.target.exe,e77928545a95c72e0a2ef5c175d332f0d69ad54bc7b0cf2d8f63647f30966f83,229381,MALWARE,0.6291246593633497,UNSIGNED,
F:\safe exe\r.out.gridatb.exe,da450819f76c33dc2b965a6817c75052ce8d569b69d41e71e10c9ea0586ca99d,229461,MALWARE,0.7008306545161348,UNSIGNED,
F:\safe exe\uninstall-synfigstudio.exe,e8eede5d2c03850f3d8d68de0be93198cc58ad294b6b8a335fc493df7ea6e274,229715,MALWARE,0.9971194807336187,UNSIGNED,
F:\safe exe\r.colors.out.exe,9d8f00c4ad2f7508dec83aaa341baab606f166a6babb3a8ab4260d958b0a96c2,229799,MALWARE,0.46385261674346273,UNSIGNED,
F:\safe exe\g.copy.exe,66eafb76cb299721e6d6f9caecdf3ac90f39d64776d66896b23d5a24f2e09114,230296,MALWARE,0.69829858411875,UNSIGNED,
F:\safe exe\r3.colors.out.exe,678ae512637f12b7b55e2e4a343eafa1e5af7b8c68467613422bf13f8bdab2d6,230511,MALWARE,0.6024241104821116,UNSIGNED,
F:\safe exe\i.target.exe,d66c19dcc839351b3a47c7e77a1ccc38b284da059dcd7e0f8effe3a08e51f940,230692,MALWARE,0.5947642832870838,UNSIGNED,
F:\safe exe\i.ortho.photo.exe,03f7d6a0a4e0673a7296b727e7451ab8246ace62702a7f53f1dc22a170056cfd,230778,MALWARE,0.5126272191128181,UNSIGNED,
F:\safe exe\db.login.exe,bdba74423c5935319e4007c3a99b43f55c6664c78223bd4fea951dc3466cd3f7,230840,MALWARE,0.5921884617432741,UNSIGNED,
F:\safe exe\db.databases.exe,67a1b68bf2dac7c920ba52e48dafd8d603f24cb4d3e3dd3f6d65a836bd84902a,231259,MALWARE,0.6010142628495051,UNSIGNED,
F:\safe exe\modularize_4A7662C6.exe,4a7662c6f3dd90490a7f95a21e385adc734d60732aa7634910b50024d6b3025f,231438,MALWARE,0.8656469560560189,UNSIGNED,
F:\safe exe\t.connect.exe,1bcc2d87f1f3e5397c02adc7188688d965ccaa5cf17e209f11ada324bf3ab356,231562,MALWARE,0.5705267184857692,UNSIGNED,
F:\safe exe\db.copy.exe,392cf7a3de03d8de39918b78040f603c63087cbb7579dba759d6e7e52a0f4dae,231704,MALWARE,0.46915549485451896,UNSIGNED,
F:\safe exe\db.tables.exe,b40cf73f7b4a62d997232072cecc266c93c98698dd0dfef288dd707f7cf118b4,231759,MALWARE,0.5661909996830019,UNSIGNED,
F:\safe exe\i.eb.eta.exe,3e64df51e44b8a95f659a6bb29c19c7a08bf67be4b0d38de3291c21cdfaac563,231897,MALWARE,0.4932276166991889,UNSIGNED,
F:\safe exe\winspy.exe,fe0be4daaa738c62cbaffc07d896b0d34d168990778301e7b5fe6b29a68087be,231936,MALWARE,0.9739160568043327,UNSIGNED,
F:\safe exe\v.in.region.exe,0693ab6548a0ae15ff4902f84f031d2fbaaa59783150daffcd79de311c815556,232339,MALWARE,0.5773834506909298,UNSIGNED,
F:\safe exe\lli.exe,cf353412d8f8c6afb6d2a3a5e112d25975b5e681edb638542096dd38617ce72e,232462,MALWARE,0.9483234062819946,UNSIGNED,
F:\safe exe\v.type.exe,54ad65e100e26a4fd41a31aabb788f1414460ff450bb2ed6da316bf0ddf75a9e,232488,MALWARE,0.5368506124347175,UNSIGNED,
F:\safe exe\g.gui.exe,db1dc14dcfc409f361f75ca1358991bc4bcf1c5a9abc3592ed2efc8919b258fc,232820,MALWARE,0.5042970364398658,UNSIGNED,
F:\safe exe\d.info.exe,5809d3b571407e150f01c1076fc596746a4c63b205f624a062b25afb5de639fc,232878,MALWARE,0.550038680337771,UNSIGNED,
F:\safe exe\r.li.mpa.exe,769036816d111b84d068bd076d2d2f14b48ded426181c10b36dcf248394dba71,232912,MALWARE,0.4308339224858678,UNSIGNED,
F:\safe exe\mingle_232960.exe,51042aca820254f3ec8699c568ef41680cffa66810c4e4396319bb9d15adbc84,232960,MALWARE,0.9971920801954074,UNSIGNED,
F:\safe exe\d.rhumbline.exe,122f617fca5b015245503e017e5c40584aea95d695098c4760432ddcf732deab,232975,MALWARE,0.5460097960497862,UNSIGNED,
F:\safe exe\r.mask.status.exe,eb34baac6c3434e8e5777c0b3bdc78981f7de339d448957dbdb38d022c8aafa6,233188,MALWARE,0.5879868038281645,UNSIGNED,
F:\safe exe\edgepaint_233472.exe,c0a0949c3718318183a6b35b7c87f9ffaa1c8cba362c70ea552a1a68d4659c91,233472,MALWARE,0.9994781961709298,UNSIGNED,
F:\safe exe\d.rgb.exe,2932279162987b27fd0d5ae0ffbdb83cec6ae9ec329bc3ca7317b6b723a8d049,233604,MALWARE,0.5704204890302503,UNSIGNED,
F:\safe exe\r.latlong.exe,f6f9d0a494fadf98faf21ecfa07bd9ae235151f3c205217fbbd4d9f4a02fc1ca,233727,MALWARE,0.6282583071726243,UNSIGNED,
F:\safe exe\r3.mask.exe,3694b48ddea2dc0cdaa1a102fcaa37db4735fd98b8e5a001b06351a9951e0b2c,233851,MALWARE,0.6719524411635099,UNSIGNED,
F:\safe exe\r.usler.exe,4a2e298269fed725b31deab3ef654059ddf0d17a897214172b7572cf0f7a3fe7,233923,MALWARE,0.6175508398995763,UNSIGNED,
F:\safe exe\i.ortho.init.exe,23a865e0793be22c2fe1d07ba0769d9786c657cecdca71012aa9f3d1ec8d5944,234024,MALWARE,0.5929974954806989,UNSIGNED,
F:\safe exe\helper_D516FC4D.exe,d516fc4d865a86fc32ebe8173d0663573304c5e0d1cac44a349b6c92669fdadb,234238,MALWARE,0.9998963419677116,UNSIGNED,
F:\safe exe\v.net.spanningtree.exe,85da4fd7546e2996ea62f716993e39c08e0f7db19b55e98cba0ae0fced0f73db,234334,MALWARE,0.6972142993453359,UNSIGNED,
F:\safe exe\i.signatures.exe,4232a1b8f2201f3841080db711095cae29a4260b77cdc5758e251a71540a7c45,234361,MALWARE,0.47655142648555565,UNSIGNED,
F:\safe exe\g.gisenv.exe,77cebb46187b6ed168a124f659c19fedf34907694c038fe453439ddfbd48783d,234574,MALWARE,0.4402441013909705,UNSIGNED,
F:\safe exe\v.parallel.exe,59cb1f093669f51abb8af66aeed499fe9a0ad270514b5fe3be5ce22626b66022,234822,MALWARE,0.5854898766723472,UNSIGNED,
F:\safe exe\r.li.richness.exe,31d10e62ced71a7687ea0bb8810c15bbc9f56a010d3348173bb311ac400fdf0f,235036,MALWARE,0.5728331364791548,UNSIGNED,
F:\safe exe\m.measure.exe,3754f76e072d23550a82b5f9b5db820b99030e2a3db6253a6fcffcb8f77e57d4,235285,MALWARE,0.6534337841281268,UNSIGNED,
F:\safe exe\i.fft.exe,3d450851dcfbc98dafe2ecfd6d8fe88adae2475b2d99524b540e1980522adc5a,235432,MALWARE,0.5320021443685126,UNSIGNED,
F:\safe exe\i.ortho.elev.exe,bf87eaf12e298baca705c94f076b4df4e0a15197c8006724308e328129ddde7b,235468,MALWARE,0.4969664187023954,UNSIGNED,
F:\safe exe\r.support.stats.exe,33697ec514f4e00dda058495a122821211ab6b16d14b9ad09c77014472a4c6b2,235506,MALWARE,0.6009211122484451,UNSIGNED,
F:\safe exe\i.rgb.his.exe,0d5d58bed490a2f3b46312ab65dd6e0e569a723d72e5428e6f6166845724ec2d,235679,MALWARE,0.5254871881403173,UNSIGNED,
F:\safe exe\v.net.bridge.exe,4098be1e516da56a88a053b19161726dc32af3adf99b0585abdd5541b5bafae9,235894,MALWARE,0.5856746157695927,UNSIGNED,
F:\safe exe\genrb_A155C9B2.exe,a155c9b2a6ab6360cbd1448ccb2565cfdd64dac5fe0e840309c9f4104f86beea,236032,MALWARE,0.937055492915902,UNSIGNED,
F:\safe exe\i.ifft.exe,c5636a02d710b7c249751f85949b9f2263282e32dac8675376bcfa9aadeeeec8,236128,MALWARE,0.6055356402113672,UNSIGNED,
F:\safe exe\i.evapo.time.exe,729f838904c597368dfd61804e03ad9dbfb57be25774f28716d36b46772d763d,236156,MALWARE,0.5904220704864299,UNSIGNED,
F:\safe exe\v.out.pov.exe,35e46d5a5d3107a2b3e86d2a39d769bcb7c42242ab6d14b15b2176997833cca7,236165,MALWARE,0.5884313858499751,UNSIGNED,
F:\safe exe\i.his.rgb.exe,2c5fac8fd775477521f8f3a1551f4b9fcfbce10f30ba97011928daff3f2b29c3,236191,MALWARE,0.6145414338131326,UNSIGNED,
F:\safe exe\d.his.exe,af3a44b0227202878ea0b3661456ca8f93fba53cd7c96c05ffdd0c39b3bd3e39,236202,MALWARE,0.5387325067822911,UNSIGNED,
F:\safe exe\r.out.ppm3.exe,c607d729a169afd5110a66bdd702397c886ab3ffe8eb258b9fb520f49371de0d,236229,MALWARE,0.6033718977603666,UNSIGNED,
F:\safe exe\r.out.ppm.exe,3b6cf1fa689411dd031b62fe2c2663c0a916f534541703adaa7f500d3a348410,236390,MALWARE,0.49325228335834037,UNSIGNED,
F:\safe exe\r.region.exe,d03ca89fec3b8778ce8d18a8e88105b4933ff9571bcb23308a1e0da8c9841a3b,236455,MALWARE,0.6262954786496152,UNSIGNED,
F:\safe exe\r.external.out.exe,69928564eaacfb3c0d34a63c18f0cbe8c873efb55917e028bf9d240d94f1f7a7,236458,MALWARE,0.5545471932317052,UNSIGNED,
F:\safe exe\llvm-rc_40ED93D0.exe,40ed93d0c6a6281b614b4aafada5ad0bed77b3686ddc3faec6c51c452277696e,236558,MALWARE,0.8592171119108432,UNSIGNED,
F:\safe exe\g.rename.exe,817062ac9f6d00d17048d94781a5310194571136c38eedd73c056892ee6e7cfe,236638,MALWARE,0.5308255648593144,UNSIGNED,
F:\safe exe\i.emissivity.exe,11bdcaeff0c9dc6d915d03676a1656d4988a714218d6464b16c68875063835b2,236784,MALWARE,0.425254820847846,UNSIGNED,
F:\safe exe\v.support.exe,585cb2d2ee4daf2991dc34f938f7af5c4c64a756885fce1038e3a5381d0f6480,236855,MALWARE,0.4151642246703696,UNSIGNED,
F:\safe exe\v.net.connectivity.exe,0af1a97af9434258229e165e3644a9e2a4f1dca1cbad0d41fa254b96309bff91,236869,MALWARE,0.5553734574032909,UNSIGNED,
F:\safe exe\r.li.simpson.exe,113ce10885828b664ba783b5001d434e0eafd14dd04ae93da79c2975ffddc641,236882,MALWARE,0.41073291012237173,UNSIGNED,
F:\safe exe\r.covar.exe,b1a667e7998beedc76af068b23bf24d80246ef2bc042a22fc699daeeb1509cfc,236985,MALWARE,0.5644737247894887,UNSIGNED,
F:\safe exe\v.build.exe,7985b6e26ad5a98356f6d81ad5bcc35fc0bf8367e0e89c10b179701841827d87,237346,MALWARE,0.4114267080151778,UNSIGNED,
F:\safe exe\r.composite.exe,718293fc128fc725bec4b18ffa71f70465238acad9a5397291cba71d02810871,237400,MALWARE,0.46011520703734865,UNSIGNED,
F:\safe exe\python_BC2669CE.exe,bc2669ce1086d0c634ea148395df9f029da828793f0aabf6e0e7eb326a0f4c0c,237568,MALWARE,0.5890741890179944,UNSIGNED,
F:\safe exe\r.water.outlet.exe,f04767bf48d480afba8714ef99d5cf06294283915535d05641b9dba16b9db0f4,237597,MALWARE,0.4599123064923807,UNSIGNED,
F:\safe exe\r.his.exe,106dda57ad0c5cd6079f0ccd3631de8329db92c830b5deae8a65f5b96b7ee495,237718,MALWARE,0.511109372134142,UNSIGNED,
F:\safe exe\r.tile.exe,a236f47feaacddf004d48dbf05979456acc73b0b8db5243d8cb9bcd4aa092b2f,237786,MALWARE,0.5183833451642467,UNSIGNED,
F:\safe exe\r.to.rast3.exe,78d8f69d17e8e5e5bf45228f0cd185800df4114e8be098647788882b200785b8,237827,MALWARE,0.6403550898485276,UNSIGNED,
F:\safe exe\r.out.mat.exe,b52ecb56dbccfe5b79d3b709d6ae48700e23d9b006e1670d3446c1e48b247fd2,237901,MALWARE,0.4045655031908352,UNSIGNED,
F:\safe exe\Insomnia_7E85ADD6.exe,7e85add6d9f72b1714c318d2e2ffb0fd1ec8ad0f677259d08ca7c86014d22bb4,238080,MALWARE,0.9275028658336327,UNSIGNED,
F:\safe exe\db.connect.exe,6395f4ac16d2211f51c850d51cc993c51f9b92bfdafcf86c715149ac127742dd,238212,MALWARE,0.5795392177488028,UNSIGNED,
F:\safe exe\g.findfile.exe,582e12593c98024bb5408da96136b7fd114fafeb992f4526d6d0a967dfe8f31b,238258,MALWARE,0.5844608179402047,UNSIGNED,
F:\safe exe\d.path.exe,5f9ab18618886d7bbe4d3df455ed60be1bcd6416c2ee197193f53e22d16b44de,238267,MALWARE,0.5603764315669517,UNSIGNED,
F:\safe exe\v.drape.exe,cc0dbfa9319ddda824f3a740c554fe016efd07d941953ab8c5b2d08d81ce05bb,238331,MALWARE,0.4878529729586623,UNSIGNED,
F:\safe exe\r3.support.exe,ba531f906d1c6a216485a02942a847ae4bee25d54bbc43ef49ad698ab3ecc74e,238511,MALWARE,0.4424762990832742,UNSIGNED,
F:\safe exe\tjbench.exe,55d8ceb50acced9e790ca515975886cdf2fa13a94fe477fc898817abd8be8557,238592,MALWARE,0.9620726794864007,UNSIGNED,
F:\safe exe\i.eb.evapfr.exe,e94ec792a3bfbe61e96d5f12b87e52dfb77d413d81b8b303db4ad2f176405e09,238849,MALWARE,0.6098720762446423,UNSIGNED,
F:\safe exe\db.columns.exe,3328fe4c9dc5262bea3346209733cdb0ea897ff80d6e5b1ee243c29992f6d5f3,239223,MALWARE,0.4867108892450757,UNSIGNED,
F:\safe exe\r.watershed.exe,e46fc4314fc774baf07f12581a2b5a808e2b26d866dd23ab6b9c2a06f0485de2,239350,MALWARE,0.5950672106686814,UNSIGNED,
F:\safe exe\r3.cross.rast.exe,2d2bba2af1c3ab8d4255971ada4f46a151ca957052f17457450923b691a7afc7,239554,MALWARE,0.4456371377241929,UNSIGNED,
F:\safe exe\r3.neighbors.exe,3a7ffa9a12fba998c7c0c9a84b86b3e1c2d430edda70c32bfc60de2a6acccd61,239642,MALWARE,0.5391043990544477,UNSIGNED,
F:\safe exe\r.surf.area.exe,224cf1d16e5474a57b2a6bd36345656312fbc816dd4047613f301e51e7a44f36,239883,MALWARE,0.5513830561412774,UNSIGNED,
F:\safe exe\i.find.exe,81b01c352944b346a5d319223774c541d9129904631da5f75ad3b4cc5a89b123,239905,MALWARE,0.6616990748676319,UNSIGNED,
F:\safe exe\r.series.interp.exe,84c468949ecdee281671a899a7a1cde39e3a92f5bec71c27181441b70a6e4a90,240034,MALWARE,0.47179135732507316,UNSIGNED,
F:\safe exe\r.spreadpath.exe,d3d0a1dac3970c61cce8bdbf0722c9b23983acc20b21581891eb009dbed37b1e,240074,MALWARE,0.6322526569597696,UNSIGNED,
F:\safe exe\readtags.exe,59ed41b2615169235825c296d20c696a64842cafed6d74c452e9b594fbb0aa7b,240142,MALWARE,0.8410590563996783,UNSIGNED,
F:\safe exe\i.albedo.exe,d228bcba22d4cf3dcfab851b5019dfcf765b5b1639dd24c0a928b5e07a4b0c89,240208,MALWARE,0.6245723130844786,UNSIGNED,
F:\safe exe\v.build.polylines.exe,d2ab576ebdd26c11fdced12f1b93bffff8aead2d150048a1f14b9b9a5e56b931,240286,MALWARE,0.5777313115339798,UNSIGNED,
F:\safe exe\r.quantile.exe,c983ee87727572dc231ac2ce5f0378902bf86c6f910da1852b497eb80e301eb2,240316,MALWARE,0.6233088494888938,UNSIGNED,
F:\safe exe\r.li.patchnum.exe,8828c00727039b5221861b6f01f64a3b21fffef4211f5b1a35def73782f54d39,240562,MALWARE,0.4505947304667011,UNSIGNED,
F:\safe exe\test.gjson.lib.exe,c12debf141e006070dca2735d1f79c4db3859a554529a49c3fde0278e0266e93,241068,MALWARE,0.6971744667515172,UNSIGNED,
F:\safe exe\v.kcv.exe,23854ac894c3dd08151440abb690ec56793fe52f97db6c8ccf77e5b62c35afe2,241337,MALWARE,0.42526567581040986,UNSIGNED,
F:\safe exe\r.out.png.exe,d776dc2a30da8acf977ce1aa9e172ed598d395849e7d6f1bc6c1f7b0f30346a5,241353,MALWARE,0.4387618108348004,UNSIGNED,
F:\safe exe\r.li.edgedensity.exe,3157c21b0e9657db1a5a789fb217a1321659d71e138029b600b7c9f787d70ea9,241441,MALWARE,0.6566096190277766,UNSIGNED,
F:\safe exe\Uninstall_C50DF05E.exe,c50df05e778b8c3717037761470e98f0ae81319f366a70b0e09e928b3eccf78d,241498,MALWARE,0.9961653415793768,UNSIGNED,
F:\safe exe\dwebp.exe,b60a11059b8a00f938207810e9931d20eccc7cd19f401a332f89c643ae2a487e,241560,MALWARE,0.9490792692603109,UNTRUSTED,PROGRESS SOFTWARE CORPORATION
F:\safe exe\r.thin.exe,0fd83a30f8904d78a289589e4aa4b10ee59f76cb309a88e050413136a5287ade,241609,MALWARE,0.5814491572137428,UNSIGNED,
F:\safe exe\uninstall_C2078D56.exe,c2078d569ce7ee4c1d24be4f6b234737af945b1f56c220eb896239ed78f84bb2,241917,MALWARE,0.9982098987483217,UNSIGNED,
F:\safe exe\r.surf.contour.exe,14c5b6a0c92d8a73423e5b22434461cc6e8516539cf2b67b8ce6dbdcf0bf3151,241933,MALWARE,0.42407971288211327,UNSIGNED,
F:\safe exe\r3.in.bin.exe,14995eeb265761b38b2757307e4065b2a4596f1eb370f691306d2f837efbdc9d,241990,MALWARE,0.48269765485476657,UNSIGNED,
F:\safe exe\r.li.pielou.exe,7bf7e57ac16d2a50160e98aba979eebf6b11196a30dd5b750e0c55743e252395,242249,MALWARE,0.6003824662553702,UNSIGNED,
F:\safe exe\r.li.shannon.exe,0fa2da40860e1d5bea9030b50ab8b8d13f8a7cf5dd17327a18c828419e8148b6,242249,MALWARE,0.5866230565144975,UNSIGNED,
F:\safe exe\r.li.dominance.exe,328882df2d385f3bea2c79bacba148a21830b0c7d18559f01ec7389cb26e0f08,242259,MALWARE,0.6250480905493918,UNSIGNED,
F:\safe exe\r.li.patchdensity.exe,4cfde2b543e7cbb4667fd92d6134237a845218997a64e4f11e86df25ac137288,242445,MALWARE,0.42205319157652726,UNSIGNED,
F:\safe exe\g.version.exe,6b7346c9a27c9ac4fa3d277bd64bb0ec265a95fbf0976583edb51c7e1dfdc0bf,242546,MALWARE,0.4445628067237683,UNSIGNED,
F:\safe exe\g.remove.exe,e27b0f5d75bc6157111f3ebc1c7876082a07f3bac651583e2ee5b7dde17693e4,242767,MALWARE,0.45250948337103086,UNSIGNED,
F:\safe exe\i.biomass.exe,d210cf02c12da0690829010a217b0a67288e64d52e50edfeddc50126191d0005,242911,MALWARE,0.5800629047598664,UNSIGNED,
F:\safe exe\cppcheck_27483DCA.exe,27483dca8db72cbf2e77e8aa00222278b89efe14987f0a65d4ad09cc8bc852b0,243200,MALWARE,0.6664072752932679,UNSIGNED,
F:\safe exe\llvm-debuginfo-analyzer.exe,03e66d5688f5de0e0114996f58f46176fd3d6eb917e5223ee8661a175df2cd4c,243214,MALWARE,0.9625747276189154,UNSIGNED,
F:\safe exe\r.compress.exe,54c3e216ba106a01490599c8d11d9c77805de2141949388648d11d2fd715d9cc,243320,MALWARE,0.500001443188465,UNSIGNED,
F:\safe exe\v.net.components.exe,c3f8c9ac7b56de3985e9c3f2d1ab2883f27d70eca564596a1f908c5011633c02,243342,MALWARE,0.598539155885881,UNSIGNED,
F:\safe exe\OpenCover.Console.exe,63872fb290fe2d07d059b3c9246aab7f2189de678ada7dc34900618e568ea799,243712,MALWARE,0.9042937005178635,UNSIGNED,
F:\safe exe\clang-doc_DAA8C48B.exe,daa8c48be40aa5ae63d6fb2aea16b8245c3747f995e8c755af19324bad7c11f2,243726,MALWARE,0.8799580033520885,UNSIGNED,
F:\safe exe\v.net.flow.exe,e0d78221cb937141fcb1a738ac6126b647dc19e985735a550d9e4e7bd0154b2a,243757,MALWARE,0.6047460523150188,UNSIGNED,
F:\safe exe\guile.exe,00b591d2c8d6d80c75bd8a2b1cca1226171308404f050f081af85b391ad050de,243810,MALWARE,0.9617909276584344,UNSIGNED,
F:\safe exe\r.regression.line.exe,76fdacc0accc12bdc92383d00fb7f0c20cc47fc959ead21bb21aa9cd2750436c,243841,MALWARE,0.6550889678447994,UNSIGNED,
F:\safe exe\r3.gradient.exe,52e4f76c75c08d76775fe2cecdecba7f4e9cf1f5bd0510843acdc87b7a4f3d1d,243974,MALWARE,0.7121455273710969,UNSIGNED,
F:\safe exe\cygcheck_88A3B5C3.exe,88a3b5c357fe6eadb82916cdb5f2bf30f778733859d5b4edee233e54b573b1de,244736,MALWARE,0.6419640487386258,UNSIGNED,
F:\safe exe\winpty-agent_91EC932A.exe,91ec932a15f66d819bd04deb81b97c75c9f95871e0c471b7ea29a4e68361dc9b,244736,MALWARE,0.9825265031044248,UNSIGNED,
F:\safe exe\v.out.svg.exe,71c2846e355e52005f47a0980d09d7d90a5e0ddecff5cf64b7ff85b1995e8d81,245125,MALWARE,0.6550260547909693,UNSIGNED,
F:\safe exe\SQBConverterGUI.exe,1f2aa2fca951503150cf0a666a1467693ab9887bb91ee6f7a485cbf073ef423a,245248,MALWARE,0.9555730817188699,UNSIGNED,
F:\safe exe\v.label.exe,6d49f993919ea6045da071db33fdb7e25e8e1dc07deb7b0162c53c363ea3e603,245290,MALWARE,0.40715996871595067,UNSIGNED,
F:\safe exe\i.aster.toar.exe,bd119a36cad8577e55d3de0e862c18e0f4ca632cf0020756bdba0b3b60f27f55,245428,MALWARE,0.5435952713507467,UNSIGNED,
F:\safe exe\v.net.allpairs.exe,495a555cac9d95d21a5aea95dcd098b877b67b0ac4a6dcb956e010951ef39cbe,245483,MALWARE,0.42651949262118805,UNSIGNED,
F:\safe exe\r.patch.exe,9b97b52ef67055b8d68dfbf7a1191db940b41855ecd75d7ff228884fd6666ba6,245566,MALWARE,0.4881888420299417,UNSIGNED,
F:\safe exe\notifu.exe,0250c64249cb099c186bca770dd90d571a9fe12f4fab986f1b3124e833adb974,245760,MALWARE,0.9967795391738904,UNSIGNED,
F:\safe exe\QRecover.exe,ef44eb2c8fd838cdb1eea77374d51b9cde093167825ff5edb3bcba23be88362d,245760,MALWARE,0.9840554917504054,UNSIGNED,
F:\safe exe\v.what.rast3.exe,eb103eb666ecc8ad21b01f5edf05c0bd2861a8488d83113675c2fd7cde431f9e,246035,MALWARE,0.6737104329377742,UNSIGNED,
F:\safe exe\v.in.db.exe,15c36ce0f377568a72c4491d0a39addac7f522b93d0c34a02d46a5674c07fc91,246087,MALWARE,0.507917702827586,UNSIGNED,
F:\safe exe\d.profile.exe,a3c1479578c5db2ee3eca6400ff0d65af4bdb8b4e9172dbbb68ae71fe8d832f0,246343,MALWARE,0.44356938396459467,UNSIGNED,
F:\safe exe\v.to.3d.exe,45fa83ecc87d272ae5a14f12c3a979cede80a21d29cba826eef54da9b8e8a4ed,246510,MALWARE,0.5584306342017401,UNSIGNED,
F:\safe exe\sunshinesvc.exe,b018e31bd9b8237f38bc5a7b1480c6f918e57199f119bbcd7ca2989c346a16af,246784,MALWARE,0.7700418278077089,UNSIGNED,
F:\safe exe\r.uslek.exe,7277adc1ab4fef789b55e9dba7e11d4784821600b331cb7bb4a99814c22e1a02,247125,MALWARE,0.6321117401384496,UNSIGNED,
F:\safe exe\v.external.out.exe,9177a7cb647521d275050de12497372aea9761c2b5e6f48af8a51e139348ebab,247225,MALWARE,0.4120869809687975,UNSIGNED,
F:\safe exe\g.parser.exe,0a2882d22d7f1089979982a896216f2065da676af96b6b764ec52c2f51e3d95c,247613,MALWARE,0.6299538478342791,UNSIGNED,
F:\safe exe\v.net.steiner.exe,5f2311990bcbee0d2067b73db311ad915ac54d9e763d10947b7fb316ccef79c0,247703,MALWARE,0.6591409407427625,UNSIGNED,
F:\safe exe\r.li.shape.exe,854deddd819746e540624d32e486af6a6b7f14c806ecb7da849a3a13ca27a769,247876,MALWARE,0.48721536954241224,UNSIGNED,
F:\safe exe\v.net.centrality.exe,9d00c92c46ba8a2ea6dbad1da55f75e181e027e31ca749fce713ef060250e351,247960,MALWARE,0.5727886195627664,UNSIGNED,
F:\safe exe\r3.out.netcdf.exe,8cb7610747508b23368c07e8fbdb15e2b99ad43ad61d5417be07453b99cd99f5,248868,MALWARE,0.45393613290769663,UNSIGNED,
F:\safe exe\v.delaunay.exe,188caff1542f663615a34e19829be6b53e6c866d9fc8edeb610c1fbd6f03dd22,248906,MALWARE,0.41731392753151086,UNSIGNED,
F:\safe exe\r.support.exe,c7ddaa65f0445ee4bf135ed16a0244dc1968ba3fc865c3f2508cd9c454fb21ab,249238,MALWARE,0.400935817306641,UNSIGNED,
F:\safe exe\r.li.padcv.exe,7ce8215835509941b47f164f8ceb7be529b5e85094975bd1cf6f1a9d238f77e6,249422,MALWARE,0.41004275638797255,UNSIGNED,
F:\safe exe\r.li.padsd.exe,c164e603a6ba243d1dc3e9585ddeabbc468add319a07d3db406c8f48174a1e68,249422,MALWARE,0.4191152672116092,UNSIGNED,
F:\safe exe\r.resamp.stats.exe,2c3d84c83b53c73e3f03e1b53e61dec2aed7445e2cd9f42b2e32fe04f4d6db2f,249552,MALWARE,0.4970849476001807,UNSIGNED,
F:\safe exe\v.net.distance.exe,de990b7c05f9cae3a254c636ad7bb73ed81bdc29d71fbf4e8e82c0c3b84e59b6,249552,MALWARE,0.5789174313963851,UNSIGNED,
F:\safe exe\pythonw_EA74B479.exe,ea74b479be384a9a77100453033c9d59eb047501ec228f8863073bc25414011c,249856,MALWARE,0.41127225267821227,UNSIGNED,
F:\safe exe\windeployqt.exe,6400488d88d4f5c095347062f09d5333d6c08fbe90849745baeebf35b456832c,249856,MALWARE,0.5340003242071218,UNSIGNED,
F:\safe exe\r.object.geometry.exe,ea63bf6587cb69b419a25d711f87ea2159cf414b6ff3a62d540a63f14ff4d8fc,250389,MALWARE,0.5168521907250508,UNSIGNED,
F:\safe exe\v.neighbors.exe,7e6ec632a5046324485e39bc4afeda09281ccd48fef39e261bbd4338360afd4b,251662,MALWARE,0.5170868423421987,UNSIGNED,
F:\safe exe\v.db.connect.exe,9af059e6c3003c099f16e5d4bb48df945b5fe4bcfcb7ca1fe41b40155a42f2d1,252241,MALWARE,0.4717557526168141,UNSIGNED,
F:\safe exe\wget_252416.exe,1ac28b748404d58b9f0c62d1ee65e3b444c9ad3ac0abea299238090b764bc25b,252416,MALWARE,0.9999879692351804,UNSIGNED,
F:\safe exe\certtool.exe,5b09deaf8ba8f5513f0ea13b71bd9f04af069d5ac53198d33cb44f5670ecc1d2,252928,MALWARE,0.566914474541091,UNSIGNED,
F:\safe exe\qmltyperegistrar.exe,5e37ca8ce6cd4bd41039dfbe827dbc4f51e379bc60d2c72e92459b8d2d5ea4fe,252928,MALWARE,0.8864982442917081,UNSIGNED,
F:\safe exe\set_unicharset_properties.exe,1f66b2addefcc929531a0ce101505e2bc884e375fc9189c6698f075220656ca2,253064,MALWARE,0.9459478780200946,UNTRUSTED,Universität Mannheim
F:\safe exe\v.out.lidar.exe,8b88efa59714bf5d43c554e1f1fd0c8d68b3d4b8c99ca51797ff01fda7ee0757,253183,MALWARE,0.5972712944607925,UNSIGNED,
F:\safe exe\v.out.postgis.exe,414a68638c37fc9757de4a2ef9e6c6fcb0f03926f264ddafcb35c9ee8eb471ad,253622,MALWARE,0.5229327930487467,UNSIGNED,
F:\safe exe\r.topidx.exe,c693f5aebe11b9a447f919019de3fe43c366bebbbc8b04c12ccc6a2987bb548d,253790,MALWARE,0.5294456006825655,UNSIGNED,
F:\safe exe\i.eb.soilheatflux.exe,2a8b35956ff5b6e81f757573fcef2cb35b1b23399a53767c1d8a3acdc09e8dc2,253912,MALWARE,0.6686205419337035,UNSIGNED,
F:\safe exe\v.net.visibility.exe,851232a860925058fee7a8f0d5bdec5e8f412ba357a506f2c23a5811137ce9c3,254116,MALWARE,0.7235492649301247,UNSIGNED,
F:\safe exe\uninstall_EE9EB834.exe,ee9eb834910fd8cad2aea4675afd2f78635cb3f7e75ee66088729bff49dc006b,254225,MALWARE,0.981646088504168,UNSIGNED,
F:\safe exe\i.maxlik.exe,98dab66adab598934d57a9cfdb6bd997bb6eb5c29f4cdf8435d3a91550d73581,254381,MALWARE,0.6324857435362974,UNSIGNED,
F:\safe exe\inject_dll_amd64.exe,fb567a3bbc56b26405a3fb234bc8e704a94816f2fe72f09665ee4d657bf0eba1,254464,MALWARE,0.9988528295814147,UNSIGNED,
F:\safe exe\inject_dll_amd64_C48539BA.exe,c48539bae56365d8e9c89bd0382f94ba6ce6fab51899575279b2dcb2dd892fd1,254464,MALWARE,0.979159384264465,UNSIGNED,
F:\safe exe\r.contour.exe,1227d4836da62401af563b2e4c80de66dde80b1038731c66d84ecac18ee3c134,254718,MALWARE,0.6517122311925305,UNSIGNED,
F:\safe exe\v.reclass.exe,fd47f7e2cc70a23c43f3427abe34097d96268e65be5cc865fbfe891f532e872f,254874,MALWARE,0.6154349290799422,UNSIGNED,
F:\safe exe\Paddle.exe,4ced991fabf1f2c70b6e4d4e32f16cb4ada59ab0af138df25c117c3e42ac9e38,254976,MALWARE,0.9944427731151554,UNSIGNED,
F:\safe exe\r.stats.quantile.exe,fc6b77e3d9fd82eb05887105b132432fdd5f944a7ce8e135446f54d8c1fe8fd8,255359,MALWARE,0.49440834191759236,UNSIGNED,
F:\safe exe\r.profile.exe,7c1dd4d8327f341f7708f97dfd5febe51a37dcd189917c6eca37ee96c7668fd8,255398,MALWARE,0.4105027909614029,UNSIGNED,
F:\safe exe\v.to.points.exe,0698987cd77a46a5058ff7a287c7c847feccf60303e2775a4faab4732577535c,255444,MALWARE,0.502736923462109,UNSIGNED,
F:\safe exe\r.series.exe,e8409ca582a180979d74516b79cb71f82229c0f5753d13984903acd20782d7d8,255598,MALWARE,0.4743503837529356,UNSIGNED,
F:\safe exe\llvm-config.exe,0e946a7e3777889dab1858849d72586ad7a80ea62d7e2c93aacf9a02f69ebd6a,256014,MALWARE,0.9281438585534516,UNSIGNED,
F:\safe exe\d.rast.arrow.exe,91eda0726ed87fc3cc0eaaf425e5fb3b961f8c3bdc734ef0666def7287f2b4f3,256435,MALWARE,0.606962007437376,UNSIGNED,
F:\safe exe\i.evapo.mh.exe,e4b7a75046227c8bb65cb1cba63d75fd52264f83251f3c05ad94220989b6a1f1,256449,MALWARE,0.5732452911348149,UNSIGNED,
F:\safe exe\test.raster3d.lib.exe,80a2c9b6e19168da852084842b83b2796fcc1d58d298f04f89cf472f3de937b1,256831,MALWARE,0.5936278262933482,UNSIGNED,
F:\safe exe\demangler_gnu_v2_41.exe,4df9cc1079cf5ad8a9174a84b11bee313efdfd92859ccc95ff2da84ca1368cb1,257536,MALWARE,0.9961679628861688,UNSIGNED,
F:\safe exe\r.regression.multi.exe,c19361b6c0628894a4c8c9e468d74bdd9e48a40146bcfc484d05650bcd662aac,257628,MALWARE,0.4365137323830617,UNSIGNED,
F:\safe exe\venvlauncher_7DC920C2.exe,7dc920c25db19972610bacc2d443760dcf4878f4018376549002ae3fd1841301,258048,MALWARE,0.5121414745026392,UNSIGNED,
F:\safe exe\llvm-dwarfdump.exe,5a181106902b9e64493c37ad76899ac25209aba8666a69ccd2fb0d72c2b1df53,259086,MALWARE,0.6617036142050542,UNSIGNED,
F:\safe exe\llvm-objcopy_338D9122.exe,338d9122a723834dd50e3dab60f8c0d3c58e4a1c72b75cc341455d82b4ad5e32,259086,MALWARE,0.6742629876249965,UNSIGNED,
F:\safe exe\uninstall_BAC6AEE6.exe,bac6aee6b15634ed67f1c86aa647cee0c5415507256c681efec1427ca3b55151,259362,MALWARE,0.9426921547236287,UNSIGNED,
F:\safe exe\v.random.exe,c7a90af475c31c754bb8e6621c2b5c19410e223e499d68334786bcb1e3377c79,259474,MALWARE,0.5085625765138378,UNSIGNED,
F:\safe exe\i.evapo.pt.exe,64106ffda8887320651218133501788c9596c6a55f3cfd7b2aabd6be86d0ad24,259836,MALWARE,0.6395113346666491,UNSIGNED,
F:\safe exe\lprodump_35D271B7.exe,35d271b7b7f77c2775613bbfe777f3bb36c79ee5fc67da76ec0c5ea9853b1f66,260096,MALWARE,0.9045295484875977,UNSIGNED,
F:\safe exe\r.clump.exe,c3a75b8f04146977b5955e6b4fdaa9c069c87be19ff1b76ae991586e5036ada1,260394,MALWARE,0.5675972699086302,UNSIGNED,
F:\safe exe\v.univar.exe,e6b111bf712198b53bbfedec4057978cf58751e507b272f1024613727bcd6d07,260683,MALWARE,0.4329205517672633,UNSIGNED,
F:\safe exe\python_442B23C8.exe,442b23c8342444933b07880085b609c3ea9e406b1ef2aeb306122cc90c39bbc9,261120,MALWARE,0.7083274558272136,UNSIGNED,
F:\safe exe\python_7AD4C60A.exe,7ad4c60a01a20e6333c9c268054df5864396c789348e5c9a19323cb38de7e78d,261120,MALWARE,0.7083274558272136,UNSIGNED,
F:\safe exe\v.outlier.exe,714f9fe741faf1173aa042a254a72b4d6c4120cd37c1535419c6a03bab520051,261897,MALWARE,0.5961099161511506,UNSIGNED,
F:\safe exe\v.lrs.create.exe,09fde182627356d36623b67168d3bbc5e0cf0f8ad57a9fda3699c6366599db28,261985,MALWARE,0.5077082738222403,UNSIGNED,
F:\safe exe\python_64415060.exe,64415060e1fb5c61aab7e38878062947e213b91b8eaf514581eada8e2f888957,262144,MALWARE,0.7238525965373469,UNSIGNED,
F:\safe exe\g.access.exe,219e155ec23bd45639d17109b59e62397cb38a2dd64bb4614c3655e5cefe8330,262232,MALWARE,0.7063577759173263,UNSIGNED,
F:\safe exe\iconv_262544.exe,f96944ba79a05da7b347fdadb0a29bd9298bf362effbcb6695eb57e95f82a401,262544,MALWARE,0.8959603991444528,UNSIGNED,
F:\safe exe\i.gensig.exe,d589fefe655d6755e878b62e23b38fe61a1bc2418c54d30d9aaef8ae6cc66896,262668,MALWARE,0.5152414554940409,UNSIGNED,
F:\safe exe\d.font.exe,1ec2719dd2f57ccb30a0344d7f3b496df93533b8c42f86b7d5785e65ce282060,262890,MALWARE,0.5319333598461871,UNSIGNED,
F:\safe exe\v.mkgrid.exe,681dcd8ddca240df8c9eb74ceb9c01545ad88ba409af08cbedf556acefddd37c,263142,MALWARE,0.5758178733388766,UNSIGNED,
F:\safe exe\ofx2qif.exe,be4b38605eeb3ea4efb61a08c9f3cf0e1f036c6341cb37577d85c53d3831ca94,263278,MALWARE,0.9565844370003289,UNSIGNED,
F:\safe exe\v.cluster.exe,39d8db745d807da252d63182291d98b139d1e16547502fc807d291b64d032914,263291,MALWARE,0.47828453048650166,UNSIGNED,
F:\safe exe\r.li.renyi.exe,fc8a5f45a38b264e6494a91c58c7046659e966b811d30ac55ee4374f66245025,263412,MALWARE,0.6218638375510256,UNSIGNED,
F:\safe exe\mklistdoc.exe,1d059856eb18cf5385ae1e11aef33d539d8995672a6672e298f45d31ac7ed18c,263430,MALWARE,0.8247535055307198,UNSIGNED,
F:\safe exe\uninstall_CE69BC2B.exe,ce69bc2bf3bee3ec21a1cf7117eb7a3ff95e5464a33367f844165920237816fc,263659,MALWARE,0.9952325104483332,UNSIGNED,
F:\safe exe\v.net.alloc.exe,e53b6badedca462a3d130d424b3712901eca8e1eb3433c78ac92598dbf19a2f0,263877,MALWARE,0.46057480322234656,UNSIGNED,
F:\safe exe\r.resamp.filter.exe,852741cdfb4c3535ae6ac34fc33dfbf8b38eb662f87c940983a14cf6bb16861c,264071,MALWARE,0.5785857673011819,UNSIGNED,
F:\safe exe\i.eb.netrad.exe,5a7e1137c5c8b3241f2b63f325dbbeaa00eeb9f42c9a2cb0299faaf3d851aaac,264118,MALWARE,0.7053811613981273,UNSIGNED,
F:\safe exe\v.lidar.growing.exe,68f5e7d78b4dd68ac91fa46d5d7f1397502b5a16a17c74ed9df65be16b4a71b4,264265,MALWARE,0.5619708421373264,UNSIGNED,
F:\safe exe\i.evapo.pm.exe,e874178b0e51d92e53c50dd72b11354f6e26034bb4d83e0c309bedee55130576,264474,MALWARE,0.6725832733101343,UNSIGNED,
F:\safe exe\gst-ptp-helper.exe,895ca07b02fbd011e1ad381375fa22a867b092aff80b32920c8719ca9d34e1f0,264704,MALWARE,0.9956608492191257,UNSIGNED,
F:\safe exe\ogr.exe,52540988cbe45e903571bcf498d90de194ca7e156eec0703e81cda08e48cad78,264839,MALWARE,0.44822523825244653,UNSIGNED,
F:\safe exe\v.colors.exe,44243ae52ea1a5dc16c9afc885afe58b8042eb0edd39ba5710c2f482ce39a75f,265116,MALWARE,0.543748451269884,UNSIGNED,
F:\safe exe\qdbusviewer_FA0A42C8.exe,fa0a42c8deed212a247f1b0e6b83ef6eb0d5c8d1e412d480c86c5f5f4a20472a,265216,MALWARE,0.982325027628038,UNSIGNED,
F:\safe exe\mono-hang-watchdog.exe,284f0e805084299af44564a69d3180682c814ffedf10b6f4dff55e284880de2a,265301,MALWARE,0.8131403928221844,UNSIGNED,
F:\safe exe\clang-linker-wrapper_8B029652.exe,8b02965267627c12fde5167a6d3a26f86b7bb497e822093b6249f223d4a33f5f,265742,MALWARE,0.9070858748075143,UNSIGNED,
F:\safe exe\mingw32-make_4E2AD395.exe,4e2ad3951e7ea75bb0da56cddb4863c1d73081f66a2e288190afeba488975430,266254,MALWARE,0.8613322656866553,UNSIGNED,
F:\safe exe\d.vect.chart.exe,b4408299d0620c0b4ce65e64243eef38f2d040e5cb293879addab623decc41c6,266501,MALWARE,0.5836647991301855,UNSIGNED,
F:\safe exe\r.smooth.edgepreserve.exe,581866e56d758c7ddf216e2f93deed737ede72623f247d60fe68e3972b421deb,267393,MALWARE,0.6389159967385559,UNSIGNED,
F:\safe exe\r.in.png.exe,93c4e231c0cb27fc47e856de6d2e8487c067b99076ff4dfa847cdda39b0fc81c,268415,MALWARE,0.7520496423050947,UNSIGNED,
F:\safe exe\r.texture.exe,7e5d185ad76809d645d518ee8347e2a7dc5452126d6a74366de936bfa6384d74,268790,MALWARE,0.6006487833828624,UNSIGNED,
F:\safe exe\jpgicc.exe,8535425a96a491398c21a3d7ed2e29574d2cb9139811ef2e3ddb2321d148f478,269312,MALWARE,0.8144175596533286,UNSIGNED,
F:\safe exe\aqebics-tool.exe,9d95c46dcd6e8fd589baf97dbc01db52e33b0586c11cdef366219239fc4cc24a,270497,MALWARE,0.5124190442285487,UNSIGNED,
F:\safe exe\v.clean.exe,3d08f1ad978e008227ce55dac703d43b416087d0a47313c261b285cd7a409dc3,270648,MALWARE,0.43567306472441475,UNSIGNED,
F:\safe exe\updater_A4FC3B51.exe,a4fc3b51b20bdb0553ffa429755e7231352755f28378cd29c8d04d8f871c1440,270848,MALWARE,0.958227684539757,UNSIGNED,
F:\safe exe\fastlist-0.3.0-x64_D1A71F9A.exe,d1a71f9ac1728082c1b276392725c3e010b98714888579b99152e401abedbf11,271872,MALWARE,0.9897808497798314,UNSIGNED,
F:\safe exe\r.fill.dir.exe,5f954c1a0514aea4017d1677bb27fe57fa4df9625844f3b01b0ed7ddcc6207f4,272056,MALWARE,0.5354921157788795,UNSIGNED,
F:\safe exe\xmlmerge.exe,ccbaa64e265ffea5594852c1d3906e617b394d1c38067a0c1b4f20aea3317b66,272068,MALWARE,0.8793955256249536,UNSIGNED,
F:\safe exe\aqpaypal-tool.exe,d063e1a924f44ddf25f0f6c63bb3f8791a0cb3f059eb52030931cad756f8f157,272461,MALWARE,0.42328793178537516,UNSIGNED,
F:\safe exe\aqofxconnect-tool.exe,260d82e7fc5b036f6273eede1f63006aa762a23ce0d79758b8c1df3068b5b625,272481,MALWARE,0.40425023374313457,UNSIGNED,
F:\safe exe\d.grid.exe,fbbb70d46b54282b99f4cc8b7d86a3a1cdc8840df03a8656460bf0e4595a89a7,273845,MALWARE,0.5871605017574578,UNSIGNED,
F:\safe exe\i.landsat.acca.exe,206a8d0e76ed14f4ef3e742dbcb876442dc6fb8f13941eb74b97f2889c62ca57,274051,MALWARE,0.6809839496528406,UNSIGNED,
F:\safe exe\mingw32-make.exe,dd8c0d2991eedf6ddb359636a7a2eb6dfeee8126585f13154098bb5a981e8c9c,274944,MALWARE,0.7840293145706952,UNSIGNED,
F:\safe exe\uninst_1B4CD4D4.exe,1b4cd4d4b2da9084e6c24a0f643e0a60903bc949101245f183ea56fc0ea01edb,275646,MALWARE,0.9993402885972352,UNSIGNED,
F:\safe exe\chipcard-tool.exe,830316f30eaa5d5d97474efd1c1b22f74479d5bb0d8a2fe9ba88e84b67ef0e78,275961,MALWARE,0.9019407129228236,UNSIGNED,
F:\safe exe\starter_C3487CEB.exe,c3487cebd6f6efee05da1e059bac19c83fb87edfa830dcfe64d75f21fe37acca,275968,MALWARE,0.9996312705941729,UNSIGNED,
F:\safe exe\g.proj.exe,b857415adc2414949e60b80b1d3a837fddd79d607189769273af5f803134e5b1,276133,MALWARE,0.466441374490534,UNSIGNED,
F:\safe exe\plugin-container_C2524C9A.exe,c2524c9a22b2dbef5f49493cd0086bc4f590e352df41b1e6f41006b755600164,276480,MALWARE,0.9887462069699944,UNSIGNED,
F:\safe exe\autodetect_37F124F2.exe,37f124f26f9f07c02dc3669789439a6400b10c6756bc353f25d209974c9aa083,278016,MALWARE,0.9212182406534819,UNSIGNED,
F:\safe exe\autodetect_CA86AD51.exe,ca86ad51b17ea586c794eb07e2addb6439aa511ca5304993a32e0d6bac831928,278016,MALWARE,0.9212182406534819,UNSIGNED,
F:\safe exe\categorize_31B0C0F9.exe,31b0c0f99a5955ed01b42c8accd5f9747921bf55e6d470d903c57b1977623da6,278016,MALWARE,0.9212182406534819,UNSIGNED,
F:\safe exe\categorize_FC7A325F.exe,fc7a325f8db3311288c82ba40bd5556a0f63604418c3ae596cbbb563e1cd29f9,278016,MALWARE,0.9212182406534819,UNSIGNED,
F:\safe exe\controller_D41E52C7.exe,d41e52c7247d5ff2af0df1acb9a883a7d0325aa777dde03942dbe5dc65bca66c,278016,MALWARE,0.9212182406534819,UNSIGNED,
F:\safe exe\controller_EB04616C.exe,eb04616cdb2994564bd224a33a5c419dc4e396f257e6cb57603274de250b5d52,278016,MALWARE,0.9212182406534819,UNSIGNED,
F:\safe exe\data_frame_analyzer_40BBDB82.exe,40bbdb82ae4693f88c85e692aef8bfc27a89a3db2696ecab813d0e61cc8e8082,278016,MALWARE,0.905293083544917,UNSIGNED,
F:\safe exe\data_frame_analyzer_66A737DB.exe,66a737dbb8cbe2b96ca06626be551cbccb23ce5cfe641644390e04b34044fd38,278016,MALWARE,0.905293083544917,UNSIGNED,
F:\safe exe\normalize_6E202567.exe,6e2025673f5f56cd3303c5ab77fa3f56aab1e31894b5b26e23bf4ef07dfb34d4,278016,MALWARE,0.8982291942742876,UNSIGNED,
F:\safe exe\normalize_DB854879.exe,db854879874ae768e1fdc6deee7794e6939070469d8f548f6caa3f784426e1b1,278016,MALWARE,0.8982291942742876,UNSIGNED,
F:\safe exe\pytorch_inference_632AC107.exe,632ac1070c0c56cdb186c710a14bd5a657404aed6556a68781a2784bf6466baa,278016,MALWARE,0.905293083544917,UNSIGNED,
F:\safe exe\pytorch_inference_E1FF4844.exe,e1ff4844662298d18785bfed5c81a78ee32545553105560d275624e8e26389de,278016,MALWARE,0.905293083544917,UNSIGNED,
F:\safe exe\gengtype.exe,8ad7fd09d592db3289a59e6cbe3da2a46acc1aa4714b815dd131eb65dadeac9d,278030,MALWARE,0.9899479166506475,UNSIGNED,
F:\safe exe\test.r3flow.exe,6e6a6bebe1cc1db436f1c564bca62cb4a68ca4041c820c6cb519227a2a9e30fc,278100,MALWARE,0.4932308371502035,UNSIGNED,
F:\safe exe\uninstall_659FCF54.exe,659fcf5435c37c108d756d7070b1aa89366185bdac022d1ecd1248269e985d77,278148,MALWARE,0.963074333309362,UNSIGNED,
F:\safe exe\i.eb.hsebal01.exe,f9c9042b59dda7a5628b026cd7bd0aa057a00b3338b3d8201dd2c5641c188497,278341,MALWARE,0.6188830260629847,UNSIGNED,
F:\safe exe\demangler_gnu_v2_24.exe,1794014034e9b6d2a219054df8a5a21dbd035bd35dbb3be9a2c8c41adbf2c718,278528,MALWARE,0.994389194851738,UNSIGNED,
F:\safe exe\player_56675AC6.exe,56675ac6b3b55747c69e465e851573fe76c0ab9ee291e9ab76a53c988bbbd8b4,278528,MALWARE,0.9516556298805288,UNSIGNED,
F:\safe exe\k6.exe,4634dc1b97d9210e63e9c6bb46fdb288ec3548b234460111f7fe4d6cff2a1a6e,279040,MALWARE,0.49803649121726223,UNSIGNED,
F:\safe exe\v.lidar.edgedetection.exe,3f690299a3ffb5cba70a38b2d8ee2de011da8959f4dfa1cd38816def55009970,279297,MALWARE,0.6743210637426721,UNSIGNED,
F:\safe exe\StartMenu.exe,3f17275efe6508a725ce99987d680d55ade2185909cbc62503917eea483ce975,279552,MALWARE,0.9820728223006152,UNSIGNED,
F:\safe exe\v.patch.exe,244d33e3eadfb0225f4eff9050ba376fb88a76a3b02cbe19154b3b4acbf2bd31,281089,MALWARE,0.7063868305962766,UNSIGNED,
F:\safe exe\i.rectify.exe,72229b1dce55fd705bc29dd55b43bb959c7ae25559a442851e150a40677c3168,281496,MALWARE,0.5457783807706855,UNSIGNED,
F:\safe exe\usbtan-test.exe,e3b6923ee19fb3e1dbd848ec894be931fad27d2be66793ece444e816189ae3b6,281645,MALWARE,0.8555238859534424,UNSIGNED,
F:\safe exe\r.proj.exe,19d26aa227f59399291f7b070c420caf57d5432e186f0dd6c8fba125da343e13,282009,MALWARE,0.6318834950640628,UNSIGNED,
F:\safe exe\monow.exe,d93655e580b29d3fe11e343e6eb044e856fef50042b48bab2937b9d56dcecb83,282074,MALWARE,0.9962410640925023,UNSIGNED,
F:\safe exe\qmlimportscanner_B4DF95BE.exe,b4df95bef930b09d85b5c71a05b84c2491f2029a07ce95548b09197f690f4a7a,282112,MALWARE,0.8988536143676056,UNSIGNED,
F:\safe exe\uninst_3AFB72B6.exe,3afb72b60abb76abf008c63b5105cb457d3f40606f6f455152d2541b34cb43ad,282587,MALWARE,0.9972506137228404,UNSIGNED,
F:\safe exe\epstool.exe,be985319f3df6f43147bb89d256326b29a12b4bfc1b5625f762d9e42a5c3bc0e,282624,MALWARE,0.9849839134395524,UNSIGNED,
F:\safe exe\StartMenuIcon.exe,ee55dc882f95dd0914a50b64021ea51acf818d4870396c201fed74a98996a9e3,282624,MALWARE,0.882200604022647,UNSIGNED,
F:\safe exe\qmlimportscanner_37318192.exe,3731819276decf27a45f121bac35af0b6a10fdab3d40c5cc81bc27208a20d5dc,283136,MALWARE,0.9408057961273611,UNSIGNED,
F:\safe exe\i.topo.corr.exe,0ccae72b54c7a02c5a91845b9c14ad3001f72c6901199ab007f3278107c45d03,284997,MALWARE,0.5995466033024172,UNSIGNED,
F:\safe exe\Vonage Business_285696.exe,d9df468b147b0e30d1b036d920d43c248d41f314ae5c88e607244a987bab4807,285696,MALWARE,0.9777918023020661,UNSIGNED,
F:\safe exe\cygpath_E4945FEB.exe,e4945feb3329663c89a3d5c64dc72df6f5130859b92d103be37e0e12f609c6a5,285714,MALWARE,0.6037650852919932,UNSIGNED,
F:\safe exe\v.to.rast.exe,f29c6ded7fafdd69d765182a182aad541c3c06a19762969d2cf4178b4e98325c,286141,MALWARE,0.41329193006461834,UNSIGNED,
F:\safe exe\qscxmlc.exe,1ceec255c4bd4ecf93773dc5069cb2b52661bedec04388463cddbfd5a5e57451,286208,MALWARE,0.7346340104284881,UNSIGNED,
F:\safe exe\Uninstall_1746C26F.exe,1746c26fc03cd174b4637e4bdefaed63d7c87be86d23addd7fc46e5f9a51062a,286782,MALWARE,0.9632569573529458,UNSIGNED,
F:\safe exe\Logseq_2F59697C.exe,2f59697cd387b48e7f484dc0c9a5a86e72e34808ac386b28da204a6b4d7f4d2d,287232,MALWARE,0.996712598987521,UNSIGNED,
F:\safe exe\iinfo.exe,d01e99e34ab7f47a59f03db3410102042c6d299ed0e1011c8f0519d842bf0dcf,287744,MALWARE,0.5702855347798813,UNSIGNED,
F:\safe exe\tificc.exe,3273c1dacc5c59a9e30c873ab285d20d97e948dea52ab9e137b61b5b828aa267,288768,MALWARE,0.5936149920435513,UNSIGNED,
F:\safe exe\i.vi.exe,16a9c26058fc642d0c6d7ae4e1266e51fdbaf573644394b80680b8adb42b5a33,289538,MALWARE,0.5442078122418074,UNSIGNED,
F:\safe exe\d.vect.thematic.exe,45a5f7a662ee36cea2afae52b1026fb085b616c1815722437fb137810600fdd3,289918,MALWARE,0.4522076827799828,UNSIGNED,
F:\safe exe\r.ros.exe,8826e25f7826ff4402cdb7c4e1ed0ad88037c0b1aa0e60bc0c6695d1a8e837de,290534,MALWARE,0.6809584497454158,UNSIGNED,
F:\safe exe\NSwagStudio.exe,264102fd48789978fbc87348b3794b26614ec3dab70a5d3a999b10745c98a009,290816,MALWARE,0.9557077186674178,UNSIGNED,
F:\safe exe\qdbusviewer.exe,352ca6d26efc0c04535d8b9d2343d61f1213fe6e741ad25e3a9a43670bc7e40b,290816,MALWARE,0.9037594243921038,UNSIGNED,
F:\safe exe\r.sunhours.exe,2830ec888a4ae9131dd35d3e8f69bc7879586085bb012c589de26cca6607a95b,291172,MALWARE,0.4751916854112326,UNSIGNED,
F:\safe exe\update-mime-database_50924743.exe,50924743f3ad78aaf91abe818e40f6a367576b068821b4f521d873db80ccfa8d,291840,MALWARE,0.8367970381881851,UNSIGNED,
F:\safe exe\7z_292864.exe,a20d93e7dc3711e8b8a8f63bd148ddc70de8c952de882c5495ac121bfedb749f,292864,MALWARE,0.8234641919519878,UNSIGNED,
F:\safe exe\r.flow.exe,e27ccf691df1afbc1844967628bf6c811277a026d9a431a1de2d612d43479590,293443,MALWARE,0.5465873373764945,UNSIGNED,
F:\safe exe\upx_4D3D363B.exe,4d3d363b5b3dcd9fa516b481c92d62c02aed804318bdc4d5e97a68bb6e6d62db,293888,MALWARE,0.999963824147814,UNSIGNED,
F:\safe exe\skyculture-converter.exe,39fee170cf1e41c3ea701ec2efe972616ccac2eaecad9e34f6b056645d291b9f,294400,MALWARE,0.9837700856001383,UNSIGNED,
F:\safe exe\xmlsec_unit_tests.exe,a2b363cb089b466ea0f69b2d3595cef470c9f7968028bf49f5dbe9c4285ff069,294966,MALWARE,0.5537315610029839,UNSIGNED,
F:\safe exe\cli-64_1E42F014.exe,1e42f014782b767f92a7f532b915c1a88b99c1e36e4d001fa78ac1af7b215728,294987,MALWARE,0.683547174713904,UNSIGNED,
F:\safe exe\gui-64_91DAA661.exe,91daa661890518c11a168fc2453a18f949c6b8aba53896484bb4e13911cf8e31,294987,MALWARE,0.9926030500388415,UNSIGNED,
F:\safe exe\notifu64.exe,782844f162bdd974197f2fcba5f0ddc19b68b03452724deade3b9e8581a707a2,296448,MALWARE,0.9946760196609556,UNSIGNED,
F:\safe exe\r.geomorphon.exe,e6957d5b3844e79586766bd6862e31463a2e9d65651d6e575d5f8b8697885005,297280,MALWARE,0.485466491091338,UNSIGNED,
F:\safe exe\memcard.exe,952cbc792fb535c9fa0f880d74d94f3c412e10a54c72969bbdb597a9931ae652,297421,MALWARE,0.836525765555602,UNSIGNED,
F:\safe exe\GWVSTBridge32.exe,12ec5ef6d6c224444e5defa90112c44a291df14e517d9eca510cdba21222c89e,297472,MALWARE,0.9883352887761825,UNSIGNED,
F:\safe exe\r3.flow.exe,09709631c8e5090cb198c040dad1d6ef517f33d4c09c711adf17cd530a86d7fe,298297,MALWARE,0.5538507593788639,UNSIGNED,
F:\safe exe\geldkarte.exe,2922bd8af4b50b816052b619d8f3e5f88caf4e6fc981051a6d3893a2bdf6953b,298886,MALWARE,0.9043403396863496,UNSIGNED,
F:\safe exe\8GadgetPack.exe,bc9c8ff4f57bca1fc212008253dabd600076dcb02f07e09d91879c168926b53e,299008,MALWARE,0.9631449541745832,UNSIGNED,
F:\safe exe\lrelease.exe,e974eb8e6bd5278254a61a1f977ab9eeeeace42a4c120eb3954677fc9604ecdd,299520,MALWARE,0.6361316356085581,UNSIGNED,
F:\safe exe\v.kernel.exe,65dc052954052f63c2167b937aeaf31f479d7547ee16c24ef5855b0ab00c0bfb,299650,MALWARE,0.5775395745528942,UNSIGNED,
F:\safe exe\GitHub.Authentication.exe,e3dbfdd339865f5abb80c48930120bd759fa113fc46689641678af41220ba95c,300544,MALWARE,0.9726326340087057,UNSIGNED,
F:\safe exe\gpsbabel_1829604F.exe,1829604fbe68c4a512d5bd10590e6f506fbbcc771aa604981ca3c83dcc21a9f5,301056,MALWARE,0.9468849958669909,UNSIGNED,
F:\safe exe\SetACL_x86.exe,3b357b6de60e177e6de2d44ebc3a578a418e994f1597c4730aab9442d37240f1,301056,MALWARE,0.9927484801429528,UNSIGNED,
F:\safe exe\chicken-do.exe,041b2848be76962a4a996cf5edebd6b397d3e35fe238a9be83f79a564e4493ca,302865,MALWARE,0.7539305026162207,UNSIGNED,
F:\safe exe\IV_Player.exe,9c69096540ba382c87688107575e99642d54d0e2509b5ca785ee42313c104733,303104,MALWARE,0.9984000748897977,UNSIGNED,
F:\safe exe\lstmeval.exe,695a146f40a13c3b35869ac99fdc275e9d99abb1d92099ba901baa92b8668aa7,304776,MALWARE,0.9118368341143425,UNTRUSTED,Universität Mannheim
F:\safe exe\upx_0C3DC789.exe,0c3dc789d0a46493bd097526b920d913d930d96b1052cb331eec3ac560c89996,305152,MALWARE,0.9997091452796634,UNSIGNED,
F:\safe exe\gpg4win-uninstall.exe,3b1aaa0691a6ff6e7118dd43e34602b2dc3064560f942ff57a5de2a1ca531e6f,305338,MALWARE,0.9942752530316749,UNSIGNED,
F:\safe exe\sbase_6840A2B1.exe,6840a2b1fb236dd15e0f93fc54ad33de375b2fca0a861831ac947276d354fd9e,307200,MALWARE,0.9988859092727903,UNSIGNED,
F:\safe exe\scalc_390B6122.exe,390b6122ef218c49dac034950a85ca0e10198731ae394948212e70e8733a4116,307200,MALWARE,0.9967808948875597,UNSIGNED,
F:\safe exe\sdraw_AE1091E4.exe,ae1091e4806c64c943607e54fbda73b872fb9a228d80d0a470f77b24062ff86f,307200,MALWARE,0.9991628240283053,UNSIGNED,
F:\safe exe\simpress_7088C576.exe,7088c576e4e2e746a6276070e207360e0bdfb739ee894d96692826513b0a23b9,307200,MALWARE,0.9980122821313983,UNSIGNED,
F:\safe exe\smath_087019BF.exe,087019bfdc1f4fa28a52afe002478f68843f237399eb59f0028ce706e58b90c6,307200,MALWARE,0.9994593266616388,UNSIGNED,
F:\safe exe\sweb_4C45802B.exe,4c45802bec894f7a0a5dc2bb91cbd5232dd114dea9e3660212970a8f424810b5,307200,MALWARE,0.9998967784563781,UNSIGNED,
F:\safe exe\swriter_24222DDE.exe,24222ddef99c5ef8ebbf5a69310048c5617b6b64ba7dfa0dad953e562f10dec7,307200,MALWARE,0.9998967784563781,UNSIGNED,
F:\safe exe\x2SettingsEditor.exe,53074b782eda23bb3cc3e67c7578d3c52425e034ae7461b21be57cfd0f68b1a9,307200,MALWARE,0.9995403372259043,UNSIGNED,
F:\safe exe\stremio.exe,cc7b6317d48368cb5791a1e95de5306b6152777b09758d14666d82f4b315dabd,308072,MALWARE,0.9986136280622244,UNTRUSTED,Smart Code OOD
F:\safe exe\v.surf.bspline.exe,7eb43da5532b0c4e607c91b21f6887ed5efa1fe4a45abab3ffe3f02973fcdcff,308490,MALWARE,0.43050749811154715,UNSIGNED,
F:\safe exe\mypaint-python.exe,206d7616e3e752048c4ed62109ed04734dfc3c57622f41192f69f86fe313da4a,308584,MALWARE,0.9874806700098014,UNSIGNED,
F:\safe exe\getprocaddr32_AAE60D79.exe,aae60d7910a097f8a2991f702f9c3ab4bc5e45ce2c8e5bf7aa104295ef076f6e,308934,MALWARE,0.9938586997067735,UNSIGNED,
F:\safe exe\i.ortho.rectify.exe,6deca0cb797a63d160451739e3bb26792bdc8d741d51bb68c4806fe216a1486b,309416,MALWARE,0.5233786028167504,UNSIGNED,
F:\safe exe\xkbcomp.exe,e5bc2f3cd11fa4b471e4fa2459b1a0b9e1ac48a94617a0d3d466f6f5004a77df,310272,MALWARE,0.9549220340165692,UNSIGNED,
F:\safe exe\gsa.exe,cb614dc4f0fb6bd92ca3b15d704c9a62105a77ab8619178c2ae661332e5ecbe5,311732,MALWARE,0.4469425647601928,UNSIGNED,
F:\safe exe\clementine-tagreader.exe,979f7eb30809fa9a68f7ee3f25444d0df2cf106b38e7fcc21f8cf5362c1480ec,312320,MALWARE,0.996297634388084,UNSIGNED,
F:\safe exe\gvmap.exe,aca3dec79b222887b8444613b62a3f20a75a2f9b20e25f624413366b1620305a,312320,MALWARE,0.9995665872635476,UNSIGNED,
F:\safe exe\syncqt.exe,8b877b12290e521af9d716f21c694b8cee3bf8b3d6903926aa7e7511d3ba4755,313856,MALWARE,0.5129413791089745,UNSIGNED,
F:\safe exe\ctags-win32.exe,af38be4608938a94a022c7a0f8131a6e86a35ce41d14f4cfe4da31b49c10780b,315392,MALWARE,0.9915809493173775,UNSIGNED,
F:\safe exe\lstmtraining.exe,43bec88386fba8b9e07374399d52d1518a165a48b73cda33d5ff87426ac557b2,316040,MALWARE,0.9282850581861244,UNTRUSTED,Universität Mannheim
F:\safe exe\v.out.ogr.exe,e5578adae20916ba5b452158e247841e1331c50a6407078c85b192628ba651f0,316315,MALWARE,0.4611039269078475,UNSIGNED,
F:\safe exe\GWVSTBridge64.exe,e993d6e1ce0fba0bafc6a6411300822717b39049ffd597ff2fdbe4412dd1dce7,316928,MALWARE,0.9165365128552422,UNSIGNED,
F:\safe exe\llvm-reduce.exe,524a35a0839c89049ac15e132a83136a712db40e08595a72c86d78930d523972,318478,MALWARE,0.8553211069032383,UNSIGNED,
F:\safe exe\d.vect.exe,438afb23343a8d6662c0c1dd1132db434db302e28dfa4fc971e2b01afd283276,319055,MALWARE,0.4254137302352273,UNSIGNED,
F:\safe exe\ilasm_8B34016B.exe,8b34016b9c85103b631c70d749d22b53b08f838452743f07e8be563bf8a11f00,319488,MALWARE,0.46969608867253826,UNSIGNED,
F:\safe exe\retroarch.exe,b2538a67f5d620b19ba8cd4653a311b3726a9fa4ede1ccbbf814ddd830016b48,319488,MALWARE,0.48410461316021286,UNSIGNED,
F:\safe exe\XMind.exe,9f577343afc006a4e276b3fff1ed99744d4020c62f504b4f0bffabee710a6c7b,319488,MALWARE,0.9995546577137963,UNSIGNED,
F:\safe exe\llvm-jitlink.exe,179fd0fb1cf16e5b0208ab9e1ed588e212625c909f5245a6d96571971b927888,320014,MALWARE,0.9701592311153396,UNSIGNED,
F:\safe exe\gtk3-widget-factory_75C39FA9.exe,75c39fa9c72e5374a2c9a76bc7a082aaf8fc5a87eee1deae4d121f627a9cc68a,320382,MALWARE,0.9883265010778648,UNSIGNED,
F:\safe exe\8GadgetPack_F4174FCB.exe,f4174fcbf95b99ddda1deb3e5abc63427c9e0f5140ce04f8bba5ab4136ee0dc7,320512,MALWARE,0.9464510688909221,UNSIGNED,
F:\safe exe\xmllint_321569.exe,deaf5d5d71bbbf824061c2c4cb6247c5673fab5615fe6f6f1fabfe01ad32b67e,321569,MALWARE,0.7434668378939853,UNSIGNED,
F:\safe exe\lconvert_2EBDA7D1.exe,2ebda7d153da5c76a0198156257359d13af4c70a83d0f1f00608483cf8cf6d9e,324623,MALWARE,0.6534084373600825,UNSIGNED,
F:\safe exe\gct-tool.exe,36f7506c70e20e84ccbbe226d47e1c2fce836b7726d4f8bf16381a8fcec5c656,324795,MALWARE,0.8464195363855948,UNSIGNED,
F:\safe exe\csi_325080.exe,c9722d60cab49072ce45b38b19b085f1865fb49f5d4067ffb1c6d533c0ae32ac,325080,MALWARE,0.5247100871875838,UNSIGNED,
F:\safe exe\openshot-qt.exe,bda08baf6288f61b9793bdeb4835d3d9c4e5744bb435e103d1e18c906b538981,325120,MALWARE,0.9979993085317658,UNSIGNED,
F:\safe exe\i.landsat.toar.exe,350e76511f82c82b653b35423cdc4110b5690e0bc71dffe0d93ccc9e379d1d7d,326263,MALWARE,0.7245961448741919,UNSIGNED,
F:\safe exe\ffmpeg_15A908A1.exe,15a908a1cbacbcdf0463b6094b909c0d776117d91ad9b4aa2724506543bb59b5,326504,MALWARE,0.8052452389290833,UNTRUSTED,Smart Code OOD
F:\safe exe\ld64.lld_0999F1CE.exe,0999f1ce175b9a34aa39029fc95df06aa2d1f80f93842668d31e66a9e8014fe7,327168,MALWARE,0.9980914118037466,UNSIGNED,
F:\safe exe\ld64.lld_716F3F3A.exe,716f3f3a5c55d76b1c02b41558d498621afc7078f17ba93fcaf286d5f9465e9d,327168,MALWARE,0.995164143870073,UNSIGNED,
F:\safe exe\uninstall_E856C807.exe,e856c807132f0f360067bf3acedf893836b84a678c5b82a7b7f9b24fd5c8e7bd,327636,MALWARE,0.9475383227010873,UNSIGNED,
F:\safe exe\qmlformat_97CEB8A4.exe,97ceb8a40d88f90af38c44f090b6f9be69d2c94aa749e68842bc627db5d93772,328704,MALWARE,0.7532208989911647,UNSIGNED,
F:\safe exe\v.generalize.exe,94a4eff734dd52040d38324a497325bbdeaaea00b687b5b08924ebeb91b46fd4,329957,MALWARE,0.40940662892874,UNSIGNED,
F:\safe exe\openshot-qt-cli.exe,3637d631e5b01f263c87e7bbc0c9d3dd5b75274f7489bd2f56da8940ce292ca7,330752,MALWARE,0.9800531197655032,UNSIGNED,
F:\safe exe\kvkcard.exe,39bb06ade5b103999d5ac0ed7efb5fbcd700c5d4667b9146c1413b054f173a41,330943,MALWARE,0.8370605267113878,UNSIGNED,
F:\safe exe\gtk3-demo_5A91F36D.exe,5a91f36d61019d032c1af3fb8b7e94e883895f689780428b8e32c6ab6e359044,331112,MALWARE,0.9841855755572652,UNSIGNED,
F:\safe exe\pg_dump_331264.exe,82607fb67ef3729fb57f12a84118eb64c179b566847d40a0d3986343935a9384,331264,MALWARE,0.5266524401529559,UNSIGNED,
F:\safe exe\make.exe,cc6dc291113dcbcc7735835acbfc23c52ed037e4e124ff2d7a0aeae6df563a9f,331425,MALWARE,0.6137967419994714,UNSIGNED,
F:\safe exe\gtk3-demo-event-axes.exe,1896e5adcfbf9bd3adb8a30129a463344a7661512bab01eedb2d9f609c08a986,332671,MALWARE,0.9860457204364126,UNSIGNED,
F:\safe exe\7zG_333824.exe,d111229814c81db2d99a678f89106ece34772724d9783085b3d955619d5f5ad4,333824,MALWARE,0.9642054336407729,UNSIGNED,
F:\safe exe\tsql.exe,bbf829bee33b0eee899efb6ef705deeb6500c3b4ae546b1b0765dded20430352,333824,MALWARE,0.9074290929841415,UNSIGNED,
F:\safe exe\gennorm2.exe,85ab987dbaf838102a89896f48afc8d256dfaf3db54cb1fae45767dcb3e73322,334336,MALWARE,0.9971649991878802,UNSIGNED,
F:\safe exe\mypaint-debug.exe,d92e9050f7c87d17677c7c88f598159e80fdb4201ee2a89cb2fc2a130f9d37c0,335208,MALWARE,0.9854718746746073,UNSIGNED,
F:\safe exe\mypaint.exe,168e754b73ab27b409bcbc2d3a89e4d8cdca43505986094c832b27fce80c8b56,335208,MALWARE,0.9844476020160897,UNSIGNED,
F:\safe exe\Uninstall_40F41E33.exe,40f41e33aa2f2c01921f97f11d7d01f49c08a69a608eb67c69125ebb64cb224c,335688,MALWARE,0.9990514364372589,UNSIGNED,
F:\safe exe\Uninstall_5237F4FB.exe,5237f4fb5903f52d89b7eb43edc3374d872489893e3bf9bf92ed1d8c2322ad71,335688,MALWARE,0.9990514364372589,UNSIGNED,
F:\safe exe\caffeine32_327FE70E.exe,327fe70ed4f6502ebf8f3d4c5f890960eb7a357529c14f078999829b6f78fb9d,337408,MALWARE,0.9992788688235592,UNSIGNED,
F:\safe exe\opt_B5D43EDB.exe,b5d43edbe9c45480731e6699f5a62ab3ed6f751f05cd50a135fad58601b21395,337408,POTENTIAL_ZERODAY,0.19858587151070203,UNSIGNED,
F:\safe exe\qmlformat_F1EA396B.exe,f1ea396b139e4ea30790116f36a8d0491e2342edf7cdfab456cfd3f5532c1e44,337408,MALWARE,0.9520566255572471,UNSIGNED,
F:\safe exe\restore_pg_17.0.exe,3d8c3c6aaa54754a8fe322d58dcd553e5abea38c7612e6b5fb145eff7da11e32,337408,MALWARE,0.7135724594683055,UNSIGNED,
F:\safe exe\getprocaddr64_4738F266.exe,4738f26677c327b3caa76e497b01da6ed46d6d46ef495df17d920161b41f764e,337943,MALWARE,0.996568547340917,UNSIGNED,
F:\safe exe\Uninstall-Miniforge3.exe,eaa9a6f9d4e39bbd6d965e360dd1ecee1e38d02f1e59bf9daca9619f1b5221ee,338272,MALWARE,0.9964786623290465,UNSIGNED,
F:\safe exe\uvw_B88AC1D4.exe,b88ac1d49a5636a82ad7f71c35c947375e21b3029fbc930a145e6bbde6df6f6a,338944,MALWARE,0.998664453530861,UNSIGNED,
F:\safe exe\csc_339412.exe,ad6df8a0789d4ab10e908ba89b41b4e9f4b2c71dc7d0772d4ad2846c1b31741c,339412,MALWARE,0.5307039478616443,UNSIGNED,
F:\safe exe\AddBrowsers.exe,9a5d1af10c9acdf46c6a5a7bc1ce437b1ee0d23a329955e8e0f60247e8368b0d,339456,MALWARE,0.9930961910222663,UNSIGNED,
F:\safe exe\uvw.exe,c3931fc29c48b780ab4d7840635447dd29ff7a7ec6a039561d9695a84aa4a959,339456,MALWARE,0.9813144771194076,UNSIGNED,
F:\safe exe\uvx.exe,d3b36bf45f11da6a62e5395e70d53f7f6ffc4abe84d72780344f9ebee510e93e,339456,MALWARE,0.8495628536364234,UNSIGNED,
F:\safe exe\Autoruns64a_81ADC636.exe,81adc6363857ce014b075202328edb836d2b2640a33bfa30878a3a03e31162cf,344064,MALWARE,0.9042409002160711,UNSIGNED,
F:\safe exe\Autoruns64a_87402E4E.exe,87402e4e451b42404520fce69f02fd7fe5132184ae90271e18d65e9f13388c34,344064,MALWARE,0.9042409002160711,UNSIGNED,
F:\safe exe\Autoruns64_91C63AF4.exe,91c63af42fe2d440d4e29c07101498d0ae4522129c49127a2c485df053bfd3dc,344064,MALWARE,0.9042409002160711,UNSIGNED,
F:\safe exe\Autoruns64_9A1B5A2E.exe,9a1b5a2ea4102f6b9d090dd9d9c1eae39b16a1442d5c09b03a5558af20c542cc,344064,MALWARE,0.9042409002160711,UNSIGNED,
F:\safe exe\Autoruns64_DBAEB474.exe,dbaeb474641e6324e44fbda5279342a07e4afc2743a55fb97d868e27eecc9795,344064,MALWARE,0.9042409002160711,UNSIGNED,
F:\safe exe\Autoruns64_F7561E63.exe,f7561e63b059c6bf3e104afe902e2009948f5be35f0269562bab35b34108a860,344064,MALWARE,0.9042409002160711,UNSIGNED,
F:\safe exe\autorunsc64a_3B07125D.exe,3b07125d2c486c0af6ecc64f9dd053ca7a0707aba76ca5e3109ac89d0acac64a,344064,MALWARE,0.9042409002160711,UNSIGNED,
F:\safe exe\autorunsc64a_4E2166EE.exe,4e2166ee8237d16ad1829a0dbcb9b846e277f7a0ecbe32b118e0dc695cdc38c9,344064,MALWARE,0.9042409002160711,UNSIGNED,
F:\safe exe\autorunsc64_15B73CBE.exe,15b73cbe246f0d84f9449a987fbeeb80d6f9949a770db49fbab10c138457729a,344064,MALWARE,0.9042409002160711,UNSIGNED,
F:\safe exe\autorunsc64_771EF6FB.exe,771ef6fb121f3a38ad21fde40c6ecc43b5028c108ea6ccb76f930e112ad9522e,344064,MALWARE,0.9042409002160711,UNSIGNED,
F:\safe exe\autorunsc64_B18B7D0D.exe,b18b7d0d127c6ae228ef528653fc799b8eabc64608237bb7656b382417f92777,344064,MALWARE,0.9042409002160711,UNSIGNED,
F:\safe exe\autorunsc64_FA4CFAB1.exe,fa4cfab11a9718dcdde5a0989f78bc382f3008b611b03b90619f8c878e618314,344064,MALWARE,0.9042409002160711,UNSIGNED,
F:\safe exe\autorunsc_59B27B7E.exe,59b27b7e0b78c1c245c1f14c80ae7908070a16141cd29b96da265e458bf5116e,344064,MALWARE,0.9042409002160711,UNSIGNED,
F:\safe exe\autorunsc_65FC4439.exe,65fc44392ab321c55304459caf72915ae56df2ff9a1393498a1f6bec7e60ee22,344064,MALWARE,0.9042409002160711,UNSIGNED,
F:\safe exe\autorunsc_994DC1B5.exe,994dc1b52154dedf9cd7dbc0b1a411537a8c69c1fee765d1174de5f102029505,344064,MALWARE,0.9042409002160711,UNSIGNED,
F:\safe exe\autorunsc_A5FA5A2F.exe,a5fa5a2ff32ad4e533e7a83ad3c6e6f86e49721672cc01a87a03d4723ffcfc64,344064,MALWARE,0.9042409002160711,UNSIGNED,
F:\safe exe\Autoruns_0D14A0C1.exe,0d14a0c1f93a5cbe90287d9d2e1308aa68f4ccb4e29c0c2cda2e208c34dfef56,344064,MALWARE,0.9042409002160711,UNSIGNED,
F:\safe exe\Autoruns_505BD468.exe,505bd468dee6f994992a0499d9e39c1dba09fc6324f0df3d419a532a254051f0,344064,MALWARE,0.9000538698372237,UNSIGNED,
F:\safe exe\Autoruns_8CB168D1.exe,8cb168d1438fbd5402f05bc8fcc0159735c71005a257be41dc368ba85e2e63de,344064,MALWARE,0.9042409002160711,UNSIGNED,
F:\safe exe\Autoruns_A93325B3.exe,a93325b33e9f9c6724c9d4195420938c9e964e81d9e0c90e1e497315e476b4f5,344064,MALWARE,0.9000538698372237,UNSIGNED,
F:\safe exe\llvm-mca_7124D486.exe,7124d486a651dcff9be5662be302402f0d15edd8976baa157fb4b6619914c1ea,345102,MALWARE,0.8666059988620032,UNSIGNED,
F:\safe exe\zkacard-tool.exe,0ea5d218fb63ce0d296d47fe62a59d2703b09bf754e7034530e745c2e2a0a6a6,345611,MALWARE,0.8031315425112064,UNSIGNED,
F:\safe exe\llvm-dwarfutil.exe,1f82aa291b8c4b1004e3f5155aa93dd9a5b1923333b7797662b6fefa84b00f71,347150,MALWARE,0.9871668644601836,UNSIGNED,
F:\safe exe\pg_config.exe,5cac75c5dfa5c87b3bd9a5c1fd4c23691ea9d48d254b0eaa2a829957db295e63,347431,MALWARE,0.9021279324128881,UNSIGNED,
F:\safe exe\DUC40.exe,aad09c161909a7d290a395d80c3cfd2aecd953b4e45a9ca017d460f036b68580,347648,MALWARE,0.9909193153767181,UNSIGNED,
F:\safe exe\IcarosConfig.exe,e8076332aa96f7da4481f4e8b053f607fa96ebd79bbb91ecef062bc07b2733a9,347648,MALWARE,0.9730188295949734,UNSIGNED,
F:\safe exe\ccache-swig.exe,4bee3a5ea34b03e25df7c32d4401a589bb02ef4588d2bea0ca7f6accd5372c10,350644,MALWARE,0.8368080071330803,UNSIGNED,
F:\safe exe\glewinfo.exe,f21bb25c3624ef8e2ca3a23c80b39801432b731bfc65c2627652e31c7c730b46,350720,MALWARE,0.9896564681624239,UNSIGNED,
F:\safe exe\controller.exe,b7fd1032df3ab77a02d5cc1183c06e6cd64bbaf26562f3947803117bfd62fe56,353280,MALWARE,0.7318132117196628,UNSIGNED,
F:\safe exe\Addr2LineUI.exe,19be82a1c3315d604e6ad70f04aec1f0d2a613317c7ed297ec0ece4badc5345c,354304,MALWARE,0.839407521218828,UNSIGNED,
F:\safe exe\bugpoint.exe,1ed1ecff7e2d572a5ee3a5cc7a26c1017638dbaa60f01df911f404ae406f5f07,354318,MALWARE,0.8865697418924283,UNSIGNED,
F:\safe exe\owncloud.exe,7bf65c154893565565c07535d345e287fda87fa3574cbca95dbe9618e0efa62a,354816,MALWARE,0.685978882603904,UNSIGNED,
F:\safe exe\Player.exe,e2f3867ddb75367da8ed21d8ca5028548bd7707f5a1587709dec7266f177ced2,355328,MALWARE,0.9982218735853465,UNSIGNED,
F:\safe exe\mono-cil-strip.exe,c1ada8c83d3e5b1edb4b051f26f04a6e89ae09f0866c5b8771493e0945e91294,355840,MALWARE,0.8113054238772235,UNSIGNED,
F:\safe exe\UninstWA.exe,25458f1d3fe6f471183ebedcdccca1e014e73d578ff97a293934b1d54dbf8068,356293,MALWARE,0.9998027563410389,UNSIGNED,
F:\safe exe\lame_9FEF7C08.exe,9fef7c08a11d1ce340659cdeed31c28bebc2ed15959b0f9edd5121eda3676d3c,356864,MALWARE,0.9436931393054452,UNSIGNED,
F:\safe exe\zip_3C79453B.exe,3c79453b5b4dffa656951179f00336dd3887169c075fc552e092aa4c76918ff1,356864,MALWARE,0.8854156619770598,UNSIGNED,
F:\safe exe\zip_F52E7F6A.exe,f52e7f6a0a01a0e70443dfecbbe9e3d42d0bd80dd295ec6acc234b0971e0a3fd,356864,MALWARE,0.9784322760113591,UNSIGNED,
F:\safe exe\lrelease_A435F3CB.exe,a435f3cb59efb68a34604e98c46b20837280e3018d41c0826f44bc0f43ddc5a8,359951,MALWARE,0.5051316571592299,UNSIGNED,
F:\safe exe\uic_989A8917.exe,989a8917963feacb32390ca7bdba7e581a7d93459d349bab21268504c98e6a1c,360448,MALWARE,0.9338908510357392,UNSIGNED,
F:\safe exe\Winobj64_5E48AD6E.exe,5e48ad6eec803bf9a75eb5c2ff29b5dd8a4c30eb0d0906c4c27243dca1659bbe,360960,MALWARE,0.7550894973967106,UNSIGNED,
F:\safe exe\Winobj64_CCEEF4B4.exe,cceef4b4e3aa01834e9986f9bd0fded3569bdabc11c9162e3463c2bad0ba9e36,360960,MALWARE,0.7550894973967106,UNSIGNED,
F:\safe exe\Winobj_09AF8AAF.exe,09af8aaf93b77ac022469f470bf610a1a59661abd27d0d4a4dbf70a3589ae085,360960,MALWARE,0.7550894973967106,UNSIGNED,
F:\safe exe\Winobj_32F9F763.exe,32f9f76301a74829bbcd913dde12197fb2f5a681f20ee17e4a38ee5d7ee3b023,360960,MALWARE,0.7550894973967106,UNSIGNED,
F:\safe exe\Uninstall_A0F23B92.exe,a0f23b928c54e40a5b16e623658dfc5934d4ccca5faa327add9d9831d2611356,361470,MALWARE,0.9991634202772726,UNSIGNED,
F:\safe exe\UninstDP.exe,ac35f8cd45707f3ad213d40f84f147a28a37b24ee237e31589ac77355f6a7881,361472,MALWARE,0.9984499635429637,UNSIGNED,
F:\safe exe\repc.exe,cdb622c21008e48d59f2241676589806d1c0b7b4e7e805fc43a06c2b98563daa,361984,MALWARE,0.6787766939300659,UNSIGNED,
F:\safe exe\icuexportdata.exe,c79ee95f5155f6038d26852e3c801d966535b792719dc67d1f4bf2a5a46236a1,362496,MALWARE,0.998790207487685,UNSIGNED,
F:\safe exe\veyon-configurator.exe,14e035b18f81ef0e1a19c1fa677930ab471206028ed9056705a04722794ad605,363968,MALWARE,0.6367918485276421,UNTRUSTED,Veyon Solutions
F:\safe exe\cardcommander.exe,fb1941ff53f08613955def37eb118086064c263cdb738659732b39cece679130,364982,MALWARE,0.9435902202898265,UNSIGNED,
F:\safe exe\lldb-argdumper.exe,caaef5eaed5f91c75fe2da535bca7fcba712fb052cedb259a8947f5d2e4eae0b,365568,MALWARE,0.9810361687603469,UNSIGNED,
F:\safe exe\Uninstall_38D0AED9.exe,38d0aed951cbfafdff159bf197d0672a31817cb0778eb11c655c2cdd1d1db97f,366831,MALWARE,0.8540165404221868,UNSIGNED,
F:\safe exe\RustDesk.exe,3ccd9d5e1f14d1013d12e79c8426a07cc057510fe6d6676309771f03db2bfbdd,366960,MALWARE,0.7037853926933438,UNTRUSTED,PURSLANE
F:\safe exe\ffmpeg_3C7109D8.exe,3c7109d846cfa9fffc7cf72b18a1267b2d58a5434f68d435e9081d8bbca3ccad,367104,MALWARE,0.5926504649192919,UNSIGNED,
F:\safe exe\qmllint_694D7F6B.exe,694d7f6b4455e64bdcc0e9ab90c1af729efb7fc114461cefd0ada33275707eb0,367104,MALWARE,0.8137312163354352,UNSIGNED,
F:\safe exe\Uninstall_B95A4827.exe,b95a48273446f21f2bf053a1857464503c0ee4918a3fa30bdfd3825cf8990d1b,367424,MALWARE,0.9998061456321246,UNSIGNED,
F:\safe exe\normalize.exe,8b9250244793a44441754035cdeee4a47e6619fd454595ed8c32eef5aaa652c7,367616,MALWARE,0.4613964258562943,UNSIGNED,
F:\safe exe\text2image.exe,45981c5d8b88027900b2629d8c1dc5362d9f440db8afa01892b285407a9995fd,368264,MALWARE,0.7723907248468543,UNTRUSTED,Universität Mannheim
F:\safe exe\pg_test_timing.exe,9f42532b097267d476a7132f7cfeb9096d402dd5c2d5b8a6eb462151b6b3f8ae,368373,MALWARE,0.864874844145704,UNSIGNED,
F:\safe exe\nssm_368640.exe,eee9c44c29c2be011f1f1e43bb8c3fca888cb81053022ec5a0060035de16d848,368640,MALWARE,0.9746070578933957,UNSIGNED,
F:\safe exe\tcpview64_9ACBF949.exe,9acbf949aaaa9d3b6e4003a4553ced586420bb9bafd0e2b6bc7692b91a5ddbdf,369152,MALWARE,0.7992760084754489,UNSIGNED,
F:\safe exe\tcpview64_B775D51C.exe,b775d51c1689e8f814be739bd5b91a7a027fe73cb81bc301ce0511ff980a68ff,369152,MALWARE,0.7992760084754489,UNSIGNED,
F:\safe exe\tcpview_3D63CB2D.exe,3d63cb2dcacb28700648c4fd284396ded89170942697675cff51c25d764b1f58,369152,MALWARE,0.7432231819894743,UNSIGNED,
F:\safe exe\tcpview_7F8A9029.exe,7f8a90291b4048d30f364b098358e13389f6db0a68417a66c4e563c25cd6801f,369152,MALWARE,0.7432231819894743,UNSIGNED,
F:\safe exe\rsync.exe,36d9582fe4969be13b57d1660246f9526a645d4b7c9a5fff1a81241d04a19e2d,369166,MALWARE,0.9983067990570841,UNSIGNED,
F:\safe exe\cdrecord.exe,1d7c8732eb941b611aa98b6f49c1cf109d765432f2a672894021c1b73230ff59,369277,MALWARE,0.9495685328708253,UNSIGNED,
F:\safe exe\updater_9CC7EA45.exe,9cc7ea458c6f5caa5fe4d0b5844628113c014403e52551c857ec9f9296d90616,370176,MALWARE,0.7570240484928887,UNSIGNED,
F:\safe exe\qmllint_14F44EFA.exe,14f44efaafc8187b599896413d0063f676b9aae59a7b8d4b1fc25d1437e2dd5a,370688,MALWARE,0.8760321290706378,UNSIGNED,
F:\safe exe\plink_372224.exe,b4f3c5ba661af556d41020a42d4781fca63333307f60713c2733d1c63ee6a861,372224,MALWARE,0.9944061304008993,UNSIGNED,
F:\safe exe\v.in.ascii.exe,0dfd1a1853a15ff806c1f0045f8449dca2b00dfeee7ab7b90efc46b9f21a063c,372992,MALWARE,0.41588270182398474,UNSIGNED,
F:\safe exe\MCAdmin.exe,b8948aa92bf03e78c1bd18d9a1efc6c27bd8f40d552e1c51cf2196f4cf547de6,373248,MALWARE,0.9722724795949312,UNSIGNED,
F:\safe exe\VentoyPlugson.exe,192c66adeede58f871f5200bb7afd0579ce2dc1a42425342a1d0c645769b32d3,373248,MALWARE,0.9941223807193124,UNSIGNED,
F:\safe exe\GeoGebraCalculator.exe,fdd2263663858d121f34522a7c993b4afd46b82af8fd492e9c26b60197caee2c,374272,MALWARE,0.9751133716287174,UNSIGNED,
F:\safe exe\ninja_89C8C53C.exe,89c8c53cc5a38a42749395ebb06edd5fa6fb83ceed10b0145d6081bda2c50e12,374286,MALWARE,0.9546668555259751,UNSIGNED,
F:\safe exe\echo_02EF2EDA.exe,02ef2eda20a9195046b6ca0276f7c413efec1d37f1775cbac6a2809207e6689b,374749,MALWARE,0.6243891867407916,UNSIGNED,
F:\safe exe\run.exe,2dcb5c21e672829bff05568a4046920e60234af08d907a32385fcc4b8036ec03,374890,MALWARE,0.6243891867407916,UNSIGNED,
F:\safe exe\winlocale.exe,07b6a99d5f698fc204363cd7a8627f3204dde35ef1a44ef964c9f37dc2edab4b,377054,MALWARE,0.7220075015953311,UNSIGNED,
F:\safe exe\osgmlnorm.exe,ee40abfed9104db779ffeaf6f293946bad4e06017fcf3d81cda1e43a5e97b155,378234,MALWARE,0.9843015730905359,UNSIGNED,
F:\safe exe\llvm-profgen_CA08A7EE.exe,ca08a7eeba9d2306e301f92baef15fb4303736a313611ae7691c09b36f5efe1e,381454,MALWARE,0.844772948060145,UNSIGNED,
F:\safe exe\finish.exe,8ab8d5e6210097d32e6b32ea645706ff20a6e4100ce1e614f568d40ea392a346,381527,MALWARE,0.9382503888956615,UNSIGNED,
F:\safe exe\current_time_s_ms.exe,85076517fb522ad5429a55b079fd6dd9c456bb420be8c1d18ddde801ed99b345,381555,MALWARE,0.7002590029040514,UNSIGNED,
F:\safe exe\d.geodesic.exe,c3c74d1f261c348285cdae08f2120c43f65750709f4f3da00f005a9f49369df7,382917,MALWARE,0.48047768471505786,UNSIGNED,
F:\safe exe\sqlite3_8C6A427C.exe,8c6a427c61d5b407b7f4d33a6f676a769aab7b522e9685c3684c628b8e924b0c,384000,MALWARE,0.9625291363286773,UNSIGNED,
F:\safe exe\pdftocairo.exe,433369eccdc3fdc640a0970075e05221ef954b84119ab6551eeef5ec10bb8d69,384512,POTENTIAL_ZERODAY,0.047952951350272124,UNSIGNED,
F:\safe exe\vccexe.exe,8f784603e398d307aa9aa73da22644802e392145d5f7c208b70434fe683711a8,387403,MALWARE,0.8080476079824651,UNSIGNED,
F:\safe exe\qvoronoi.exe,161d9e2cfcc7c4f7927a49b2088fa12997add05fd9cc6909df25baaada2db41d,387584,MALWARE,0.9801044132225952,UNSIGNED,
F:\safe exe\qdelaunay.exe,795a8ec257ef425a612454d00b95812733ada4597c27ad18bd39c69ebd16cf04,388096,MALWARE,0.9736430645535128,UNSIGNED,
F:\safe exe\nssm-pxp-agent.exe,6e3978ca6e7232eb9a225ddf5e3975584da555237c0458fb96e995d758f9ba32,388608,MALWARE,0.9448690428788683,UNSIGNED,
F:\safe exe\qconvex.exe,f24449d3bf9e5fd77be78dbb88ebe89613b6acaf6afe1c7e0abdb6127fc0d561,388608,MALWARE,0.9800036087137174,UNSIGNED,
F:\safe exe\qhalf.exe,1fba732b1075468df1eae83f2d87a03bf2df91c46b57ef2a543134955ab22462,388608,MALWARE,0.9732669242842656,UNSIGNED,
F:\safe exe\pg_controldata.exe,f565948f2c91319053e7d581af7d5c26bf21af6d20f4657f40f4902d3fe0fe8f,391715,MALWARE,0.8353107038838998,UNSIGNED,
F:\safe exe\typemaker.exe,4475dbdd2748f4ebf44fc0c7f775b3afc58e69295bcddd57661071f1eae64c15,392130,MALWARE,0.5500588323909822,UNSIGNED,
F:\safe exe\ospcat.exe,f081503455023ecc2bc7acd43e8ac5cbb136d45aaf8acf49b725cf93325c38ec,392449,MALWARE,0.9883865994584955,UNSIGNED,
F:\safe exe\tftpd64.exe,34de53b43c32e3ed5231a57683103acad1aebeef08309cf8e770c27acc90e4e7,392704,MALWARE,0.9818794207123148,UNSIGNED,
F:\safe exe\lldb-dap_A844D6C4.exe,a844d6c4976896c41b7a62e8f50ecb7f188f96881ec30fd6dc6cd779561cd534,392718,MALWARE,0.9413755776034095,UNSIGNED,
F:\safe exe\uninstall_393771.exe,f02d40480c4a28c603f89a2e52e5e7ca04f2c62f0fcada28d3eb97a93f64cc67,393771,MALWARE,0.996262628350344,UNSIGNED,
F:\safe exe\mamba-package.exe,db81e1f446b9bd5e0a644726a3fa04023527d4fffd94c20bebdf58c74042e196,394240,MALWARE,0.9903997659889658,UNSIGNED,
F:\safe exe\r.fill.stats.exe,a2401f3b91c9f95208d230aed94eb44cce672deb4290717b75287f5ef2e670a8,395316,MALWARE,0.5509393569776349,UNSIGNED,
F:\safe exe\melt_D8F950A6.exe,d8f950a6e78c2abcfbbdeb20b33b3baeddd85f81e8479eb40699d23489c2ae2c,395892,MALWARE,0.9935934279592371,UNSIGNED,
F:\safe exe\Uninstall_AED2DF5A.exe,aed2df5aa55aa98472de7a1238f301cd7510e8202e96cf60b9993c95d643e99a,396139,MALWARE,0.9998484456877785,UNSIGNED,
F:\safe exe\couch_dbdump.exe,47f8529f2e41d0bf1e4476f2ff3d9b593f25826185a31e82551e9af875a56a64,396288,MALWARE,0.737072419900566,UNSIGNED,
F:\safe exe\jwasm.exe,e5a5edcac7cf173c964efd33191e71cfcbf2967c3fa283674d3eccee26b422ee,398848,MALWARE,0.9818911064949305,UNSIGNED,
F:\safe exe\db.describe.exe,a3fe5f18247d2493d399b4a397d7990506eb8efeba4882e4ed5ef075248a7378,399932,MALWARE,0.4380791223261701,UNSIGNED,
F:\safe exe\i.cca.exe,94b5a55f32269738d836a49f89788c1eea34b7bdd3d5597909828b7294220ec9,400308,MALWARE,0.47422265020402393,UNSIGNED,
F:\safe exe\pg_test_fsync.exe,e215abef18bb44ae5ba65a82d0b79541a5d17e6e5d561a8fa0ee881701ac70b5,401375,MALWARE,0.851137556262201,UNSIGNED,
F:\safe exe\ClassicShellUpdate.exe,6e6e198155e2e19c73f37c78b9ff65e487361c5efd2a98682170cc87163b8d0e,402744,MALWARE,0.8402461105365776,UNTRUSTED,Ivaylo Beltchev
F:\safe exe\las2txt.exe,66326b296b9b968a74259d743a0a2d6d607b2bbffa83948f0570f4676e30f41c,403456,MALWARE,0.47907861932345136,UNSIGNED,
F:\safe exe\atom.exe,7c589132edb524a4ace9348b57c8b5766f238dcf5bfca6df9f303316e9c65c14,407040,MALWARE,0.9931286213136581,UNSIGNED,
F:\safe exe\pg_walsummary.exe,96ba2e0a01cd1cc5f4c8dd914f336035b9a82fd3e27b437ac2c973fe22d7fd1b,407869,MALWARE,0.9174908989692628,UNSIGNED,
F:\safe exe\synfig.exe,858b8ad43546e074402c4bac5aa18538507c97cb2b9b8a7a6df1e15c06ea8367,407916,MALWARE,0.9926876181611098,UNSIGNED,
F:\safe exe\qhull.exe,ab1da79e5afdd0d89bc7b335668823f9e9448920e519d97581103a6243463721,408064,MALWARE,0.9646302752545648,UNSIGNED,
F:\safe exe\fix-qdf_524EF945.exe,524ef945bcf469710313c6b1b25f6aca4fc0bbaa55e5b432c14e149122bb4853,409791,MALWARE,0.7808035713794235,UNSIGNED,
F:\safe exe\dsymutil_59587415.exe,595874153b108dcaac9b0cb6e0c4fa13327e25bb279fd9a1c37b077f325a1afc,410126,MALWARE,0.8938942852204622,UNSIGNED,
F:\safe exe\isolationtester.exe,4f7a83f074cf9707f2ca518be40785b85cac0d849cb9beb1b94d45f51d5de461,410134,MALWARE,0.856992559123189,UNSIGNED,
F:\safe exe\llvm-xray.exe,deb7bfbfefa7ab4149238d522905acf120fdb53f9d72fe41020094602c0c989c,411662,MALWARE,0.805085525956178,UNSIGNED,
F:\safe exe\odbc.exe,3ae18cc810b0b45ae1c37eeec2020b20429428dfe22bf8a520a92b17833300b4,413517,MALWARE,0.6110217417585533,UNSIGNED,
F:\safe exe\dsconfig.exe,02c71a52e7d9c79a08c2ab309781f255743d02b9d297d6a89c2dea7350003840,413696,MALWARE,0.9874900939461555,UNSIGNED,
F:\safe exe\mamba-package_D3C88F8C.exe,d3c88f8c7af336f36217275d7ec9a93768bf5abc18b34abf67eb074ebfc570ef,413696,MALWARE,0.8880079965902512,UNSIGNED,
F:\safe exe\unz600xn.exe,7869ee36346b47701ef01efd0bc2889f970266b66c80b30f74303d50bf7fa33d,414138,MALWARE,0.9999657249408421,UNSIGNED,
F:\safe exe\gsplit.exe,5bfebcbb8a3e4d754d8d93f770f1dc292dd4820087c0c5eed4915a0a7d128768,415744,MALWARE,0.46157018184560605,UNSIGNED,
F:\safe exe\instsvc.exe,23a98a61f0cc23848b50844749710391f828cb2e48d5fd993f5459d58f167185,416768,MALWARE,0.46345947700739754,UNSIGNED,
F:\safe exe\lasinfo.exe,9f48431bc7db6531a001d91a93d383794afb6179ec01bb2d331a0a1d5cf9ff5d,418304,MALWARE,0.4472224370688031,UNSIGNED,
F:\safe exe\cb_share_config.exe,9806ddbcafa6100aa65c724403fac47999874238e81d08dc8ae33a2f40d2db7e,419854,MALWARE,0.8369592840640712,UNSIGNED,
F:\safe exe\dbeaver.exe,28f21397814c2907c1f366db0f442ccdc9ce9f986e92478cc99e8dd89ffa0bf6,421968,MALWARE,0.9588040075244277,UNTRUSTED,DBeaver Corp
F:\safe exe\AddBrowsers_534CC8FD.exe,534cc8fdf883552c8e1f491ea3bcca54fa9270708a81177ff92e453aadfceec0,424448,MALWARE,0.9704790142153857,UNSIGNED,
F:\safe exe\Uninstall-Spyder.exe,7be79b2785725b385e2509ce646bd9253fe655057408c14657a1dc8d8f7c3cc9,424888,MALWARE,0.9946713327046376,UNSIGNED,
F:\safe exe\pg_checksums.exe,02c320786a8e37f837de51f6b5b87c2de42b3ef8fe05fffc047b2157fa6c952b,425818,MALWARE,0.9098759021921748,UNSIGNED,
F:\safe exe\sh_426256.exe,c4242f4f1ba575bac7be6b673537e1af6f05846b96dd13fae2b4d64a271bb867,426256,MALWARE,0.8874353043549741,UNSIGNED,
F:\safe exe\sed_55252FC0.exe,55252fc023b7092d8f39b209a33ae2d56558a541ea6606af53e00c37f1296163,427520,MALWARE,0.9971276435918084,UNSIGNED,
F:\safe exe\named_428544.exe,23f406dac7aff90b15418890a6b40bac85c3c93e0349e7f98096c5c2cda0072d,428544,MALWARE,0.8973546990191016,UNSIGNED,
F:\safe exe\JackettConsole.exe,fb930e308a0928a1baa89427fb74cdb280e637fc0cfe0609827f6c132cfc32ca,430080,MALWARE,0.4086922513502804,UNSIGNED,
F:\safe exe\JackettService.exe,4c1b6470af932553f3a93c6e7eb2363c7d5c6107c3a7da9b1a426b6cfc8a33e5,430080,MALWARE,0.6234723561352519,UNSIGNED,
F:\safe exe\JackettTray.exe,b068c48d8b0d5c2da2ce95ec9990032f0a98b9ddc87d800d2efd5b4b36e8c869,430080,MALWARE,0.6234723561352519,UNSIGNED,
F:\safe exe\JackettUpdater.exe,5979dfb93eccad41325fa170ad28618a4ea57063a86cd2b4d24bd7941f018723,430080,MALWARE,0.4086922513502804,UNSIGNED,
F:\safe exe\openssl_430171.exe,01dd2c4d8b4ee0032b7c4694daa55940cd292bc46f7eb571960cc2bb3e6a45c8,430171,MALWARE,0.9814814914159836,UNSIGNED,
F:\safe exe\r.spread.exe,7b74b1acab1607619bf022b2f5205db24b7665de22fdae699b1530566563f06d,430313,MALWARE,0.4006563795639179,UNSIGNED,
F:\safe exe\pg_isready.exe,f2e6ab3f7214db629d242561aef23b4da155e2a7901ffc5e3129a67e8118f624,430400,MALWARE,0.839750745945396,UNSIGNED,
F:\safe exe\lprodump_C03164C4.exe,c03164c46a5e79682e5d04e273b3b1e6221dac209950c2d277ffd3a06fc5e2be,430607,MALWARE,0.5566085409314341,UNSIGNED,
F:\safe exe\gacutil.exe,f36a33e65ef30e35e8fb35a1eac7a61f592d20f8d72a3a705a99b289aecd55af,431104,MALWARE,0.9119710922504117,UNSIGNED,
F:\safe exe\geosop.exe,7203d7799ea13198c9c88a807bf190afa3e9c794f7b7ac839e2deb86139c8fd7,431104,MALWARE,0.9348393574150163,UNSIGNED,
F:\safe exe\dropuser.exe,dec5925464aa0104acb161674d1a3b9b47367f3e85af85cc6802ac1f2c261376,432122,MALWARE,0.879767719329778,UNSIGNED,
F:\safe exe\SciTE.exe,de6dbc7722bfe190f65b3d3c007083ad95ddcda2a7ebeb8efd2cc09372da498c,432128,MALWARE,0.9952509883877477,UNSIGNED,
F:\safe exe\dropdb.exe,42806a12e47eaf4e4a8697c9b0317ef59e7f4cd4426109393580fd6310667b6f,432634,MALWARE,0.8210948664580141,UNSIGNED,
F:\safe exe\llvm-cov_3399F287.exe,3399f287adbbaea6db488cef8b7e7a89307b60a995f8193d12280d1a60d3ff1f,433166,MALWARE,0.9394137227412819,UNSIGNED,
F:\safe exe\dump_pg_15.1.exe,c315c57bc53ee04014bc9a170d7c0da19a1bde99a45c74b3e45723acd048a126,434176,MALWARE,0.62815936115342,UNSIGNED,
F:\safe exe\less_84B0279E.exe,84b0279ea0757cd7a6f4aeed6c464d7694f8694a29217062e53661f3f7a52707,435712,MALWARE,0.9946367332567999,UNSIGNED,
F:\safe exe\clusterdb.exe,bc5e360abff50d77d08b613c3ced5272eaa8acbf335e3f9b9d2625cc884bdbc9,436051,MALWARE,0.9006537805318576,UNSIGNED,
F:\safe exe\createdb.exe,8fa9c69946bca320a42ae58c35d61d7dc2e70fcd81515d2985303e14e32fa418,436629,MALWARE,0.8144826344598752,UNSIGNED,
F:\safe exe\fbtracemgr.exe,904d40cb8247c2aba2917ccc0d8cfbfe4fdee7bd2d4ec9009963153f9be529a7,436736,MALWARE,0.48874882116137564,UNSIGNED,
F:\safe exe\caffeine64_98C0AF01.exe,98c0af01b4257e12679aaba3c148cdc95c9168f95ad17add25287a584d9070bf,438784,MALWARE,0.9983153973604869,UNSIGNED,
F:\safe exe\fdm5rhwin.exe,e9ec2191c33ae9883e52230844ae43625bf996f78a35295cc29f96d0ba9e87bc,439296,MALWARE,0.8376262548460104,UNSIGNED,
F:\safe exe\createuser.exe,24e84a1b7bdd940e46f67b0a31d2f9633efeb7b1e208f9236050c6c4dd6697ee,440978,MALWARE,0.8570298910680796,UNSIGNED,
F:\safe exe\pg_regress.exe,3b234bffaf39e8f08606f54330e76d07b7542b287dd4905d895cc021c683ca58,443177,MALWARE,0.8631615210648602,UNSIGNED,
F:\safe exe\pg_isolation_regress.exe,82cab7a2caeb26ca0b9f6d5e7ec908caeb0c07ad8a2421fc2764d22ed5a53866,443296,MALWARE,0.8652463073766123,UNSIGNED,
F:\safe exe\less_227965B4.exe,227965b411aac531a06eb163eb8fa65a2869b074778200dc94aa9c9494db447b,443392,MALWARE,0.998919120485718,UNSIGNED,
F:\safe exe\SetACL_x64.exe,c150d983ad4f863bf8caf9c5948481ea40a122b0bb81f1a13134c5f97affdce0,443392,MALWARE,0.9893720345528103,UNSIGNED,
F:\safe exe\6e8e3df5_inkview.exe,6e8e3df539bfa37730086700b835bb0a881f42383997c15adf5d0f52e9f74e20,444311,MALWARE,0.41765029187465263,UNSIGNED,
F:\safe exe\r3.out.v5d.exe,711d53ecf0619ead4ba809bcb95141c1288b62f39805c9e888d815da388f256e,445486,MALWARE,0.4895490341890452,UNSIGNED,
F:\safe exe\Uninstall_2C58EEB7.exe,2c58eeb7caeb23c8b4a6ef107481af0bad2f78d46e409cc76f7e34ce7206107a,447450,MALWARE,0.9906400339959999,UNSIGNED,
F:\safe exe\7z_447488.exe,bb783a594067db5cb4e43030d9e6928636555a9ce6aa3533532731975094230a,447488,MALWARE,0.9615229782399801,UNSIGNED,
F:\safe exe\reindexdb.exe,01bb2050de9cb89bdae6ab7e8e588e6f6fe2fcfefe28124e3c3762ad9e8cfcf7,449568,MALWARE,0.8315874303332789,UNSIGNED,
F:\safe exe\linkicc.exe,dcf5f5dbddde180a2246a5a1e474061069d394df18705b3c1ca321485cc3bbb3,450048,MALWARE,0.9023545294280408,UNSIGNED,
F:\safe exe\STVUSBUninstall.exe,9420e946b4f7b7b900ff0832a6e263a69d561f9fdf5488b93a3accc1ca3c9773,451072,MALWARE,0.9666611529069459,UNSIGNED,
F:\safe exe\Uninstall_799FEB47.exe,799feb47e7ab604afbcad2a2c2e8af4d2d7c4791ca217b381131dd8d6b787910,451164,MALWARE,0.995708351938026,UNSIGNED,
F:\safe exe\al.exe,e5181c162ab28a455031c15a22476f7a2bd0f8343fa751c68151a74e4716a60a,452096,MALWARE,0.885734099317045,UNSIGNED,
F:\safe exe\updater_2977B095.exe,2977b095225b0f40b9acf957724c936d39260a0d41b4cebf9e95213f46baeaf1,453120,MALWARE,0.9980202668023651,UNSIGNED,
F:\safe exe\7zr_73628E0B.exe,73628e0b1566de03c0d846cb774bf5ae02cb5c363988ced5be23aeba3275b72e,454144,MALWARE,0.9317573210895793,UNSIGNED,
F:\safe exe\vacuumdb.exe,dc26048357c6e9c6604292c9973993355f9e2de1cc00de6bdf6323d8d477ad9f,455709,MALWARE,0.879613878427148,UNSIGNED,
F:\safe exe\gfix.exe,2ef26669d914767453e14e2edc002a76f40a21f81ce696c9f5eb9f6c8bdfe826,456704,MALWARE,0.43507665451050165,UNSIGNED,
F:\safe exe\psicc.exe,71db92d6aba42ec6bdf424d2867a1bc5ab9761f849bd9a108d2f5b18173613f6,457216,MALWARE,0.9267022541145691,UNSIGNED,
F:\safe exe\uninstall_850DEDEA.exe,850dedea7cb88f0c01bcd2292679be03b38827527b9e1ed785fa21a4efdb5db6,457772,MALWARE,0.9996698187598386,UNSIGNED,
F:\safe exe\wininst-14.0_1596AF26.exe,1596af26c26f6e095d7d031e7ca0992a50c6fc49f88554fd6ab1cb6e90223c28,458240,MALWARE,0.8175706850856062,UNSIGNED,
F:\safe exe\wininst-14.0_CD8E84C1.exe,cd8e84c1f8d1ee3a7014343e3fb236329d2b67c1ec233ea4b208d99e3f95105b,458240,MALWARE,0.7842121179396865,UNSIGNED,
F:\safe exe\monop.exe,c736ac94ff08959d9f96427a8648d2ddba8ee0a41894172c7c5d088a5650a183,458752,MALWARE,0.8830357283950268,UNSIGNED,
F:\safe exe\ofxdump_B617ED67.exe,b617ed67b964aed655b1e314daebd1be205b49f7f9e2f4e29a0732e364a410f6,460234,MALWARE,0.9893149119152763,UNSIGNED,
F:\safe exe\wininst-14.0_460288.exe,f98e50123c41443b2532ea3da4abbe0af2fe82ef2ca417fe870651080651022e,460288,MALWARE,0.8940820856650205,UNSIGNED,
F:\safe exe\nbackup.exe,ce27b11178a8dd932064e22dd06935236ae6ecffdae3dca15b55cbf341a00a14,460800,MALWARE,0.6961515742862144,UNSIGNED,
F:\safe exe\VentoyPlugson_X64.exe,b238272053496f66c06fa570730459e432c8ec62a72eed2971d113459ae2e114,461312,MALWARE,0.9062785250297491,UNSIGNED,
F:\safe exe\7z_47462483.exe,47462483fe54776e01d8ceb8ff9fd5bf2c3f1f01d852a54d878914f62f98f2d3,461824,MALWARE,0.6918714535031304,UNSIGNED,
F:\safe exe\AddDrivers.exe,93f366c71926a4ee5fac0447501dbe3b93fc6c119e3a1e58e52ea445e5290e73,462336,MALWARE,0.9907040120952534,UNSIGNED,
F:\safe exe\gstat.exe,2148c2d394f1b6cae09ec3f4dd88aab2d5ac225f9cd95d6d0d0ee148b7f0ddf0,464384,MALWARE,0.475284775757073,UNSIGNED,
F:\safe exe\7z_3603BBED.exe,3603bbedc4ba0c16b00d491f55dc719510c88cfebc18b6276422884c113e210a,465920,MALWARE,0.7191423049604547,UNSIGNED,
F:\safe exe\makensis.exe,25d1aa7081db1a9de9690b59983f9652b7409a189c3444328cc1841eff693e8d,468992,MALWARE,0.9955113993802549,UNSIGNED,
F:\safe exe\lock.exe,a27b89a9c56883d2f6ab511c598daa200c269b05170fcf120ace7d262bbc56c5,469934,MALWARE,0.5597494845612604,UNSIGNED,
F:\safe exe\install-interception.exe,98b4b384bc2c84a9e9f9275352b265dd1b351c4780598d7d1aa7d32b06f5ba86,470528,MALWARE,0.960833081190775,UNSIGNED,
F:\safe exe\uninstall_7441004E.exe,7441004e5804540b7ed385d4073ea7973a2783997811de30df1a0ebe5891d262,470724,MALWARE,0.9665784253828449,UNSIGNED,
F:\safe exe\freeplaneConsole.exe,3287ff913ad49df9f1e2855d13acd3d111d9ccd1540017839e2c1e04570e05c3,472064,MALWARE,0.5871341984595833,UNSIGNED,
F:\safe exe\g.tempfile.exe,9049bdfb2720a65745ef98dda9fcff03b8997e267ea94be6efdf69c1525af25e,472202,MALWARE,0.6071835036718418,UNSIGNED,
F:\safe exe\NetTimeService.exe,0aae40d7b5d57aed2a897161601a08123e64088033b03527dc1ba2b55e7a4e9a,473088,MALWARE,0.9998180564129355,UNSIGNED,
F:\safe exe\g.message.exe,61db4d9f2aae69e89d1630f0a75f347f5463cda0b23c19aafc53e7b33afa8025,474687,MALWARE,0.5812220779095721,UNSIGNED,
F:\safe exe\freeplane.exe,d365c5ba3af9e94e677b01fe4b811b1d200847acdcd49c98397c43b98c023c2d,475136,MALWARE,0.6678133056722235,UNSIGNED,
F:\safe exe\r3.retile.exe,92c347fbe502bb036ef443f226def752870a3aaf80d29e0bdfc1c528bcaed40f,475416,MALWARE,0.6838498852547066,UNSIGNED,
F:\safe exe\ubuntu.exe,a4d7c84e54edea2a4a98bcf6f94cc40234818a8afa3c272ff629f96907bc783f,475648,MALWARE,0.6346224340851946,UNSIGNED,
F:\safe exe\r.surf.gauss.exe,2662a1890fed77e07e5d8039890ffd05d714efdcf9521eb4e2e8c05425bd9302,475809,MALWARE,0.5933085092240433,UNSIGNED,
F:\safe exe\mkbundle.exe,c3420687ddd84b8d7a23470faffad2a85078fc0009b4f8c998196368bf0af5c6,476160,MALWARE,0.7566695174000712,UNSIGNED,
F:\safe exe\g.ppmtopng.exe,478a079ed010a240f9ef9a6937859e3cd3acfc54afe31e40c8a3f14094db137e,476637,MALWARE,0.5929561689708807,UNSIGNED,
F:\safe exe\nimgrab.exe,9b0b78a3524031dce980dac372d0810c59ada2f6480c235b05fbaa5b56464e41,476924,MALWARE,0.8783386915900302,UNSIGNED,
F:\safe exe\r.basins.fill.exe,eb5b23d7addf114f496efd03150081fce1214ef7f741902b52f356b0aba51dce,476986,MALWARE,0.6458689011192168,UNSIGNED,
F:\safe exe\StructuredLogViewer.exe,44c3c9e4a25097ac1e1269bd44de96d7d68b4056d1795db31dc7738f24de933d,477184,MALWARE,0.9782383768069932,UNSIGNED,
F:\safe exe\r.circle.exe,0a2f49ea63492974382f8b942682c463d5d45010eaa4b974be9f52b45726efb1,477801,MALWARE,0.6130087011505357,UNSIGNED,
F:\safe exe\r.in.gridatb.exe,a38a9636c64deea326b1a5c777e1e2762db7b39dae3babb1843e530a3eb0336f,478105,MALWARE,0.510032522358998,UNSIGNED,
F:\safe exe\i.ortho.camera.exe,69e8130eba644449eb904a2dd62528cec685d13f75b54f7fa9a08e738b325aff,478164,MALWARE,0.6067701954241214,UNSIGNED,
F:\safe exe\r.out.pov.exe,7d91d1c44d3434babb9003213685e1a1e2f971a728207b1c9d807b28b3790071,478259,MALWARE,0.5716916572703188,UNSIGNED,
F:\safe exe\r.rescale.eq.exe,c9c40faa5afb8b7296a92275613d741a978e6c8909a25558d764a6a2bdf11a89,478737,MALWARE,0.6323646965033319,UNSIGNED,
F:\safe exe\i.zc.exe,6e07299a1a7ae270a5ce671f920877f5ea1eea4d6ec3ea38e8aeeba1af539e32,478744,MALWARE,0.6033936039907692,UNSIGNED,
F:\safe exe\r3.null.exe,000e02d6e5238f47a06b041ab85c9caf1e78fe0cda0af0ab35785e7985a5a0f6,478958,MALWARE,0.47845647526266255,UNSIGNED,
F:\safe exe\r.rescale.exe,fa43a3c4d4b473a38585dc467b5411f4bec3c380588c6d692e37f0e469a8af8d,478975,MALWARE,0.6213521625221532,UNSIGNED,
F:\safe exe\r.surf.random.exe,fafdb81539fc33c0fdd29b3c823820c8b42624faff94ac7535b567868bf8b5cd,479218,MALWARE,0.6127372525979762,UNSIGNED,
F:\safe exe\MultiCrashReport.exe,5d29c5a72e57b42aeb8560d1a1c8bd044252adcfc80c5e86a4256d56a4aadb53,479232,MALWARE,0.9674179238735015,UNSIGNED,
F:\safe exe\setup_CA282969.exe,ca282969afbcf42e34518998cd28bc52be9b91eb3688b6b8792c5897b4e561f8,479232,MALWARE,0.9971153443129864,UNSIGNED,
F:\safe exe\burn.exe,07daef9f80ad388b1a97041b8a0693d145eaaea27b0023b12111e72ef78d93ef,479744,MALWARE,0.9743432201975486,UNSIGNED,
F:\safe exe\gdbserver_22236729.exe,22236729577138b6b9e879e5bc3200a0cf8413f925c06254b2dbd2f18a4cf0ac,479744,MALWARE,0.8562962836877913,UNSIGNED,
F:\safe exe\db.execute.exe,daa07ffd9527f6a7261d77908501629c17e04b2f8b0e88d85090876a4a62be79,479909,MALWARE,0.5569725423781688,UNSIGNED,
F:\safe exe\r3.out.ascii.exe,2844e7627b0768c6bc2ef49581fcf510a5dd4e8ede38d6f44b479c75571ba425,481394,MALWARE,0.5346081553956277,UNSIGNED,
F:\safe exe\r.what.color.exe,1702eb94270fcff0eaa4d225a52064bd914898e3f4bf2a08d3572097fb851257,481470,MALWARE,0.5609292232876305,UNSIGNED,
F:\safe exe\r3.out.bin.exe,03e4d9d6c4bc5c51bf93fa16226cfc931098f81675af4fdc343bc2676e57047d,481828,MALWARE,0.5556350964935802,UNSIGNED,
F:\safe exe\v.out.ascii.exe,4bc5f3224e3d07caf4855a1b7b55a8ac458dea4d2382f2dfb1b0dc8f1e707232,482898,MALWARE,0.4724254162320296,UNSIGNED,
F:\safe exe\g.pnmcomp.exe,a62d36bc52839aa09c24107f50b7563b82ad03711d5c9c76544e239211a2e88e,483370,MALWARE,0.5309809854972151,UNSIGNED,
F:\safe exe\d.rast.num.exe,165bff3381cc93dd8ebd4b49ea1a7a34d32629547cda37f9457ab4506ff7ae4d,483425,MALWARE,0.5400341398973133,UNSIGNED,
F:\safe exe\r.sim.sediment.exe,8a9736c413a0d9f4563bee70b093b5bdb523ec10705de1d57f86625a2ea75131,484289,MALWARE,0.5370922280278098,UNSIGNED,
F:\safe exe\qwingraph.exe,73bd80b1c1cc01820e1ddcd06d830c9b52514d01d2551dc2fa9340cc96ea4560,484352,MALWARE,0.9304625508417713,UNSIGNED,
F:\safe exe\d.colortable.exe,6a25b858f36a5a4b72c8668ef35c0c84044c499cb47950f1d46eb89f448988b1,484567,MALWARE,0.5323086403528915,UNSIGNED,
F:\safe exe\r.to.rast3elev.exe,c264bb1d9693b2b5f4087f420d186d5c9f45a5ccce72fd6dd16cb8e4bc798117,484981,MALWARE,0.619342371814016,UNSIGNED,
F:\safe exe\r.lake.exe,1fde6a85ae17d0394aeb71f2c78ce4e677d3093e91378f6963b800d027744eb5,485168,MALWARE,0.45730695105433206,UNSIGNED,
F:\safe exe\r.sim.water.exe,a7fe87d883727d58e63e3048afe5c3f076c1341568834488e08761169ad6c2f9,485185,MALWARE,0.5283647371023268,UNSIGNED,
F:\safe exe\uic.exe,6d3718c621e6a23bd8321882f5f7c5ee76d002b8604acf39f87387a6677ec335,485376,MALWARE,0.43924652122261804,UNSIGNED,
F:\safe exe\m.transform.exe,ee8d0f37c64387cf3e252a4e2b837affb257dec39ab0d667228372883a8cb470,485706,MALWARE,0.6092124644835546,UNSIGNED,
F:\safe exe\r.out.bin.exe,075d356c3c3e48f5a20db7d9435143e65817fe8d51ba0283ad80ee6b52614eaa,485974,MALWARE,0.5182693675452807,UNSIGNED,
F:\safe exe\d.rast.exe,8b7fa1c9b87ba7fade56b734927686aa69212bc2f6d7aeefe76b2c0a9a4b7334,486051,MALWARE,0.5564227284476567,UNSIGNED,
F:\safe exe\v.sample.exe,68d30e505f7fc130e2524fdc5414d7052f5695edeac6289e7518da06fe840be8,486262,MALWARE,0.5795739360887283,UNSIGNED,
F:\safe exe\d.where.exe,def15b570eee8eb88d037d1cab3268903f78c337599a38190168b489779febb6,486494,MALWARE,0.5937857898308709,UNSIGNED,
F:\safe exe\r.quant.exe,d3aa7d69f3fdc2a4e0a0ef9aa73203707bcd1f8ac181e0641ae956a8de5db28e,486655,MALWARE,0.5355567352068918,UNSIGNED,
F:\safe exe\v.qcount.exe,b2ec1ea6dd6d3833443cd8d9f942f3dcad57d8b3a766659cba8e093322d5b112,487349,MALWARE,0.5428683968217468,UNSIGNED,
F:\safe exe\cmcldeps_6C7DA235.exe,6c7da235c9e0bc00b885c67e10944d0c6dafb2fe1c1692b8275c5f2dc81598c7,487438,MALWARE,0.9442344498063487,UNSIGNED,
F:\safe exe\gdbserver.exe,b4df6e4145051871e260e7cc23d47782ec529f45f51661b5bc919ee676113e8f,487936,MALWARE,0.840948208078651,UNSIGNED,
F:\safe exe\mkbundle_8882A23E.exe,8882a23ecbe323f319738856896b87a347fbac51ebf7b50b194547c7887e7a10,488448,MALWARE,0.9267384450644995,UNSIGNED,
F:\safe exe\v.normal.exe,00ca4d58eefa029c70cdc6c4b93e68d197ea9d5d01caa60da4b3bbc6d5335f79,489168,MALWARE,0.5149284182093185,UNSIGNED,
F:\safe exe\r3.gwflow.exe,53b472b411f242905a2b5cf915ec50908bed29f5e863df1259e94c3a76e243d8,489243,MALWARE,0.6484261810319867,UNSIGNED,
F:\safe exe\r3.in.ascii.exe,cb6688e6010aa90e8c041bd23c577331b19c7a7acce7eec0a4cf23c4b5b74516,490445,MALWARE,0.5681556620420128,UNSIGNED,
F:\safe exe\r.gwflow.exe,01c4b84e6f5b16fce3f703ab9d5635b4d80af711b60ac9f350489d130ffa4e9d,491151,MALWARE,0.5689048351269707,UNSIGNED,
F:\safe exe\ofxdump.exe,03faabc46315f17a705155917c39fe128893719174f9617b041132230a9d6bdc,491311,MALWARE,0.9221464783259736,UNSIGNED,
F:\safe exe\r.null.exe,7f16f8e5965894fc7dc2556e31766e3a4169f8f20670c2c5e23aaa139b587ec7,491684,MALWARE,0.4281496190180448,UNSIGNED,
F:\safe exe\r.out.vtk.exe,7692bca703037ef5a9c4327f2a11af9081609f28fee5f205690d763ef4c55bdb,491695,MALWARE,0.5313004028805767,UNSIGNED,
F:\safe exe\v.segment.exe,f65f07a6b71b86ca1acc16f5b36741a351898c0b3f6c5d0fcfc42d01dd01ced7,492434,MALWARE,0.5883091513613401,UNSIGNED,
F:\safe exe\r.solute.transport.exe,b470e0ea7acfde74093086bf5ac9031bf4f856b86c263b052cf0aac25d583a4b,492629,MALWARE,0.537193309048672,UNSIGNED,
F:\safe exe\m.cogo.exe,049d3db30a8d39d56c28d5bfa03efc16c8c177128ba9bc249508c862d7ecbeb6,492670,MALWARE,0.5962318058283208,UNSIGNED,
F:\safe exe\r.grow.distance.exe,9a38656ce41c11cda52ef50d766009bd5e505d1344dbcf7aecacaaa08e1cb9c8,493298,MALWARE,0.5264282687975477,UNSIGNED,
F:\safe exe\d.legend.vect.exe,1ce698abc110b02132cfbecb072f32294c9c4a4d330e84ebeac95eef5d96af21,493542,MALWARE,0.4169119438559787,UNSIGNED,
F:\safe exe\OpenHardwareMonitor.exe,ec767a74c5659a05bdb7ac10bd42c2ea6d44fa946286029b2866aed476ad83bc,493568,MALWARE,0.995673604339436,UNSIGNED,
F:\safe exe\r.resamp.rst.exe,a050f0705bbce9c46d424218778085218e2104bda0ff96a9143d2d33293615f9,493812,MALWARE,0.47112684537605193,UNSIGNED,
F:\safe exe\i.ortho.transform.exe,d2e9cffba2891fe554146175368c971117fc24087dce4025f31ce5d98a0f50e6,494294,MALWARE,0.5055650890773434,UNSIGNED,
F:\safe exe\r.in.ascii.exe,ae8cd81dbe3485db4168ec194622fe1f079e8003daf7d4fd6c6e40127a696a09,494736,MALWARE,0.43663657829106867,UNSIGNED,
F:\safe exe\d.labels.exe,f19ccff276cf33bbc4418ec1c6db45a1dd3aa1c6c7449b57bbf3c8d90083d771,494943,MALWARE,0.5089093048748461,UNSIGNED,
F:\safe exe\transicc.exe,0424050ab8ff767c7fa8cee3d979146ef6f4072c4a96064be4336c43936969c0,495104,MALWARE,0.8262883020212972,UNSIGNED,
F:\safe exe\m.nviz.script.exe,2a9da62605ceb6dc0ec089e25e019094029a22d3b17d0f47dd1744b075c7f8c7,495363,MALWARE,0.5256390529015169,UNSIGNED,
F:\safe exe\v.net.path.exe,4e0533c5100a2a4cd8ec2e6dc34ebd782e995179c090615e0b24ff8d0b01c7fa,495745,MALWARE,0.5979432946140602,UNSIGNED,
F:\safe exe\d.northarrow.exe,0f0043e5ad64cb4324648709fa2bf3cbe41abda8b2d1dfdfea76f89b5e3ab041,495917,MALWARE,0.5255264557198159,UNSIGNED,
F:\safe exe\r.random.cells.exe,818a426034189c892721f00c53a10aa8c4a0d1e372883298b59a802ca1bd835d,496197,MALWARE,0.6054185095758503,UNSIGNED,
F:\safe exe\r.reclass.exe,85c598834f0974d321f0f11a122b69a7c50e227b716aaf3ac1dd52eea29369a0,496303,MALWARE,0.4909757289660059,UNSIGNED,
F:\safe exe\Dicomizer.exe,1028599d8488c55ca4d3b7002eebb6d2ecd7cf97803a777b51fc0658057ca900,496640,MALWARE,0.9144817742484465,UNSIGNED,
F:\safe exe\Weasis.exe,81ae7c9f4ced804eaa7297bde0fee4fa57834121696638cea6c47382a5f7ad52,496640,MALWARE,0.9424941900332382,UNSIGNED,
F:\safe exe\v.lrs.segment.exe,b1ac06ba7127a6991326e43494e3735ee5d2c4f36ce27aa79eb0de2f5afc83d4,496663,MALWARE,0.5687737372185983,UNSIGNED,
F:\safe exe\r.what.exe,d220e5fc29363e52c5e20747863646894f44255ecf8355000b92f9a616b8ee9b,497072,MALWARE,0.5587154695278596,UNSIGNED,
F:\safe exe\v.net.timetable.exe,be5e4f3866e55513e5780d3edf2965686008921a3c6afe9b6e918c1b76a6c459,497134,MALWARE,0.6768955484396115,UNSIGNED,
F:\safe exe\pythonw_C9D37502.exe,c9d37502efc61ac37b4fd46796190e141b3908597bfaab41045f9bc2eca934d0,498688,MALWARE,0.48570714217804434,UNSIGNED,
F:\safe exe\r.category.exe,8e6bc4779c1e5515b7e161855017e6b7ef829228bdffb766555073e0d83ef595,498799,MALWARE,0.41093815122758404,UNSIGNED,
F:\safe exe\d.text.exe,b049f7df08541cd7b526d1ef4bd6747009389feb7af02805cdc6477e173a480c,499327,MALWARE,0.4756773870597588,UNSIGNED,
F:\safe exe\r.relief.exe,bb09bafc50c70d8272e7d55393b041a84b33f30ae2f49151dfb9d7f6ce08eba5,499509,MALWARE,0.4987084635287945,UNSIGNED,
F:\safe exe\v.proj.exe,99aa5e71d7ff9367174930dc793bf14d03806adfff264a54b8ae250dad5da45b,499703,MALWARE,0.44831978947067436,UNSIGNED,
F:\safe exe\dcraw.exe,1c6a263eaac2bad1de7b03a2391cbcbafc9f7f8ff3a6a77ce4bc8cc88b9c04ce,499712,MALWARE,0.9751019497574662,UNSIGNED,
F:\safe exe\python_9F8442EB.exe,9f8442eb34705573a8f3756bfa82008dadc3c7960975375a47b56c17eb2d8f91,499712,MALWARE,0.465461803203368,UNSIGNED,
F:\safe exe\clangd_70C462CD.exe,70c462cde9af2661a66a93b7ff2a849fb0789bf23e149b7a08d6beddeef85db6,499726,MALWARE,0.9664066648526688,UNSIGNED,
F:\safe exe\pg_createsubscriber.exe,77e3499ab86d40fe2c253a9c22e164ce9e265e61494cd68a49afe85f0f750f2f,500275,MALWARE,0.875601184301594,UNSIGNED,
F:\safe exe\db.select.exe,a36aea2a6b36451c7e2e6e08e3f83304037595000752c4e61bd172f4efbf449d,500516,MALWARE,0.5608508703842503,UNSIGNED,
F:\safe exe\v.transform.exe,05ee598468be93440058317cce3774af3eca6b9d641ecaaf5c8cacac40ee814d,500650,MALWARE,0.44701316711656647,UNSIGNED,
F:\safe exe\r3.out.vtk.exe,94fdc20486dfafdb04f0c593ef0e3f0bedc5ca7fa18c245505ce5c38b7baabf4,502133,MALWARE,0.49473905472310875,UNSIGNED,
F:\safe exe\v.out.vtk.exe,9869f279526fac6d3252c3ab5e172a847dea8a8962eaef37d8131d0d5018b96a,502154,MALWARE,0.42299050858222076,UNSIGNED,
F:\safe exe\genrb_E1E3578A.exe,e1e3578aa4f785fd3a8fba7526722eba3199f25c3ca7ab1cc3d77c5a6aad73c3,502784,MALWARE,0.9936299722445224,UNSIGNED,
F:\safe exe\r.surf.idw.exe,0573ca16e6df26bc948414eff45ab133df475e6b64398cc867db4c78e87d7f09,502963,MALWARE,0.45926223453612486,UNSIGNED,
F:\safe exe\r.random.exe,72ce2ef7471b202b7e289dc3b5895c03cc1dcd81b6f94ca3c05abe62c54affe6,503160,MALWARE,0.6276561534638518,UNSIGNED,
F:\safe exe\pg_dumpall_A76F26E0.exe,a76f26e08a7bd17b8fe0311530045ceffa48fa352058c31d4ba9e51909c18ff9,504323,MALWARE,0.8826214959620153,UNSIGNED,
F:\safe exe\r.carve.exe,6ebbeeb035662222a4b6b3d68cd918760707c25a494687fdc46fe89551403ba6,505369,MALWARE,0.45563798119463345,UNSIGNED,
F:\safe exe\v.extract.exe,66d3536d2da6fa1cebd2914a517336ec565825529b3be611a486200b69a49178,509531,MALWARE,0.5054889283461552,UNSIGNED,
F:\safe exe\r.surf.fractal.exe,7f068608fd5754682085f8c9b62380b7367fbe8a4dc5158fac3ef796b5c51ecd,511875,MALWARE,0.5849225974608663,UNSIGNED,
F:\safe exe\dwebp_17C1488B.exe,17c1488bf84b7834e9aa908bb40afd0be2e55d57567d210e96336c56bb6ae993,512512,MALWARE,0.9996451619654244,UNSIGNED,
F:\safe exe\v.perturb.exe,42a4228cebd6aece86483dbde5700fd1243f118274f2065c6d03584c652c7d62,512586,MALWARE,0.5974216972539367,UNSIGNED,
F:\safe exe\kageant.exe,f192a4d2d34d90e9a5d586cbf3534a805f25cfffd6d6c4307d8d91dacb801192,513024,MALWARE,0.9980117592296064,UNSIGNED,
F:\safe exe\lessmsi-gui_27E51D42.exe,27e51d4243a94245731833554dd3816e03d35cb645a57c664638ace2b9011907,515072,MALWARE,0.9909746054704561,UNSIGNED,
F:\safe exe\v.surf.rst.exe,093d389875b632b644fa469f7a8ed8573e1d7aaa720bc151df7de3100d9837ef,515964,MALWARE,0.5612010251471932,UNSIGNED,
F:\safe exe\r.neighbors.exe,0d47257db77441dab1e8bf2414d3280d385c4b482fdb2f0747f8a26f357d37c0,517501,MALWARE,0.4409127051870062,UNSIGNED,
F:\safe exe\ikdasm.exe,fe0df5a4950894d25d9bf5f5c8baabb6ecc3ad863efdc4e04942f403bb32cc13,518144,MALWARE,0.939731322700853,UNSIGNED,
F:\safe exe\CrashReporter_519504.exe,99643a24f3dc2bff0258c24866b0e53a35d826cfe2bc536873d6bea33c01383c,519504,MALWARE,0.8857022021150434,UNTRUSTED,GOG  sp. z o.o
F:\safe exe\v.info.exe,099d9efd25cb107569e3d2477ba699f685dde50b3c0ac984c9fce609f83e06d1,519577,MALWARE,0.5356675947448085,UNSIGNED,
F:\safe exe\diagtool_28E06497.exe,28e06497dd309804fc8e1e7967799919cbf3791bce22025caeec6392889befa1,519680,MALWARE,0.6012167169716933,UNSIGNED,
F:\safe exe\g.mkfontcap.exe,f3eb547eb9a77970a29551ac2f1a5cc6dbeb1b7b7308bc529ff24f9793e251ff,520076,MALWARE,0.4168116685439603,UNSIGNED,
F:\safe exe\v.net.exe,3b2817fc19be312bb8170ed7a380aaf7e63357972fc9c89686508ff6708d89de,520088,MALWARE,0.648017913712508,UNSIGNED,
F:\safe exe\r.external.exe,14c87eeae209acaf66c7bb7d48c7dbe263091379bed2a7c623ee54fb4ef21fbd,521061,MALWARE,0.5142205344396388,UNSIGNED,
F:\safe exe\r.slope.aspect.exe,ac78f824dfa53c5e29a82c64fca0f4ecd4194f09faad8e8033094e95c2e17b3e,522357,MALWARE,0.4232540773932869,UNSIGNED,
F:\safe exe\r.horizon.exe,ef1905388bc27b57e7045cf518e948d9bd41aa71e5bc12afafcdeb05925877e3,522728,MALWARE,0.5474266357314794,UNSIGNED,
F:\safe exe\7zr_523776.exe,108ab5f1e36f2068e368fe97cd763c639e403cac8f511c6681eaf19fc585d814,523776,MALWARE,0.6977624944202669,UNSIGNED,
F:\safe exe\pg.exe,fdd9ed7c3cbde165d5fd04c3de82ed7e5ee2997bd8720ab83ab2bf7ede60cb0f,529176,MALWARE,0.5715712544191508,UNSIGNED,
F:\safe exe\v.in.lidar.exe,22a2a937c523db537b38884d84b4bdb83546777972afb80cb97bd22ac217a25b,530051,MALWARE,0.641594160454726,UNSIGNED,
F:\safe exe\Uninstall_530341.exe,c52cdb3242fc6ac5bcd8ddf73cf125cada0c4ac4f19bebe88e123376659d30dc,530341,MALWARE,0.9993340932329028,UNSIGNED,
F:\safe exe\mono-symbolicate.exe,80e8bdd6123eccca98217232518a7b0366f2370dc334a071e50ca7db512d5d95,531968,MALWARE,0.9398215414515396,UNSIGNED,
F:\safe exe\g.region.exe,6855f334aafc3ec9e9477176c8c1e6394d07f017eeb86407e42f0153fa4d6952,533226,MALWARE,0.5674400953936692,UNSIGNED,
F:\safe exe\Update_A036EBAC.exe,a036ebac57e39ac537dc20ec5aa6f1f515fafc48795b7e66e6a1a05351a7813e,536064,MALWARE,0.9179764087079286,UNSIGNED,
F:\safe exe\Uninstall Proxyman.exe,545ad41c9260e1367e32efc54d68781152be93bd7b70dfb91081468864d4d5c6,536220,MALWARE,0.9989989131297781,UNSIGNED,
F:\safe exe\forestdb_dump.exe,1d13a0548875c74601cb7272a5dafabc34a94c5836f1eac9fbaac67f14f1d566,537600,MALWARE,0.6071731359268022,UNSIGNED,
F:\safe exe\Uninstall_0325CAAE.exe,0325caae308d73fc6f7b3e3a3de21fcdc4ffd18e76230ae8ee8928a56999b6ca,537656,MALWARE,0.9997896817583622,UNSIGNED,
F:\safe exe\STVUSBUninstall64.exe,5af2eb82a4b2e9af8da759c4ebe07a08b717c7e4f56c044a7d5e6901f581bdad,540672,MALWARE,0.9161604926403368,UNSIGNED,
F:\safe exe\psql_66FBFEC1.exe,66fbfec1489e7c3dd085c731a9350b9482f1cf803da9e1849f95a2695944697d,542208,MALWARE,0.8806639272978323,UNSIGNED,
F:\safe exe\r.sunmask.exe,3bd50d6857a10e0b33d06b91fbd2c8f9d573828dcc330a962c5f8672c620da7b,545507,MALWARE,0.5374447698737622,UNSIGNED,
F:\safe exe\r.in.gdal.exe,86ad2892c4f4d4bb1d613642764add1505f2b9a4357d73ab42c463c3a87d1271,547036,MALWARE,0.6025264064447299,UNSIGNED,
F:\safe exe\i.smap.exe,4025a911a41696e94cdb6b9a4c2a3b349c87ddc986604ebe14b4c6fe6058e23e,547683,MALWARE,0.4360425599403259,UNSIGNED,
F:\safe exe\gpgsm_F2E4C7BE.exe,f2e4c7be0fadd406db6e4cf56249ca631a46d1f6ca3d2a280698baf5e067dc68,548864,POTENTIAL_ZERODAY,0.0020104174139054685,UNSIGNED,
F:\safe exe\openssl_4940B4EE.exe,4940b4eed34f5a463ac349c3a3e394d9419677e37143e8e02d7217db41e44163,549376,POTENTIAL_ZERODAY,0.314648624893469,UNSIGNED,
F:\safe exe\Uninstall monday.exe,475b4a747d2ee7b7985287f08ebc7205f61ab6ab05b6c095dcd277f3ba4856d6,550160,MALWARE,0.9959263272259897,UNTRUSTED,monday.com Ltd
F:\safe exe\llvm-strings.exe,4d53927edabd05c9b2bb48e1692eda6fdafc95780f2a914e7b777e27bdb5cc02,550912,MALWARE,0.6193045759013418,UNSIGNED,
F:\safe exe\7z_8CEBB25E.exe,8cebb25e240db3b6986fcaed6bc0b900fa09dad763a56fb71273529266c5c525,557056,MALWARE,0.6891203842719325,UNSIGNED,
F:\safe exe\pg_archivecleanup.exe,afee0e2f0ee67856488c9e7e59aaa8bdc449a294568edbad4dfb56d25712abe1,557249,MALWARE,0.701212366752539,UNSIGNED,
F:\safe exe\initdb.exe,71b350c61d90bc1e57271612e0f129fe94e4894cd19f534953928ee98d48318a,557517,MALWARE,0.8517812105642584,UNSIGNED,
F:\safe exe\designer_5F0F1400.exe,5f0f1400770331031db08e7b85f30c472a30540b2182d663c80a9495840b3249,557568,MALWARE,0.899580309573755,UNSIGNED,
F:\safe exe\qmlcachegen_78F74C80.exe,78f74c80f4c963f434a4a67c4cac35579fd03ff68a1abb57327d8d3013918237,560640,MALWARE,0.8096345517132797,UNSIGNED,
F:\safe exe\re2c.exe,da0d06709b040060f697508a2367ca86034647da706268cf400af781d73c30d4,564736,MALWARE,0.9682164005333403,UNSIGNED,
F:\safe exe\r.in.lidar.exe,1510c8f118d9625e3a49aa2398797bf5839115dda0c1340547e9d98050dab906,565377,MALWARE,0.40085553866873713,UNSIGNED,
F:\safe exe\depends.exe,57c483dc985a9757501993e969c2a7043c26517f97fd49a42b33d2d6a4193d8b,566272,MALWARE,0.809716031547976,UNSIGNED,
F:\safe exe\designer_233110AD.exe,233110ad54013a8de95e166717384c97944b30ba03afa1ee5fe6a43e0b9cca0c,567296,MALWARE,0.8425266257413822,UNSIGNED,
F:\safe exe\qmlcachegen_DF923EC1.exe,df923ec1bfcd40158718ed9f26b320b75eb7141197cf5c5e460e2486968a74ea,567296,MALWARE,0.8621419029993039,UNSIGNED,
F:\safe exe\snoretoast_F9055D8E.exe,f9055d8e34bde7ccaf2e0a80d0f84fe8a4990d930761bcbf39cd971afe80648d,567808,MALWARE,0.9809685248297006,UNSIGNED,
F:\safe exe\win_flex_D370F188.exe,d370f1880fd7606325aefdf1bc10a0023187d63eb70455630550b609ff06cc46,569344,MALWARE,0.9737717133893695,UNSIGNED,
F:\safe exe\ninja_68865C32.EXE,68865c3276d449d746cea5065fdec2baf755d7813e161ab04205b0907b2629b8,569856,MALWARE,0.9782873314767148,UNSIGNED,
F:\safe exe\gpgsm.exe,efcab702d47b7a868427aa77de51f191c9187642c22078bf0e66384746ca6407,570204,POTENTIAL_ZERODAY,8.599631223359336e-05,UNSIGNED,
F:\safe exe\execution_wrapper.exe,d6c85552645e1c411b8e691366b2db40c38f5bde699afe275c7b51ed0f68a2be,570790,MALWARE,0.985204707370814,UNSIGNED,
F:\safe exe\Spark.exe,84eb30826f625f54e094fe8b5c1dd5f91bd123794f1033c314916e75cbc6e5d9,570880,MALWARE,0.998738274467374,UNSIGNED,
F:\safe exe\uninstall_FA50A646.exe,fa50a646f53ce524913d48e71fe9043bf2dd8e590eb083038701bb7276ac7fac,570880,MALWARE,0.9988673934409957,UNSIGNED,
F:\safe exe\7z_4CD7D776.exe,4cd7d776c686427226a151789d2d61f0b2ed2c392148cc4e69c0238362fafecf,575488,MALWARE,0.43057130994271253,UNSIGNED,
F:\safe exe\lldb.exe,414b5463e2d2be0a72dd6e219a6f36925857e38b2712109162ccbebc1027d669,575488,MALWARE,0.715365742084035,UNSIGNED,
F:\safe exe\r.mode.exe,02597e87bfe0b7d0f548df57623b62a8f9803d8c67cfc763807f812aa82913ea,576219,MALWARE,0.42616485279594324,UNSIGNED,
F:\safe exe\kittygen_05426D85.exe,05426d8569e927e4ef119ba76f38bdb148d5787b26ec8121caa9fc91b85b3d45,577536,MALWARE,0.9995642823647904,UNSIGNED,
F:\safe exe\Ventoy2Disk_ARM_BA01004C.exe,ba01004c0adfc984fc4cd5741b6d8e0bb5ec035b7897726a0f450187094b30d2,578048,MALWARE,0.9885636313543862,UNSIGNED,
F:\safe exe\7zG_83478DFC.exe,83478dfcc72294768b40f7aa3bd9a5d23a31be06133c7decd0fec1c9713de35e,578560,MALWARE,0.801814383899087,UNSIGNED,
F:\safe exe\d.title.exe,e2c53b7369ffbae66c35b6078c6f7f86a3c5fe9e1b54729abd75372f9ba43b8a,578600,MALWARE,0.4129575070648083,UNSIGNED,
F:\safe exe\lupdate_15164DFD.exe,15164dfd149d9eb8b3b62a2c41aba23f92b447da18c45dc6342c07b4a7f72097,579072,MALWARE,0.4830277150512436,UNSIGNED,
F:\safe exe\BlueJ.exe,2aa238cf0176d1417f9b257b75e3d321686cb8140c2d1622834d717dd5fadf6c,581120,MALWARE,0.9994026485835529,UNSIGNED,
F:\safe exe\pcre2grep_430654B4.exe,430654b4bd8fbf8fb5f8d82fc9e7e84381a7e72947275af4fd44321ab090e1d1,581120,MALWARE,0.8755679416657769,UNSIGNED,
F:\safe exe\dump_pg_17.0.exe,edd80abf036c96630647fcd4c40d20fc6aa720dd46d7412944b9fc2916102975,582656,MALWARE,0.555313832769134,UNSIGNED,
F:\safe exe\nvptx-arch.exe,d3dc5b9b37f15be90b091d13635f4a99a8d5e71a5c6114ee5fcba04bcc65fa04,582656,MALWARE,0.9585547304340851,UNSIGNED,
F:\safe exe\7za_586240.exe,47ffbe04a61c9011badd7716ac7b3636c21eb6d0ced549607224779339764147,586240,MALWARE,0.9847880555241297,UNSIGNED,
F:\safe exe\wininst-14.0-amd64_0CF9864A.exe,0cf9864ae3a8679ed503f954a453452c93fa44f99ca6f39bbc5860abde7fd35e,587776,MALWARE,0.4143425233384915,UNSIGNED,
F:\safe exe\wininst-14.0-amd64_4C95DA91.exe,4c95da91fee63d827768a2cbf10070a47dc420ad362f646a5a5499545f635c09,587776,MALWARE,0.4285152713190728,UNSIGNED,
F:\safe exe\testcon_CC4C1B47.exe,cc4c1b472ab92cf4f0129748eb623e789932ce024e8d66308a800f360cb16cc3,591360,MALWARE,0.9662867437641084,UNSIGNED,
F:\safe exe\Signature Explorer.exe,7eccf01d2d12e409e51e7be2618d499f876623aec03dbdb484657eda374c9584,597504,MALWARE,0.999711632999819,UNSIGNED,
F:\safe exe\tracepointgen.exe,7b22d7b0b5ff93cc7963fb372b396ffb0a893a1aedda4116d9eca822f970fbe8,597504,MALWARE,0.9633314286693783,UNSIGNED,
F:\safe exe\i.cluster.exe,834aedd388f87a0f7f7ab19dedd14043d3e0a54fe86df9856a3cc242ade9c0d7,599582,MALWARE,0.41883173073085805,UNSIGNED,
F:\safe exe\pg_resetwal.exe,d69385b09998c264e255332969d3c37d0665f76d4a7a6a41beb49f7a153f0ca5,600305,MALWARE,0.7295402187779473,UNSIGNED,
F:\safe exe\7zr_27CBE3D5.exe,27cbe3d5804ad09e90bbcaa916da0d5c3b0be9462d0e0fb6cb54be5ed9030875,601088,MALWARE,0.7611676516518825,UNSIGNED,
F:\safe exe\Configure PeaZip.exe,e6f7d8aca8e1d4b967502e815223ca82b14bbd076a0ef18571d247cbfcbe2407,602918,MALWARE,0.9998330674800341,UNSIGNED,
F:\safe exe\pg_ctl.exe,ad64953a6c318c7a4f378cb657755c3687a88de809512eebc4e8c1f84f1dff60,603110,MALWARE,0.706043413791558,UNSIGNED,
F:\safe exe\mdoc.exe,0cf3220f90df54bf041464718735d515f3f2c956e7f6f61d3e1198d2b6b420a1,603648,MALWARE,0.6041042353533544,UNSIGNED,
F:\safe exe\ninja_E52A7AD9.exe,e52a7ad9538d9618c67a0bd777964e2eec8a30f68b810a2f6adce1f2daf847b8,603648,MALWARE,0.9947200407444214,UNSIGNED,
F:\safe exe\Ventoy2Disk.exe,aa194a077ff8b57db01ce51cf492201f708e66d89535e80df2748eb13f86b951,603648,MALWARE,0.9980992798066436,UNSIGNED,
F:\safe exe\xcalc.exe,f3370d224c67e97b8176ef1c5140776a072e5aaab47ee3d4a4f1a4fc4e9f41b2,612352,MALWARE,0.8795187522518763,UNSIGNED,
F:\safe exe\widl_582E7724.exe,582e77248f038723b3ee1af752687cfa5925470033156a09f114c517b4d7bfc3,613376,MALWARE,0.907585124274056,UNSIGNED,
F:\safe exe\uninstall_93B22C30.exe,93b22c30c85309c6e8c30110608f5d87393c8709b8f226d3a9ab8de643c6a49c,618837,MALWARE,0.9991419563325132,UNSIGNED,
F:\safe exe\Boostnote_572466A9.exe,572466a982256f54f5423a9e38bb2cb3442c9a0fb79ccdc5b4abf674ff302463,618984,MALWARE,0.9854461368984878,UNTRUSTED,MAISIN&CO INC
F:\safe exe\v.vol.rst.exe,ac864253ed3dbae9bcc9e36e99d5401c6e701410724defaa96e113b8b0d258f3,619643,MALWARE,0.5163609410138257,UNSIGNED,
F:\safe exe\qcatool-qt6.exe,4a65fdf40e3de96bd7b92a22005dd94dc83bfefb87ce3880e50ba733598323c7,621568,POTENTIAL_ZERODAY,0.014959587954069167,UNSIGNED,
F:\safe exe\Slideshow.exe,90ed0bed4c4ad50d2ad75e96f3cf4c6613c0f8fac8f99778faff4ce72be970d6,623616,MALWARE,0.9977797041579167,UNSIGNED,
F:\safe exe\diagtool_79285D15.exe,79285d15edcac41bdfe70ff7b97e3d1b63e0f88953a1b311ab41d81c4414563d,625166,MALWARE,0.8601037750183593,UNSIGNED,
F:\safe exe\RemoteVstPlugin32.exe,449efa6c0ca4f99ae6840f78c0511836b28a3f7c71dc683768a890484d8c6f7f,625166,MALWARE,0.9994536533417221,UNSIGNED,
F:\safe exe\dsymutil.exe,238d228fe2e6eace9c2a1700266669a97f183c5876511c7ccfe6d293b2cb1cc6,628736,MALWARE,0.9081338058490173,UNSIGNED,
F:\safe exe\upx_F4C0CC7A.exe,f4c0cc7aca0f1ff0d0b750e966b44139f2fa1a2db7281f48fc52194400712e1d,629248,MALWARE,0.999990584279173,UNSIGNED,
F:\safe exe\memcached_B4217324.exe,b4217324a5419e9c2aff3f98327bbae6e235779bb8f6080adf03701637c568a9,629442,MALWARE,0.9992185917301482,UNSIGNED,
F:\safe exe\obj2yaml.exe,f3b8165fbec942676176c52cf8b1909c6ea6809aefc65b3fd97662b26528d608,629774,MALWARE,0.9640435652161765,UNSIGNED,
F:\safe exe\widl_0257A1A0.exe,0257a1a0f6795210e5c1974ab73793d5926de30efc2f310f9366649d56b6ea9c,635406,MALWARE,0.9512507420724498,UNSIGNED,
F:\safe exe\IronRuby.Tests.exe,9944be31565cfb690ee119dd7fec0d0b120de449d04c4318178b943a8f28b963,636416,MALWARE,0.8734869680379522,UNSIGNED,
F:\safe exe\tracegen.exe,327ddfdd831d261ffabd4564ece7e697a7fd239caefd672be2d9be342b6729c5,638464,MALWARE,0.8836965102005151,UNSIGNED,
F:\safe exe\Ventoy2Disk_ARM64_EA3A20B9.exe,ea3a20b97ae44a42b4d6b6a79f7999b0ddc8837cfe6e3aa5203c5cd0fa75c8ec,638976,MALWARE,0.9241300403778001,UNSIGNED,
F:\safe exe\tidy.exe,a0047feb097747bbf8393f6cd6e3a849f8bb4227e5b6a401b858c7dd188c4441,643072,MALWARE,0.957919046440138,UNSIGNED,
F:\safe exe\QtWebEngineProcess_3AC5BB49.exe,3ac5bb495f2d10b98d276308d3a2559189e134ce116bbacd262b90f7eca6371b,644608,MALWARE,0.7904996972520778,UNSIGNED,
F:\safe exe\QtWebEngineProcess_3402B48B.exe,3402b48ba2771d6128290db0881baf3dffe6c593486a895201e0a404bf1a5ad8,647168,MALWARE,0.5318897551620434,UNSIGNED,
F:\safe exe\Ventoy2Disk_X64.exe,c459f07605e3e727cbaa7829d3118db6a03f035647ec0e6d7aa470ce46497288,648192,MALWARE,0.9941553354190374,UNSIGNED,
F:\safe exe\pg_amcheck.exe,66f36b12ddd547e6fa24538bfdf64f97ac11145c55e20a1390ac02d58fad0087,648330,MALWARE,0.7278256661925988,UNSIGNED,
F:\safe exe\pg_receivewal.exe,a0aae05f8ff5d829eec1b99209d15fb8dc07683743661438fdcfcc084ac3aa63,652298,MALWARE,0.7835346634236259,UNSIGNED,
F:\safe exe\pg_recvlogical.exe,96d7c6c2b53e81f1f257097056c82e8aba99bd182befedec3ee15f874718a15e,652316,MALWARE,0.7894835421676688,UNSIGNED,
F:\safe exe\cmake_automoc_parser.exe,89f864de2b2b21595943f378de5fc635de1910d3172a753c758a59f8ef177d4b,655360,MALWARE,0.9696008853228241,UNSIGNED,
F:\safe exe\designer_3CC6FBF9.exe,3cc6fbf937455c9221b6c767467c9566bdb2da87f9fb71907c6cba88c2e9f6e7,657408,POTENTIAL_ZERODAY,0.0016376615030539012,UNSIGNED,
F:\safe exe\pg_waldump.exe,36fc11a7c6cba66ed5923efa2e58045f3d8c956c0d8572d1bc20f161feee366e,657444,MALWARE,0.571430827655167,UNSIGNED,
F:\safe exe\designer.exe,e311315166dc94845af96ffc49107205841aaa58e7c5115d135d5dc559dee567,660480,POTENTIAL_ZERODAY,0.17356902910248376,UNSIGNED,
F:\safe exe\pg_verifybackup.exe,ce12919bf42c11a5af4979fed998529ec4bb0f760df8c376841253bd0b6d16dd,660511,MALWARE,0.6497953100996183,UNSIGNED,
F:\safe exe\lupdate_451D9BA0.exe,451d9ba0ad3de21f399b62da8ee903211cb1a5c0d9592c42ac58be00c4f40eb8,662543,MALWARE,0.7188461537956075,UNSIGNED,
F:\safe exe\ytasm.exe,5609ccc93caec4bd3b02e27c05329aea3d1c247d41282d295a9d5c2d319c8a14,663054,MALWARE,0.9681421865448261,UNSIGNED,
F:\safe exe\win_bison_3084ACB6.exe,3084acb68d67d301591f2f0f61fb50e4bcdcb865327286d0985db7ba02b06bcc,665600,MALWARE,0.9555299576541657,UNSIGNED,
F:\safe exe\yasm_2FC93CB9.exe,2fc93cb9cf6cf0c3b74b6d8bd3055b28f814f90d59a417762d4f6644c97e1d86,668174,MALWARE,0.9699752000626576,UNSIGNED,
F:\safe exe\vsyasm.exe,15a0ce61796081434836ee42a12436d3e0d2cd06f987bb41a0e92992c3af6bef,668686,MALWARE,0.9739975698216525,UNSIGNED,
F:\safe exe\Window Detective.exe,77b32980d491c32f020d05461b90550095bb050895e64e63a32756f17923aef2,673792,MALWARE,0.9995670537534976,UNSIGNED,
F:\safe exe\troff.exe,4260a9d2bf27c3fd98bca3798159522ae1efe6f432dc36ba520c62bb91a1fdd5,676371,MALWARE,0.4800164611423542,UNSIGNED,
F:\safe exe\crash_handler.exe,de1dfc90ce53f10fb3019d1add63be4859bd113a5b96551bbd7a58bc8297ee95,677760,MALWARE,0.8242797872016808,UNTRUSTED,Sublime HQ Pty Ltd
F:\safe exe\unins000_C9EDC522.exe,c9edc522310d2ddaa1ee9cac85f7099cca6799909b5843c944767c6e1bc56dde,685913,MALWARE,0.9990752767636899,UNSIGNED,
F:\safe exe\yaml2macho-core.exe,b941c91df7a1237437dc87a8a9e6addcaa1957f56fec43d8ab409b4924c87a31,687104,MALWARE,0.9060420903813933,UNSIGNED,
F:\safe exe\mariadb-upgrade-service.exe,ee8dc81f956dfdffa61e96d82a8bf59b08a1809abbdd7db24ba33d15a56d1719,694272,MALWARE,0.6736269841241457,UNSIGNED,
F:\safe exe\fig2dev.exe,781088ccf1c65436b83a72ca6e53875b1085a0a93dcafd7b7affb7345529640c,695296,MALWARE,0.9107904183892805,UNSIGNED,
F:\safe exe\unins000_ABE8B91E.exe,abe8b91e0a3cdc177d7bd6e8395cf84ed6aeca88d6632ac7e638afe3fb605c91,695578,MALWARE,0.9980344766160041,UNSIGNED,
F:\safe exe\ssh_C1EDC274.exe,c1edc2745f5508c3949ee2a366bbb7a6a797633c34fd4b233776dd1f1131bd59,695818,POTENTIAL_ZERODAY,0.0018516302399939413,UNSIGNED,
F:\safe exe\premake5.exe,14c0a09bb25d482cdfc78ba14529875d0a5877cb2edcc8eae82d419b040d0e02,697344,MALWARE,0.5260933385059017,UNSIGNED,
F:\safe exe\gdbserver_86A1B410.exe,86a1b410e09939d098233e2729faef270b19095aef7f2b60a71ce116243bd435,698607,MALWARE,0.6801699482810446,UNSIGNED,
F:\safe exe\uninst_E9DCE065.exe,e9dce065e2ce095c3d38ccf323a1f94f5cd0cfa37008238e963e6824691406d4,702470,MALWARE,0.9982821866376793,UNSIGNED,
F:\safe exe\scsynth.exe,1c0eff5e637bc2b114703b19700ef9f132364a8dbaf92d43d50a16c8838975b9,704000,MALWARE,0.9736105859873532,UNSIGNED,
F:\safe exe\my_print_defaults_705536.exe,dbd77abd11b159abe43b8892916d18c0c9c35ce278433024bf91254481cdf088,705536,MALWARE,0.4028500118209232,UNSIGNED,
F:\safe exe\llvm-cxxfilt.exe,4cb4a0f480bf11f91a7ac3c9c759dccd9a13c4d88cd7f3dd97d90727815db03f,708096,MALWARE,0.6237535237546987,UNSIGNED,
F:\safe exe\dd-compile-policy.exe,5fde6064ca0cbb2f8fa8d88b3f070327b7c81a9d5cf34a7f235c5f38eb7f33d1,713192,MALWARE,0.4156786817871981,UNTRUSTED,"Datadog, Inc."
F:\safe exe\unins000_338D67A4.exe,338d67a4c0b9e5262952e1fcdd943af3804690040b8fa5bf00ed22e53af28b5b,714526,MALWARE,0.998279119636048,UNSIGNED,
F:\safe exe\pg_combinebackup.exe,1b3e9a070196b37b4e8df8a5222f105a4c4337af2683610ec4f2cde3643d8c36,716287,MALWARE,0.4624209933931209,UNSIGNED,
F:\safe exe\unins000_45328794.exe,45328794382f9b12539e033e9d7088bd6d589475f4a916ab73c4d960703cbd67,716789,MALWARE,0.9985481789919013,UNSIGNED,
F:\safe exe\unins000_1FBAF460.exe,1fbaf460b95d1c10156e41dfea583dc33f947cacbd949ff920c53a4b49b4b5b1,717985,MALWARE,0.9980445394499384,UNSIGNED,
F:\safe exe\RemoteVstPlugin.exe,7f674a149f82bcfa3289d0d6d2696c86765e055d050ddcb8916025214ba5c826,719872,MALWARE,0.9996388949654093,UNSIGNED,
F:\safe exe\Cobian.exe,4e3a6704ba54271501cb7bf2c3567c359b4451158c6441e5db76a7d3c7e00ee2,720896,MALWARE,0.9999505422862737,UNSIGNED,
F:\safe exe\inno_updater_5893C68C.exe,5893c68cc92bbe2e0568119e0b764833e3619f9e89f9ad61ad1b28a3aa068806,721920,MALWARE,0.8548766842522676,UNSIGNED,
F:\safe exe\unins000_70D4EFE9.exe,70d4efe9538243cb7e1a2298276237985089f0811ede024d64356d83c4b2de49,725182,MALWARE,0.9972442760580461,UNSIGNED,
F:\safe exe\lldb-mcp.exe,efc5c17a368927c6e5277cac32d9612af596c21a77dc6d66f56d52e9d78dc0db,725504,MALWARE,0.7276279411721802,UNSIGNED,
F:\safe exe\winpty-agent_34871F73.exe,34871f73f471c2240bd2b9d08d6ca7f0134fb41b9aa8eafaab5468a8c8da71ef,727552,MALWARE,0.7998683589362969,UNSIGNED,
F:\safe exe\winpty-agent_727552.exe,9add1a61155ec47cf6f347faf776b746eebbde1dc9360d81b8a909da34650642,727552,MALWARE,0.7998683589362969,UNSIGNED,
F:\safe exe\unins000_B566E38A.exe,b566e38a1f04127f48160c5eec830d7fc72a14aba4a31728ce2d41aa38e21e86,730789,MALWARE,0.9960252120487053,UNSIGNED,
F:\safe exe\bsdcpio_4B80283C.exe,4b80283ccab653ee60e5a0b87d04e97b9d62c39080e96d4c7cf7dceec2144651,731648,MALWARE,0.7194402323419262,UNSIGNED,
F:\safe exe\mbstream.exe,08ea64479ad1f7e2489c6219d1ab11b3af58f08464daa2883d89761f64dba180,734208,MALWARE,0.4326349346655508,UNSIGNED,
F:\safe exe\bsdcpio.exe,e854d8a969cc56144590c0bd557b6941518d9d44368b0383e24c119627b22da8,735744,MALWARE,0.6614083477314581,UNSIGNED,
F:\safe exe\pg_rewind.exe,97cac93c48ef48fda295ea3a6e14a8e87e2d505ed0dc3fc3cc3b9a5bbcae7a4e,738476,MALWARE,0.7923804436704088,UNSIGNED,
F:\safe exe\ewfexport.exe,cc69da0e84baf3092e8ba984c1fb85073e69656b6ca72286b801a932ce104d8c,743424,MALWARE,0.942123995139022,UNSIGNED,
F:\safe exe\crash_handler_8D142845.exe,8d142845ca4c2c7c3d2b6aeec72eb1bcbe2d81678e17bba3b667b91788f744fd,745408,MALWARE,0.7736884243056665,UNTRUSTED,Sublime HQ Pty Ltd
F:\safe exe\ag_6662FBFE.exe,6662fbfed2c6393f5094bdbe65bd155330a79e0c93b3b625e48007f2f3dd284d,748544,MALWARE,0.99752622729892,UNSIGNED,
F:\safe exe\pg_basebackup.exe,79abc69b38426afe6812d9da3777b1ff1b07e898b6bc61dca5712b8c67fb95c0,748831,MALWARE,0.7563677924543619,UNSIGNED,
F:\safe exe\pg_upgrade.exe,8ee5b036326b6d41699f61104f5c3a259f0924fce5c64a069720db2bf761e507,748994,MALWARE,0.8518366881839026,UNSIGNED,
F:\safe exe\llvm-objdump_14BD15A4.exe,14bd15a4657d62e1b622210b1f9b91d44e17210a8f638684dc3d7e4c1fd9f8de,750606,MALWARE,0.9369503969304133,UNSIGNED,
F:\safe exe\cwebp_6A2F5CB5.exe,6a2f5cb5dce71366353ab1d9caf9c636e039f25703acfce1c148eed346f2f72a,753664,MALWARE,0.9994163974668369,UNSIGNED,
F:\safe exe\Brotli_051B863C.exe,051b863cdb5cfdcf6b1785986b8b5ebc21f9b0ed895e29ce192010cc1790751b,758888,MALWARE,0.6243285645401035,UNTRUSTED,PROGRESS SOFTWARE CORPORATION
F:\safe exe\llvm-pdbutil_E0AC2C53.exe,e0ac2c538f49e81244ba758cae4714813017d40fc53fda5cca2369cf0fa31f9a,759310,MALWARE,0.6526033772436372,UNSIGNED,
F:\safe exe\gdbserver_F254FE86.exe,f254fe8673b207ad1ce686b91ed520212586bd054005b785001e32db0b220617,763406,MALWARE,0.9966268206909783,UNSIGNED,
F:\safe exe\ai-prompt-logger-native-host.exe,48ecc119cb9cb1987471f2e579b4868439ccf7f8a30e23228663cd18218e7338,763552,MALWARE,0.4366290841846698,UNTRUSTED,"Datadog, Inc."
F:\safe exe\bsdtar_A3A3C171.exe,a3a3c1719068d5a356a45b7a4462bcabaf07e4024c7bfb19e9aef0bb2e4c8dd5,771072,MALWARE,0.6385064679511887,UNSIGNED,
F:\safe exe\NetTime.exe,d06598f2f203cec7a7a3857f727bc2ba457c1c0cef2787b90ce553407fbf8536,772096,MALWARE,0.9999214115482159,UNSIGNED,
F:\safe exe\bsdtar_CF76FABD.exe,cf76fabd245832fbcfee14d7fa01894854f616d4a7d005c6e7f567f874b7fedf,775168,MALWARE,0.787091631219283,UNSIGNED,
F:\safe exe\main64.exe,4000e6754037c29072acd2aebd106fd1158adea1501ae519de8034db3ad484bb,777216,MALWARE,0.9902279344359889,UNSIGNED,
F:\safe exe\main64_B2C05AC4.exe,b2c05ac42ad013b6dd4a58f9988f29cb2d2e9102475a07af4348a178ac54f6ca,777216,MALWARE,0.9902279344359889,UNSIGNED,
F:\safe exe\Un_A.exe,0b1787f74c0e2d41ee01f00e6f260a104cff603d71c6f5bac54f4adb98034ed3,777933,MALWARE,0.9845818543737969,UNSIGNED,
F:\safe exe\Task Explorer.exe,42d09c4a2a13e8498199d775f51150bc10141dbaea04ad32289240aba12b04d2,780800,MALWARE,0.9998589437927419,UNSIGNED,
F:\safe exe\clang-tblgen.exe,5c84b3e3149a015fc4af2d7419e529a615237ad244b11f415c1af0615909e701,782350,MALWARE,0.8154298237712758,UNSIGNED,
F:\safe exe\unins000_D44C563B.exe,d44c563bddd1f923047ee792e70056edaf2e3f8d98fbcd8cd1c26fe3c1f86121,788133,MALWARE,0.9957963492615474,UNSIGNED,
F:\safe exe\hashdeep.exe,8effd7f716751ecc6a8819766b6db4140400bb94a1243c37006799f16c756dd6,789504,MALWARE,0.9986648512725581,UNSIGNED,
F:\safe exe\untwine_378CF3B7.exe,378cf3b7b1446053234ec5eb3e3ac78aaaddfd35bc37fc280b0c6ddb174ef158,789504,MALWARE,0.4157948264354319,UNSIGNED,
F:\safe exe\AutoHotkeyA32.exe,0267f438033702c5664359a3f28efbd056a092caf67106d60f378f6a279ef752,792064,MALWARE,0.9997776918577386,UNSIGNED,
F:\safe exe\AutoHotkeyA32_UIA.exe,3e789db2608a8024032393a703d2b157ea75f48c7270994a61df164b7016ad60,793024,MALWARE,0.9994698708783483,UNTRUSTED,AutoHotkey
F:\safe exe\AutoHotkeyA32_UIA_0204D097.exe,0204d0973b63e33b452a83250422370dba9d93a9eafd3cea51b07f8e92e182f3,793024,MALWARE,0.9994698708783483,UNTRUSTED,AutoHotkey
F:\safe exe\testcon.exe,81ebd897b788a2dc7893df7c06e46f50675c4bfb554394cf20ddef1d3e454fad,794112,MALWARE,0.7677065424131242,UNSIGNED,
F:\safe exe\chicken-install.exe,bf7f481f233105231640cf9589826fddc9baaa67a7091d4e0ea9116c0233dd92,794549,MALWARE,0.7787262380622706,UNSIGNED,
F:\safe exe\awk_A4ADC5C3.exe,a4adc5c363d637c706c9e3c94d33a965640ae630bd5ab795c14c590da7b05729,795662,MALWARE,0.9978595057187488,UNSIGNED,
F:\safe exe\yasm.exe,3d13e2d42ea5e54beef62964f76a7c582d89e46978c5b3d4cbb0f118fc54aaf2,798208,MALWARE,0.8849007806793499,UNSIGNED,
F:\safe exe\crashpad_handler_E1EB0830.exe,e1eb08309dd8fb388431304f351b5a41c8740d6542b6390807fdaf43d5edf941,800256,MALWARE,0.887184503331097,UNSIGNED,
F:\safe exe\typemaker2.exe,26de61f36362f36767dc7ab6016b27716cf0eb2a8031c17d09dbeb82c8dc4f12,801170,MALWARE,0.779007439821795,UNSIGNED,
F:\safe exe\pg_restore_6F1439AF.exe,6f1439af566cc435c89f8089fd3d9101ec98c6c9943b57c2ca63ac9b5c4cc602,802184,MALWARE,0.65333087632999,UNSIGNED,
F:\safe exe\memcached.exe,74fbb886edfab9cd71129f882a79e2eddfb6ee6633c0b07914247e976560eff2,803328,MALWARE,0.5238616878208278,UNSIGNED,
F:\safe exe\qphotorec_win.exe,df41211693cb2d9c20b4cc601e271b471aa853e76797533301c6f78e36bd4e96,809016,MALWARE,0.798408019336269,UNTRUSTED,"Open Source Developer, Christophe GRENIER"
F:\safe exe\mariadb-migrate-config-file.exe,033db98e9af443aadb0eae9f6e9a83c782daaad8e92d0b658cc8507c1bd5e5d7,814592,MALWARE,0.47301244003156684,UNSIGNED,
F:\safe exe\unins000_815842.exe,e7c1d4c07728671c3b28295c863bbe681f962196c8a974eb4b3003540338aa04,815842,MALWARE,0.9994796278809732,UNSIGNED,
F:\safe exe\openssl_317FB242.exe,317fb242f6c21d0a92bf0d41d7ddda8e3bb5b5a570021f5df9d3474698d3d491,817152,POTENTIAL_ZERODAY,0.013013927943250951,UNSIGNED,
F:\safe exe\openssl_1FCF1D24.exe,1fcf1d242cc111aab30eaa146adee39ce7413f34978f9546050855f501dcba71,817664,POTENTIAL_ZERODAY,0.012463147897752257,UNSIGNED,
F:\safe exe\ospam.exe,f3871ad3b115f2290b33d2aaf6e3fab11e3f5e594bdda80d5f210ddcc5748756,818571,MALWARE,0.9894081143788078,UNSIGNED,
F:\safe exe\openssl_90CBF36B.exe,90cbf36b8ffb83068793a6dc5bb93842061368837fcdb30b2686bfe13569e555,821248,POTENTIAL_ZERODAY,0.24590986502545403,UNSIGNED,
F:\safe exe\disablekeys.exe,acf6f1568272f32994d9b1f51151379fff75255b9277c37652b7ccb4ea4c1522,824832,MALWARE,0.999089952976481,UNSIGNED,
F:\safe exe\wenativehost.exe,fc6e4e2857f30daf58459c5fa414c01616c3866a284c5b0e8844c690b375fa01,825856,POTENTIAL_ZERODAY,0.03909562596737961,UNSIGNED,
F:\safe exe\pgbench.exe,3f6b07508c1044579bfcab5f111a8f95a6e1cf42ae4f18d1f947b1fb8e5bfe17,827076,MALWARE,0.7513193620997589,UNSIGNED,
F:\safe exe\idc_161BDBEA.exe,161bdbeaa6e877e16b8a6ed6d3b1777c193cc7bc8306407e5243cc47ba42b86c,830976,MALWARE,0.9164631130444674,UNSIGNED,
F:\safe exe\texconv.exe,61628997fc723a273627f4f8efc63ffae1f45181925571f7e8764d8a45cccf6c,834048,MALWARE,0.6919800056519805,UNSIGNED,
F:\safe exe\isql.exe,436a508ed1aacd10ce83d8bd337b496fa4a7bd8c8a652f50e88224a3310993eb,837120,MALWARE,0.51167218979596,UNSIGNED,
F:\safe exe\MultiUpdate.exe,af5979b6760fb0f8a15696ef7a483d4d5512f95aa833d947e6158829d655bd6e,840704,MALWARE,0.9820834059444363,UNSIGNED,
F:\safe exe\helper_2C356936.exe,2c356936c53ea52a4cd2c0ae4ac61f84a0f843802d983bd364afd3a7407c2e59,842441,MALWARE,0.9985292824268891,UNSIGNED,
F:\safe exe\osx.exe,07626c9905f0eaa2f6c8658c12846ab22c44b529e2d6048367cefa49ccfb57fa,845551,MALWARE,0.9879397834763262,UNSIGNED,
F:\safe exe\llvm-rc.exe,ba8699a11ab87daebf6cd4dca73218c5cbb1176ddf012b6dc75dba90e5332440,849920,MALWARE,0.82363211443033,UNSIGNED,
F:\safe exe\gdaltindex.exe,e2ecc6a834d6da7b34986ca92c3d444866313cbceaa6e0e1c75c5874bba96fa4,854016,POTENTIAL_ZERODAY,0.000953200731982057,UNSIGNED,
F:\safe exe\bash_854035.exe,df601377e3c85f60df06a5a1b3be87ec2b1892580be86bd39d51e42c03bee2b1,854035,POTENTIAL_ZERODAY,0.010438764889465893,UNSIGNED,
F:\safe exe\gdaldem.exe,46acb6f1fda65c824c35488afa29c1dd32786d472fa6650e6ead8aa570c45693,854528,POTENTIAL_ZERODAY,0.00103866514886539,UNSIGNED,
F:\safe exe\gdalmdimtranslate.exe,ee0031716ca51985e401bb229404e0e7df747578b6b5f5eaec01491e82717a8a,854528,POTENTIAL_ZERODAY,0.0011104813221564929,UNSIGNED,
F:\safe exe\tesseract_FE175BB5.exe,fe175bb55c0247c58a7a3bcd73fe5ea013ef4194afa2b1766a1411ce66571fa8,854704,MALWARE,0.9938915160574449,UNSIGNED,
F:\safe exe\CCEnhancer.exe,4d025fad652ec6b890883f64e617f1e5dccfbff0dc857631695c6cf4315c1c23,855552,MALWARE,0.9986519764399375,UNSIGNED,
F:\safe exe\gdal_rasterize.exe,f6bacf4cc044169e7703dab0fca72ae86651e88c04a94180cc43b2a0cf836c21,855552,POTENTIAL_ZERODAY,0.0006764624894295533,UNSIGNED,
F:\safe exe\unins000_74B6DDAD.exe,74b6ddad9928e568622df89e7f3efba9dae96ad444d601ff3365ec2d98990032,855717,MALWARE,0.9989656157688286,UNSIGNED,
F:\safe exe\ogrinfo_C70B00EB.exe,c70b00eb3dba14f8110cf81678a8f0861e35917cdacaa191579eba2bc4df89ae,856064,POTENTIAL_ZERODAY,0.0013397035787883636,UNSIGNED,
F:\safe exe\TiDy_619AC8BB.exe,619ac8bb4438eb33b046b09c5726a6efb7d516228235a7e18ffc6e43866d76ac,856064,MALWARE,0.7680951089240659,UNSIGNED,
F:\safe exe\gdal_footprint.exe,5c1100d0fa0c2267393e27ac0e9239480a4e66384775fe919999236a06e183bc,858624,POTENTIAL_ZERODAY,0.0011004471277801903,UNSIGNED,
F:\safe exe\ogr2ogr_43CC4DFE.exe,43cc4dfeaeb7e647fd4ab5343986247ceff3a1bf3a1df56765ea1d91ac975550,858624,POTENTIAL_ZERODAY,0.0008911720395437018,UNSIGNED,
F:\safe exe\brotli_1F91D8F4.exe,1f91d8f4575482373ad7d3b7bbddbfbedc7e69ed2ee2725ac12d14a13daa624b,861696,MALWARE,0.682965416587713,UNSIGNED,
F:\safe exe\gdal_translate.exe,b1390dc4dc290fa5fdef86b5ca81eb007a6dd702a6585d8be976c36f5a448f34,862720,POTENTIAL_ZERODAY,0.0008320248701114488,UNSIGNED,
F:\safe exe\gdalsrsinfo.exe,c1d9806815bcafe17a064e2fc7b76d44ea4af173c63cb50dc9c1e4091798ef3e,864256,POTENTIAL_ZERODAY,0.000678381124230673,UNSIGNED,
F:\safe exe\tracegen_A0BCAA53.exe,a0bcaa5389d44d94b129fa2b67e57e09c1b5a00d1495621f0c85b88ab7d349e8,864768,MALWARE,0.9579666553589972,UNSIGNED,
F:\safe exe\pestudio.exe,137296fc58b67b28e67830576ff1dde4fdcd68228066af39a642b0cf7b1387a0,865280,MALWARE,0.9908103198463805,UNSIGNED,
F:\safe exe\7zFM_0562BF17.exe,0562bf17f694871bc57d76fd5aa7dedcd1fac40d101fbb924d4b4be9ba35803d,865792,MALWARE,0.6502564002645312,UNSIGNED,
F:\safe exe\hashdeep64.exe,5f52886614de94f51742051a3f6a89872901d0286febde13abdd997997124ae9,868864,MALWARE,0.9841568221732918,UNSIGNED,
F:\safe exe\photorec_win.exe,6d8b94a72a61b13560ad60f0b455597524e16bf3f53b7a2977ca798ee9109cc4,870456,MALWARE,0.46298945486817905,UNTRUSTED,"Open Source Developer, Christophe GRENIER"
F:\safe exe\nimgrep.exe,ec37fee82167e1829019c2593d5efc285f8f5a4fc7342b28bf0449ad0b851012,873049,MALWARE,0.9776336866949461,UNSIGNED,
F:\safe exe\qemu-ga.exe,caa18790666e7489d84f64c6db98daf9884b72917b22d1b27b57fa008c23cada,875656,POTENTIAL_ZERODAY,0.13968653860749003,UNTRUSTED,Universität Mannheim
F:\safe exe\redshift_2F027626.exe,2f027626c5cfe8d21e52c37406f5e23735fa84ecf219993f8fe11d240aac90f3,876481,MALWARE,0.986359854712397,UNSIGNED,
F:\safe exe\assistant_D065AAE1.exe,d065aae14df05c1a7a6eaa7b50b9bb4c23cdcd03faf783386c7efd440893bfc9,882176,MALWARE,0.8974942322316289,UNSIGNED,
F:\safe exe\assistant_11190129.exe,11190129db4664ceb6a6c957dbe08fdb48cfdae080142a56b9f0c48e6fbc1534,882688,MALWARE,0.976041821370274,UNSIGNED,
F:\safe exe\gnmanalyse.exe,b4f9ffe109e44e9bd01f51c2dbb5fe8e5bf56fcbb34d534c31946725d3733c7b,888832,POTENTIAL_ZERODAY,0.000963175235642943,UNSIGNED,
F:\safe exe\SourceTree.exe,7494d9c670eba557d81d349f58c36cede1632c9bb4542453625490be3bb99150,888832,MALWARE,0.9803860124140773,UNSIGNED,
F:\safe exe\gdal.exe,54772ad03296a6a87f4b606245b190b3752fd06d2e65865948d1c36da930da83,890368,POTENTIAL_ZERODAY,0.0011198531014152207,UNSIGNED,
F:\safe exe\PE Detective.exe,3eb43ab5bca1eff1be363188f8354d22436b8c57d42a6ee6c202320d2a78183f,897024,MALWARE,0.9994199986906902,UNSIGNED,
F:\safe exe\gdal_viewshed.exe,af0098da25758343689d1cca0005bddc5ea37b4f0a17ebeecc78452ee9b5c9af,898560,POTENTIAL_ZERODAY,0.0014195024333104969,UNSIGNED,
F:\safe exe\gnmmanage.exe,ebc9c84c830dd846d2ef852e6b29105be7d86a71cda383f93804cc7598091605,899584,POTENTIAL_ZERODAY,0.0013400973143142178,UNSIGNED,
F:\safe exe\gdal_create.exe,f80f011a5bfa8389ace5fb1027e178a6dcd6993f92577f3e23b532ab96a7a418,901120,POTENTIAL_ZERODAY,0.0015842642542473369,UNSIGNED,
F:\safe exe\gdalenhance.exe,e91a1194edd67469d05b2208181c3f1684301e50937c0cd63bfc9820d49a7437,902656,POTENTIAL_ZERODAY,0.000822953385940125,UNSIGNED,
F:\safe exe\vbsp.exe,d93e6a94479cb7cc824cb66633bd09b8b259a79c684ab86c853a6c5966d6c4ab,902656,MALWARE,0.5797997561154105,UNSIGNED,
F:\safe exe\avogadro.exe,e4d3115f9b300ad2f81b6517df3702de9a5e1eec9ea0eb4263add72d83ca1ac8,903168,MALWARE,0.9769967185909036,UNSIGNED,
F:\safe exe\rebase_431F5445.exe,431f544556afa0c06dd1ad1ee67a017d9b27c66342dae9df0f0137e40368995b,903699,MALWARE,0.41297390768025727,UNSIGNED,
F:\safe exe\sozip.exe,37264c60d79de652b46bd03d90057be57927097bec40ee69c7828b4a8ffff55b,905216,POTENTIAL_ZERODAY,0.0012771937599463366,UNSIGNED,
F:\safe exe\avcexport.exe,4a8e3712c93aa66b492c6df6571740c15ab426e66168f0028575387d468789df,907264,MALWARE,0.9615770927944759,UNSIGNED,
F:\safe exe\xclock.exe,87dc2be8b315672fd8d59e098fe72fd8b54e3ddc02538c37fb4dd291c3c2f07e,907776,MALWARE,0.7257485437747273,UNSIGNED,
F:\safe exe\gdallocationinfo.exe,79fd5d6813a3e0140fb8a11c65a9f54d24cac595357f34609b58ccf1e002355d,910848,POTENTIAL_ZERODAY,0.0025399371981980378,UNSIGNED,
F:\safe exe\smartd.exe,1b40bb4caf95327fc99ebf4ba78cb46bf96d8ce7acc43e6a4f7d1f27271802b7,910848,MALWARE,0.9481953601909471,UNSIGNED,
F:\safe exe\sendrpt.exe,36a395ca75e306333abf419786b356dda74f989475fc81c809baf7f524cea4e5,911872,MALWARE,0.7364096638703946,UNSIGNED,
F:\safe exe\AutoHotkeyU32.exe,993fcb15d8eb9197f71826d7b60ba86ad407c2c3d31801be2a7e4bac8e1abac3,912384,MALWARE,0.9993207294565092,UNSIGNED,
F:\safe exe\AutoHotkeyU32_UIA.exe,5b293af8350b2067f8677c80d632f79e072ab72d4abee2f4745a4c25fe40357e,913344,MALWARE,0.9985026172502447,UNTRUSTED,AutoHotkey
F:\safe exe\AutoHotkeyU32_UIA_B4EAB594.exe,b4eab594fa7d599c1f4eda580a4875b4bdab453c78b9dd6526e23f3c6a796286,913344,MALWARE,0.9985026172502447,UNTRUSTED,AutoHotkey
F:\safe exe\UpdateInstaller_769A8E29.exe,769a8e2962d6a9f36e4336739be21e640835027b9ea8da93ade26d1f9828f14e,921600,MALWARE,0.9999627661984376,UNSIGNED,
F:\safe exe\hexchat.exe,3427bc2a363a8e48f0a6529e029189eb1890d3c63625ae805aeca112d9404772,930304,MALWARE,0.7557817880878942,UNSIGNED,
F:\safe exe\kscp_B1445EED.exe,b1445eed69ffc987040dabefc49abfe89b1cd3991f5c09f241b82ba0545687ed,930304,MALWARE,0.9854109168858398,UNSIGNED,
F:\safe exe\ecpg_A40A7BD3.exe,a40a7bd388bb197f6ff231fb33c44bdae3f2bcd031b45f3a07141d0e8e6d0d46,931840,MALWARE,0.6742283107520389,UNSIGNED,
F:\safe exe\openssl_932371.exe,d4a222b2a42ce6d6b8bb2fe3e1e7590659ce076543ebd9cc9545db024c5239eb,932371,POTENTIAL_ZERODAY,0.0063692705995652184,UNSIGNED,
F:\safe exe\grep_EF730408.exe,ef730408456d620399fab0c639d53d0ec0c619a708e2191d220aa0ad9546e77f,933888,MALWARE,0.9896495762472642,UNSIGNED,
F:\safe exe\klink_29A28BE1.exe,29a28be1b5cd0de5109df2dad525f547fe110a2a98f351f9e786949f968587c9,934400,MALWARE,0.9700950280489774,UNSIGNED,
F:\safe exe\UpdateGenerator.exe,5321fad52c9596067d526f3414c6bf04c1421cee94eeeb193ab3cf02fb80a317,934400,MALWARE,0.9999581118592537,UNSIGNED,
F:\safe exe\ogrlineref.exe,aa74a01220783aa3b541697fa8afcb6de71f2fc1f7a179b6f1002700d4c7906f,934912,POTENTIAL_ZERODAY,0.0017547791398637444,UNSIGNED,
F:\safe exe\avcdelete.exe,e8b126a8ba186a16dedec7038897db9f0f86b6213fac592bbc5fdc0f058bdcf6,935936,MALWARE,0.9830763047463437,UNSIGNED,
F:\safe exe\avcimport.exe,7dfc44ea0f30dfea34750b48adf18dbbe07ac1358fbf623f85b0be583cd597ec,936960,MALWARE,0.9851312326231133,UNSIGNED,
F:\safe exe\ksftp_A6B29103.exe,a6b291037eac863fc4478870e216733376133b7aaa919bcbc8bd0108fdb3f412,938496,MALWARE,0.979264347886877,UNSIGNED,
F:\safe exe\sleigh.exe,af6aba8e660f57ae0af280e24e9b024098d5a30cbe418edcc252109e70cb785d,938496,MALWARE,0.9957713290558101,UNSIGNED,
F:\safe exe\openssl_1B662AF8.exe,1b662af8783a43bd18798e7894c9f934dd833c01d203371e8620ad7593ac2817,940544,POTENTIAL_ZERODAY,0.0012277799886134964,UNSIGNED,
F:\safe exe\pdftotext_8FE0AFB0.exe,8fe0afb0f326bb1a3a6bd8efc9f986400419456b9424598a9a748733fae61824,940544,MALWARE,0.9990791671086653,UNSIGNED,
F:\safe exe\gitg.exe,45c7835ac784472f1994f3e3271c0734c16bf2d68a90f76d1ffc96ddf0a5653b,942592,MALWARE,0.7245146681879772,UNSIGNED,
F:\safe exe\StartIsBack_setup.exe,155b7b5f9733c86d569d194257cd255cd38b84047502a2c28154b98a607759d6,945560,MALWARE,0.9983681584285994,UNTRUSTED,STANISLAV ZINUKHOV
F:\safe exe\jruby_670A2786.exe,670a2786a5330c8dcd0d38221adddeeb36d6c10ff9298300f95bf4745ec36a5a,960000,MALWARE,0.9841317875999165,UNSIGNED,
F:\safe exe\jrubyw.exe,4c13bfeb020a1f06ab339970c8b45f5d864dd76664de13e7aab7737e49a833e5,962048,MALWARE,0.9994630038683237,UNSIGNED,
F:\safe exe\Old Calculator for Windows 10.exe,ba3aa0c64894eb657392a4c0aba0058092fe29bd15356989347f7899179d806a,963096,MALWARE,0.9999569979140435,UNSIGNED,
F:\safe exe\icinga2-installer.exe,20615740cf8878dca17b3fceb3e2a006cefa905cffed9356945a5cd4138b2771,966144,MALWARE,0.7014299564764539,UNSIGNED,
F:\safe exe\readelf_EDE77046.exe,ede770466c187f4c6f978785562ba77c81706795c4cb3063ac69242a6db27402,974350,MALWARE,0.792827212384737,UNSIGNED,
F:\safe exe\AutoHotkey32.exe,cfa4775b267c527a2ea10d51b6010c0466d0dd92dc1795732e342ff4cae8a0f2,983040,MALWARE,0.9789126847307089,UNSIGNED,
F:\safe exe\AutoHotkey32_UIA.exe,7e15ef4c52202981ee2152d2a7dbb72f997ee08f1757b809225f229fa6c15616,984000,MALWARE,0.9735010583953898,UNTRUSTED,AutoHotkey
F:\safe exe\AutoHotkey32_UIA_57400EA1.exe,57400ea1e83f9e4d3c34135e07812307ce334d0ed574e581e7759f3f4099c6f1,984000,MALWARE,0.9735010583953898,UNTRUSTED,AutoHotkey
F:\safe exe\BlueJ_CC137B18.exe,cc137b18127df6961393a8a4370e6886df817c9fcf6aa9f608dd1d6f4c522728,986624,MALWARE,0.9988878821874291,UNSIGNED,
F:\safe exe\setup_BFF1A901.exe,bff1a9016fcf020b8e1e850e8781a65f85a7c7a883d9cc4f8b04f59053611d81,987744,MALWARE,0.9997116446894845,UNSIGNED,
F:\safe exe\PlayerPlus.exe,e621c38bad2a911d3fd00a4e34c528a56af01b742e2902ace375a1c09cf35e98,989696,MALWARE,0.9994834369311293,UNSIGNED,
F:\safe exe\nimpretty.exe,9c2fc45923b3e49066d0f4ea96ccba6a49434bb0b941d417143384f99c5d2d67,993852,MALWARE,0.9871030019897896,UNSIGNED,
F:\safe exe\kdiff3_6BBF9FCF.exe,6bbf9fcf1c8e2f0301ae1bc131ddf93d6082774bca32f13f5a33ec338d1829fd,996352,MALWARE,0.94782932344119,UNSIGNED,
F:\safe exe\PuTTYNG.exe,fe4748b5b538933442c5681f126090f87e56aa1f6907fea0c480497b9e4ee4a6,997376,MALWARE,0.9915946473559079,UNSIGNED,
F:\safe exe\mariadb-show.exe,92169ea85bdade27aa6a9036e4892f7b785f04fc3746b997c1812773ce0b4af6,997888,MALWARE,0.5891847425569293,UNSIGNED,
F:\safe exe\llvm-pdbutil_50E186AD.exe,50e186ad7f003dd39bfc10ce3032c38e2b75bccb5e3653f8c2c3c7c62d772128,999424,POTENTIAL_ZERODAY,0.15888365386103623,UNSIGNED,
F:\safe exe\windows-redirector.exe,84227e039fc684dcf0f2265eab75def06a893b0c091d6b59290cb1d4be6a1bf8,1000448,MALWARE,0.9217714913698055,UNSIGNED,
F:\safe exe\063e62dc_openssl.exe,063e62dcc027fc5dbb1343de631f02a9291f8b1df0b4e37012e49a03d525aad4,1005028,POTENTIAL_ZERODAY,5.174981598433157e-05,UNSIGNED,
F:\safe exe\openssl_1005028.exe,78340fb01dea2df5caab73dcf28833b31329226a4c9e02f717f1d399592265b9,1005028,POTENTIAL_ZERODAY,0.00010862146471778554,UNSIGNED,
F:\safe exe\genyshell.exe,6f4275fd5dc2ab4c582cc1e257db47fc851fc8140d398339b8bc01baa0e8e0fb,1010176,MALWARE,0.7538547770830955,UNSIGNED,
F:\safe exe\gcov-dump_F16DF2EF.exe,f16df2ef15c46c0264ec65c782489dfd850ac687bf45789efa4e6f8e025bc54c,1011712,MALWARE,0.9415487408664109,UNSIGNED,
F:\safe exe\mariadb-admin.exe,0f3537d1d25453dda5a8941fb5c161019382c514c4cd595047e666a546ed1f24,1013248,MALWARE,0.6166001948768942,UNSIGNED,
F:\safe exe\ndisasm.exe,81f1de14f5b2b4c443cc148897b6102fff67202789efca82c5b6e1b8b9c81e17,1013248,MALWARE,0.9212233306436804,UNSIGNED,
F:\safe exe\Task Explorer-x64.exe,867236f146ebc3b66733f242e717dab3e61128c16bb968deb63109da0caccefd,1014272,MALWARE,0.9993776814086817,UNSIGNED,
F:\safe exe\mariadb-slap.exe,1d24980d222990b71fd694832394ba7431d6807bb27fd0d78cca88ae8a5fe6f4,1015296,MALWARE,0.7649372509266757,UNSIGNED,
F:\safe exe\gdaladdo.exe,6afbb68b93cfaa35f8859c61d414aa9d1dce40a3125ad11622899e63ef500406,1017856,POTENTIAL_ZERODAY,0.0014118067245530502,UNSIGNED,
F:\safe exe\openssl_1019143.exe,c50fd3b840c9700228c64161b9b5581a6eec0736648a3ae16686462129cdce12,1019143,POTENTIAL_ZERODAY,9.935143780041917e-05,UNSIGNED,
F:\safe exe\Conflict.exe,26962913c630bb1160c5b382a0881bd1b54939e5bffb96fbce5aea867aad3a4c,1020416,MALWARE,0.9969457691440612,UNSIGNED,
F:\safe exe\psql_F2E884E4.exe,f2e884e4a00cb3373857ec02006fa6c837b3a9db9852988a2334cd64f1396dcc,1026088,MALWARE,0.9630894843371136,UNSIGNED,
F:\safe exe\jq_23CB60A1.exe,23cb60a1354eed6bcc8d9b9735e8c7b388cd1fdcb75726b93bc299ef22dd9334,1026560,MALWARE,0.8926467895875099,UNSIGNED,
F:\safe exe\importwizard.exe,78baf7527ff060d945a85a2b3de241c1e161d71c3dd201542e42f0bedd835782,1034240,POTENTIAL_ZERODAY,0.061136228715889494,UNSIGNED,
F:\safe exe\gcov-dump_60F5B41E.exe,60f5b41e06b91785c1a19464851defd13c98b619ffd45e7e31a3c148752b1ca8,1037838,MALWARE,0.9814656031614342,UNSIGNED,
F:\safe exe\ogrtindex.exe,def5a0e706c953868a23051cc6d61fdb2967413aff74e0e112df15a4e05f7cb2,1038848,POTENTIAL_ZERODAY,0.002867227397210724,UNSIGNED,
F:\safe exe\clementine-spotifyblob.exe,3326e7d4dc107ba1d8ba265fd881b7ca7116c45e7d2601fb8e8113d1c4238171,1039872,MALWARE,0.9976519322138143,UNSIGNED,
F:\safe exe\mamba.exe,2b001ff9186234a2851d4eb8452fab8de6086849764682e2735c631f91b27ec7,1044480,MALWARE,0.9850185541812163,UNSIGNED,
F:\safe exe\lldb-mi.exe,dd65d3c66617e441d5725ec24a05ac15083e1117781546b0a06b87d447ff9190,1045006,MALWARE,0.9086195287930081,UNSIGNED,
F:\safe exe\openssl_3FBFE9FA.exe,3fbfe9fa1fdfbae35980ce3b1e6f5a2db843a3d4d69b7d1c13168ec2f1b538a6,1046684,POTENTIAL_ZERODAY,0.007551914127496868,UNSIGNED,
F:\safe exe\mediainfo_1048576.exe,e28bcf9b230c537525e074fc82c84cf1df56f27dc3a05fc62615b9ddaceddd6e,1048576,MALWARE,0.9999534705247122,UNSIGNED,
F:\safe exe\RemoteZynAddSubFx.exe,a9c47d16ccb9a380958eccf29f4f230a0846079be6a1499de2c29871528205d0,1048576,MALWARE,0.9904094524899743,UNSIGNED,
F:\safe exe\openssl.exe,af187517ac31160bd9993253e0caaac6850046c139c6f7f3bfb22f67a8aaec97,1049756,POTENTIAL_ZERODAY,0.0018595057768504505,UNSIGNED,
F:\safe exe\jq.exe,414ec99417830178bd2f6e77fc78b34de3b12fc6b6c3229f07038c5811307124,1050112,MALWARE,0.9198755372932744,UNSIGNED,
F:\safe exe\openssl_1050780.exe,822034da8a01558c17cbe53f42f33985a6eaf7c89e21273779f9c6560d8c4d78,1050780,POTENTIAL_ZERODAY,0.002423376746669114,UNSIGNED,
F:\safe exe\moc.exe,323a374d2ed2264f226fa2da2ba65ca846d8a4c009c3e51cb5285b27163c868d,1052160,MALWARE,0.8594576587494721,UNSIGNED,
F:\safe exe\readelf_E97CB1F7.exe,e97cb1f7e56e6cd78aa31a3d4d6c950ee5ecc7326b672977ecc3c0f1860f268d,1053696,MALWARE,0.7457768473492847,UNSIGNED,
F:\safe exe\Shark's MediaInfo.exe,c045e0b9a7699df22d99de53e89efedda592e15dfce460d9cb839fc374ebd4b3,1054208,MALWARE,0.9973381043983949,UNSIGNED,
F:\safe exe\Launcher64.exe,abfc796551adf1dc23325ea767caa0bbeb5bc0c8373117844e27e5a5193c5e41,1055744,MALWARE,0.9995137169368138,UNSIGNED,
F:\safe exe\rcc_820A9A23.exe,820a9a239bb3ef226937a055f4d3f77c7b6af34fc2e49cacdaf216a1cfad969b,1057792,MALWARE,0.9823597444961053,UNSIGNED,
F:\safe exe\audio-info.exe,c1e22f214a4213ec15308cb0212e525fae527baee85da3ab87ac85d504ade4fb,1059328,MALWARE,0.9215858782942685,UNSIGNED,
F:\safe exe\AutoUpdate_934986C4.exe,934986c49ad3c5094db3c4d0d05af95156a793c4965c522dce3c0094801f4ba7,1063936,MALWARE,0.9996031047323053,UNSIGNED,
F:\safe exe\chrome_proxy_E2A69CC4.exe,e2a69cc4aef0f76f84440637c76c8ee8e9825d60e594bad4fb2832b08188433e,1065472,MALWARE,0.985149560838715,UNSIGNED,
F:\safe exe\hexyl.exe,9fa04c965ba6b670580e30f9395c87391fd83bb719d930fa503f92357f40a44a,1069056,MALWARE,0.9479788587922083,UNSIGNED,
F:\safe exe\supernova.exe,18842486ca224caa1406c3ade4622deb4744765b8e1c07ccaac0b91e29a72223,1072640,MALWARE,0.9091370036916416,UNSIGNED,
F:\safe exe\gcov-tool_4DF71CF2.exe,4df71cf258c876dd68284d9ff66953ae504106af57dc71dac9de7ec2c537387c,1073664,MALWARE,0.9384901630787718,UNSIGNED,
F:\safe exe\sqlite3_2E83130E.exe,2e83130e0099f492a75548d8376bacf92284c7bef15bdf3d362eff073ca1f2f7,1077760,MALWARE,0.9195775394955285,UNSIGNED,
F:\safe exe\readelf_1082880.exe,9af74a20f2d9b5035343e0e84ec4962d8ec62a742e529cc55af7db38c59c4dd0,1082880,MALWARE,0.506283359955106,UNSIGNED,
F:\safe exe\recode.exe,5977b3a17a79821fce32412eb2fb19603a34241592fb21d91eef28f76075da2f,1083392,MALWARE,0.99869200239453,UNSIGNED,
F:\safe exe\linguist.exe,f99d7d7142b5f6dd2cd5b5e9ae1e541c90f7cf02b8a113fcf6deb3b8eca9dc1f,1083904,MALWARE,0.6392745311299691,UNSIGNED,
F:\safe exe\About.exe,c810dca43e34317b5f8ae8e4c77276a545a5f934ffb76f1647aba8a2e257fba4,1084928,MALWARE,0.9985615591506225,UNSIGNED,
F:\safe exe\unins000_4D69A87C.exe,4d69a87c5ddc411bdebf3347b171f15e94f438710749c4813ca0a8c347ad2ba8,1085089,MALWARE,0.9996022646236513,UNSIGNED,
F:\safe exe\pg_dump_587F3F7A.exe,587f3f7a3e59ab17e6475a2e57eb55796d8627a5a90cbebb814c0101e7604d95,1087633,MALWARE,0.7470393351355852,UNSIGNED,
F:\safe exe\ManifestTool.exe,9ec06042bb813138a9b16e5a022cc80c429ac2336e88a728863861cb22f50041,1097216,MALWARE,0.9999867926362384,UNSIGNED,
F:\safe exe\collect2_191F8246.exe,191f824637ed6b5ff7173358dc44002c0f2ef72d896d057d9e6bfe5652e5b5a2,1101312,MALWARE,0.9630459734447802,UNSIGNED,
F:\safe exe\gcov-tool_8ADCF950.exe,8adcf95028d3b5fe7060c98d5fe42d30ccea40e76e4a6e227059c8bbb547a523,1106958,MALWARE,0.9857094300249445,UNSIGNED,
F:\safe exe\hyperfine_2E794ABF.exe,2e794abfb4f92ffcc2dbf993f6442923455a8939910ef759f67c3e95b3155b98,1110016,MALWARE,0.9979060813651647,UNSIGNED,
F:\safe exe\gpg_69A44C33.exe,69a44c330c28539f183148a79a84b36fde751cf9909ade3e921807f8e30d5c29,1111040,POTENTIAL_ZERODAY,0.0007193747461101535,UNSIGNED,
F:\safe exe\pe-sieve_1116672.exe,3fb0b6c407dff0fcfedc78e1cbadb936b46c7732a44bcfad5b6cc57c318c4e43,1116672,MALWARE,0.9953547686345771,UNSIGNED,
F:\safe exe\OLLYDBG.EXE,1a651ddcc2c9997524c4eee89e73b0f97b43478286cf2249926d728cce390eb2,1117696,MALWARE,0.9998872798053161,UNSIGNED,
F:\safe exe\HomeBank_E3846462.exe,e384646235457274659b203fe995431da1f1c8a4bbd0fbd4deaf409333a2a170,1120768,MALWARE,0.9474882630919607,UNSIGNED,
F:\safe exe\dxgi-info.exe,95c0764e4f20aa5cfc1ed5ecb530676a4078858cecd9a3b25c8fc2d2e12e51a6,1124864,MALWARE,0.9934006358057967,UNSIGNED,
F:\safe exe\koch.exe,112a9941f63627bc93bead7e2a96294a13edc01a03bcc69f5e88b85b3f164a4b,1125090,MALWARE,0.8132289809812414,UNSIGNED,
F:\safe exe\gcov_3D27CC2B.exe,3d27cc2b91a954ff71709181dc0376a1be2145b2fa18b03f03ac80d1e4caea6d,1128462,MALWARE,0.9731486765326447,UNSIGNED,
F:\safe exe\ndisasm_21FAB45C.exe,21fab45cdec8c56305aa78b47e8e9372dcaf70c7811f7ee7566691580e07bb87,1128462,MALWARE,0.9983863992566692,UNSIGNED,
F:\safe exe\gpg.exe,a5140c85353e8399da8d6bd7e3741524cd76a4e69be88af12042b1c9ef022984,1130330,POTENTIAL_ZERODAY,0.00011771146937688636,UNSIGNED,
F:\safe exe\cbService.exe,89c9242d0838551aeaf811f29b48b2338a05dc2f072a16a671d7b021d7b9c225,1131008,MALWARE,0.9998737983300483,UNSIGNED,
F:\safe exe\collect2_D87628AB.exe,d87628abca97c61b91ca5fe3bd9e29b4b23c336e13b3452228d9ad639b4424ea,1133070,MALWARE,0.9705318764075632,UNSIGNED,
F:\safe exe\win32yank.exe,dade5ae8b0bc1c029d18f260e30be1e89a3b9512bcc2904c038be75e80b02ff4,1137152,MALWARE,0.9952414062840367,UNSIGNED,
F:\safe exe\makensisw.exe,de0afba4a507749989172e54db3664e55f5437e5f719cda8f23f66cfa1cb1107,1139200,MALWARE,0.9980801329700443,UNSIGNED,
F:\safe exe\smartctl-nc_4B75CB9A.exe,4b75cb9a9c4be0afb3143e2a80696a7a832a0ac3dcd6961f55124b1c65dc6f0c,1139200,MALWARE,0.9693994752804246,UNSIGNED,
F:\safe exe\smartctl_CDD8EA13.exe,cdd8ea133bb5a62f67fc1684425c032f5e408621c6fd48ddbee73a9272510f81,1139200,MALWARE,0.8811742792370777,UNSIGNED,
F:\safe exe\llvm-PerfectShuffle.exe,fa5ab4ece6103f0a2bba4443741ee0ce1bbac24f4ab70d03d7ed2e61a67c9769,1139214,MALWARE,0.9905563891570474,UNSIGNED,
F:\safe exe\7za_1143808.exe,e20a0722dd93285470b0997f51c92ac8851f064ed599bf0c9ca93844281c9bda,1143808,MALWARE,0.595052487793152,UNSIGNED,
F:\safe exe\onsgmls.exe,405e0dfd177c8fe1ccebca87ecb18bc2bea8f5e6d4d3be30b53c7bf1f2c778cc,1144507,MALWARE,0.9868184474992702,UNSIGNED,
F:\safe exe\firebird.exe,263de9c9cc2e289ac5d53e7ac9673e0e5ec348975a2c4bce56a9cb9ae4989f98,1160192,MALWARE,0.7084582729924779,UNSIGNED,
F:\safe exe\c++filt_F86AE373.exe,f86ae37357de3041578de86252d4adf1024140a5e0847ce18b3e70cff5e334b9,1160206,MALWARE,0.9391490914531523,UNSIGNED,
F:\safe exe\cargo-clippy.exe,d2e4a82ae44b78ab9b218d23ad9a9284f3e71efde5573edaf3076cbbf2b9213e,1161216,MALWARE,0.9841243210212361,UNSIGNED,
F:\safe exe\cargo-clippy_3744AE99.exe,3744ae99e6c78ad36417749aff8b16c378fd095a0ad6112c11c09105e9ec3cca,1161216,MALWARE,0.9703542601094058,UNSIGNED,
F:\safe exe\size_A58AA7B8.exe,a58aa7b8377eb6fe6152624f34076a8edaa301ff975f3ff92b90282369c083ca,1162254,MALWARE,0.9390390881106511,UNSIGNED,
F:\safe exe\addr2line_35E47EE2.exe,35e47ee22d5366ec2c188cf67087c9d8e61de2f5d3108fe9c49ce9c24058d474,1162766,MALWARE,0.9346308738463479,UNSIGNED,
F:\safe exe\smartctl-nc.exe,3912249c3b329249aa512ce796fd1b64d7cbd8378b68ad2756b39163d9c30b47,1165312,MALWARE,0.9850776662995252,UNSIGNED,
F:\safe exe\smartctl.exe,b5db94e5082c042be44994b7a4fa8f7b5c8e713b2ab1c9a560d8f7a7995ea27d,1165312,MALWARE,0.9337762376933715,UNSIGNED,
F:\safe exe\strings_9A601200.exe,9a601200bdaf59ba345df37d58fc004f31f19d733869654912f373a12aa4b38f,1167886,MALWARE,0.9285966984201213,UNSIGNED,
F:\safe exe\cbEncoder.exe,b0af1890189146c6554f28e285b8f307051096fc04e0238496e74fe65504f0a4,1172480,MALWARE,0.9998542483192409,UNSIGNED,
F:\safe exe\vbnc.exe,310557d214652258065ff074b3e1d33e8ada5ad8da1f71b19b997a6e903cd41b,1172480,MALWARE,0.9868226642508557,UNSIGNED,
F:\safe exe\nm_E0A09012.exe,e0a09012f4a209075d511954470aa46693c3049dfb69e92d33e3cf7b9de75865,1179662,MALWARE,0.9209076795214856,UNSIGNED,
F:\safe exe\unins000_1179960.exe,b467beb5d6157147b956907f505c2a3e77031e5ee5a6c578acd939ccf700342b,1179960,MALWARE,0.9989342877975789,UNTRUSTED,Sublime HQ Pty Ltd
F:\safe exe\unins000_E6C889EA.exe,e6c889eab3d3dca0a7ab5a8f7640ff3c9d672e334894c5656c6acc0a67c5b3ef,1183089,MALWARE,0.9990089159608839,UNSIGNED,
F:\safe exe\windmc_91355F19.exe,91355f19d2c960c1a28394c2bdd1ff1030562d92cf2d85f304584dbe4f4419e4,1185806,MALWARE,0.904116152043533,UNSIGNED,
F:\safe exe\lldb_1EF88145.exe,1ef88145be95f657ebded9a363500480f1d55977b0c27f5cdf89cf00c16c3e9d,1187328,MALWARE,0.589059121348631,UNSIGNED,
F:\safe exe\unins000_A5AC7EE2.exe,a5ac7ee2add434af74fb3e1ab6ce51b54859e34bbf169826b05813f1e96ab0c6,1188232,MALWARE,0.9475073534282253,UNTRUSTED,Sublime HQ Pty Ltd
F:\safe exe\ar_188F0007.exe,188f00071740f516cafd0d7b14f3ad3874f0dd6ee6c9b064e2b3f4a95ae6b6ee,1190414,MALWARE,0.8702061193391977,UNSIGNED,
F:\safe exe\ranlib_841E6B22.exe,841e6b22e36141bad9e5eea4c248fe6ff6ade8bf54b27e2516bc5bdba0d3a98b,1190414,MALWARE,0.881400805429834,UNSIGNED,
F:\safe exe\zoxide_CA0DCE36.exe,ca0dce360d507a6442c6c7c03f7f72b39733d46330e9219e1a5ce5327349ab92,1194496,MALWARE,0.998824268482565,UNSIGNED,
F:\safe exe\unins000_A0A0F42D.exe,a0a0f42d3bb9c0b6b82af4cc7deedae831fb9c4477290f82e62934c41ef3d8e1,1196233,MALWARE,0.9987904709163394,UNSIGNED,
F:\safe exe\unins000_2C00AF81.exe,2c00af81fc84cf4cdd0a1a1b1881e97b3c63c225d3080ea6c655e09a860c4736,1197769,MALWARE,0.9990949634219818,UNSIGNED,
F:\safe exe\unins000_E96E0DA7.exe,e96e0da7492f2cea46158cc8fefd80b05de7ffc45b98ef9850a3c668d136776e,1198147,MALWARE,0.99823277144096,UNSIGNED,
F:\safe exe\unins000_1603630E.exe,1603630e4e4744df0ebcd646c61632bb166ba823320ba93dbf1b2c8ad084f2c6,1202385,MALWARE,0.995910734799672,UNSIGNED,
F:\safe exe\akelpadInstall.exe,0645a39104481fe716823a7df79461bb53d0c372beb01fdfde79d8dd3d3a3d89,1205230,MALWARE,0.9999809638290252,UNSIGNED,
F:\safe exe\unins000_1206993.exe,7e4d1d1ec3b6a1b3d5f33f640865581fa094a0ae8ac1423bb3cc8666a5b6509c,1206993,MALWARE,0.9960187520508896,UNSIGNED,
F:\safe exe\unins000_7366FEDD.exe,7366feddc96e7a08e5cca7416b1b6026ff9ed3e825ffb0fc392b81530f0b48a2,1209553,MALWARE,0.9937061051038792,UNSIGNED,
F:\safe exe\unins000_817A7D3C.exe,817a7d3cd372cdffbd8fdc6df0ceede4e9111e9dc3a924129bf074b33dd41e20,1209553,MALWARE,0.9937061051038792,UNSIGNED,
F:\safe exe\mamba_0AEDAF9B.exe,0aedaf9bc7b028570b5c859cdc00d84828920231a8754c8e60be0f462f65ecdb,1211392,MALWARE,0.9288144888798476,UNSIGNED,
F:\safe exe\mintty_1A9D8DA5.exe,1a9d8da5cba7dd0ec23a9cd36dd19d2b57c7ccb9292c36dea16677096f1145f6,1212416,POTENTIAL_ZERODAY,0.055790568708995285,UNSIGNED,
F:\safe exe\unins000_1220817.exe,1b309fa7426991ff23b101f9ff8ff3cddbc731b09d96c968d9aa8f39e8b3def1,1220817,MALWARE,0.996457355500634,UNSIGNED,
F:\safe exe\dlltool_32801C24.exe,32801c24f280ec4618420f3df1735d19f355450d4986438011a6b3e05be28fdf,1222158,MALWARE,0.9428235557227007,UNSIGNED,
F:\safe exe\cargo-fmt.exe,3eb9b94afb841b7dd95687a35fe815d592bc130961147213d4f2b5dd579597bd,1228800,MALWARE,0.9950827190166551,UNSIGNED,
F:\safe exe\cargo-fmt_4B429078.exe,4b4290781a80f7239fde55894cc34d0ec55e9b802f9faa5ae86f0e124963854a,1228800,MALWARE,0.9934122946842211,UNSIGNED,
F:\safe exe\gprof_F4027D03.exe,f4027d0377fd59e637bf4ff78cba6d7832094ba8d91be08bffaf80a56e06cdc1,1230350,MALWARE,0.984100255253179,UNSIGNED,
F:\safe exe\unins000_D3AD169B.exe,d3ad169b6199a44b2ffc29037c50e2fb168f3046c9d0afeabc767a92b7f75ade,1230545,MALWARE,0.9954977863566922,UNSIGNED,
F:\safe exe\unins000_8006AD48.exe,8006ad4860f93e301798e7e8b8a8e721eaabbd0a8bd1656c2518f5a5fc36b6b5,1232593,MALWARE,0.9982838584416045,UNSIGNED,
F:\safe exe\notification_helper_1235968.exe,ac921e773bc12febd177b55f6bd29f98d898a128738e55d9845f7dd77ba378c9,1235968,MALWARE,0.8324912785127484,UNSIGNED,
F:\safe exe\pdfdetach_93BE80C9.exe,93be80c9ce3fc632a2e0a54a525209f17d0a6602ec8ee87c644193db035a336e,1237504,MALWARE,0.9831748581654431,UNSIGNED,
F:\safe exe\mintty_1240595.exe,9d72cc74fa341d030780c88207c529b9522b42286c3228edc4413e8413445a1f,1240595,MALWARE,0.6097847603624758,UNSIGNED,
F:\safe exe\fitscopy.exe,4c78c7868f435e2b810f7ae6e945fbbd897f185f62b5fd3643ebec3df0a60bcf,1241600,MALWARE,0.9314673539766386,UNSIGNED,
F:\safe exe\windeployqt_8DB49DE8.exe,8db49de88dad303d4470a7540b588c6fad0b1cd40251d765a43f13fc570ceeb1,1244160,MALWARE,0.9782277414430094,UNSIGNED,
F:\safe exe\imcopy.exe,e13b08af24017c124fb211f06d7d90d5423e38562d95ee77cd30f5da383515a4,1245696,MALWARE,0.8877197260377659,UNSIGNED,
F:\safe exe\speed.exe,3bff131984ae488fc739267407ab098d11659245c400c306b740e3e25b61b821,1245696,MALWARE,0.8845955632157805,UNSIGNED,
F:\safe exe\strip-ansi-escapes.exe,ac6b05ae682c120778791eb942895db8fe1e513787c718df6996a3895d82c1c3,1245696,MALWARE,0.991047852410531,UNSIGNED,
F:\safe exe\cookbook.exe,930e3d406bfb7ed2fded5d651f82b5ea5e4bc2a4c8621aabdeb0a1f932be6cfd,1246720,MALWARE,0.9199791845695364,UNSIGNED,
F:\safe exe\Settings64_portable.exe,01d2455f0bf46cdb96bf7842f21a50695cb2c1d479ebc479e791f67068eb0780,1251840,MALWARE,0.99991268005927,UNSIGNED,
F:\safe exe\nasm-3.02-installer-x64.exe,0ddb40310861eb29f4d649feb9466779982a2d251c0db2b9cf0d21cf591171f3,1252120,MALWARE,0.9988803605254457,UNSIGNED,
F:\safe exe\unins000_222A5E83.exe,222a5e8319dd7b14697e39a4cf7f91f11e15dbe7155714675e26a51f0b5f5680,1253577,MALWARE,0.9989507768090996,UNSIGNED,
F:\safe exe\cbVitalFolders.exe,30a81605cb5ecec1029f5500a809027b4883ad34ddbb04fd6f4e3ccb02997518,1254400,MALWARE,0.9998383459099982,UNSIGNED,
F:\safe exe\unins000_1255633.exe,999564d1ad88b54f4890236e2ecb504828345222f188828a6be4901e1594975a,1255633,MALWARE,0.9978544464653071,UNSIGNED,
F:\safe exe\pdffonts_CC577D40.exe,cc577d40a6eea79118999ea082b4f98be2b61450df3c2a27b3f5418d87c5ae3d,1255936,MALWARE,0.9864179981556549,UNSIGNED,
F:\safe exe\uninstall_6E48C7A9.exe,6e48c7a94c709fb4d8dc280c256adbf9180a2ebbc3ad31eea0a39ec7f0a47bfb,1256448,MALWARE,0.9993266826631712,UNSIGNED,
F:\safe exe\mintty_9166D809.exe,9166d809da151a8299ee1759372cbdfc6ad16c21d8ed592b440f022b3f7ee0cb,1256711,POTENTIAL_ZERODAY,0.011880699549457327,UNSIGNED,
F:\safe exe\gpre.exe,075cbe0c46e6ad8e3c02fcbe99d831927184151baaf75fe8891860cfb541f097,1257472,MALWARE,0.682254947409058,UNSIGNED,
F:\safe exe\gcov_04FC0A2F.exe,04fc0a2f00012f928981f94ff350ddef246db3d268c52f79c6aa9a021fc9936d,1259520,MALWARE,0.9815805260695238,UNSIGNED,
F:\safe exe\linguist_8800F007.exe,8800f0078c649e171012caf4a3e4b84769a10247060c1709ca3e7c4cb4682ab9,1260032,MALWARE,0.9437917470174875,UNSIGNED,
F:\safe exe\pdfinfo_94877D50.exe,94877d50461fa96341666e01fa39f4d8774f7cb797c63a1adf031ab954b054ff,1262592,MALWARE,0.9878610824117346,UNSIGNED,
F:\safe exe\nasm-3.02-installer-x86.exe,97cbcaef6a01430ac413ead0b0e82878a258fac1c4b37b544a8d96bc21f8136a,1265889,MALWARE,0.9997128634006304,UNSIGNED,
F:\safe exe\linguist_D14FCF92.exe,d14fcf921086cccf9c5c8f7018dc7b140499fcaab90f5efbe2b8cb6c26301c60,1266176,MALWARE,0.743838026209879,UNSIGNED,
F:\safe exe\mintty_1266680.exe,c42538dcb59ddc4b46001d50480fb2c5962e957c3022aadc70a8ca0266221ff7,1266680,POTENTIAL_ZERODAY,0.00793534879266895,UNSIGNED,
F:\safe exe\windres_5F07803C.exe,5f07803c4cdd1348811f05ad74660d86f2342c8e4e277307b1f3fc086ca78701,1278478,MALWARE,0.9608337796817348,UNSIGNED,
F:\safe exe\funpack.exe,e4aa04b37e9267dd1a3fd6bc59973dca553e75011acaa9c6bff2baec3def2e17,1278976,MALWARE,0.9408901307667936,UNSIGNED,
F:\safe exe\mintty.exe,50c7249bd0aae9c50182cb4881f5b2cc2eb574bcf3b7dfe1e8f51a0634297e6f,1283298,POTENTIAL_ZERODAY,0.009255003958561723,UNSIGNED,
F:\safe exe\c++filt_5891EC55.exe,5891ec5573cb7dae9d0ea1f2161c3cb319a6d7200819ebdfd90f6d03dc334e5d,1285632,MALWARE,0.955475245224676,UNSIGNED,
F:\safe exe\fpack.exe,9768eea95920f7f9cd015c6300adf63df8fdb0e08814998283ef308cf6069fe7,1285632,MALWARE,0.8956275019818639,UNSIGNED,
F:\safe exe\addr2line_4A4268C7.exe,4a4268c79f2b1ace737be72f94de5688910cbac0b0773cba146d1bfc7fecb314,1288192,MALWARE,0.9639761754070632,UNSIGNED,
F:\safe exe\size_F1FE82CE.exe,f1fe82ce0e3c4a956e6261f547549a9671332b46ec93a662b5d02e1323f46965,1288192,MALWARE,0.9515575577972059,UNSIGNED,
F:\safe exe\dlltool.exe,e0873d701561544caaa59b80ba643fa72f2eecf11ccfca29ac83f05db2a8fa01,1292800,MALWARE,0.9836319216836354,UNSIGNED,
F:\safe exe\strings_3C5A3106.exe,3c5a310678abe466196cda8a975783210313cebdddf85a97098c83341fd144c5,1292800,MALWARE,0.9639761754070632,UNSIGNED,
F:\safe exe\openssl_B9B8AE0F.exe,b9b8ae0f27155f3da892cd5b38a66423f0b052b34a3a307128597ee4bae10a0f,1295478,MALWARE,0.5025857197378135,UNSIGNED,
F:\safe exe\c++filt_1302528.exe,f6d95c55ac69749777d86560b641eef3b726c997dd179873d75f91315a0a556d,1302528,MALWARE,0.9502590792871283,UNSIGNED,
F:\safe exe\objcopy_8C7A580B.exe,8c7a580bd6c49d773e340006a4578871189d682fdb1a3a14a19f9bf442d1daee,1303566,MALWARE,0.9618807909860383,UNSIGNED,
F:\safe exe\strip_ED3AD4D7.exe,ed3ad4d7fc855528b6d9f07494997ff3ff36a2720a923f92ef5e3cd80bb19ba5,1303566,MALWARE,0.9618807909860383,UNSIGNED,
F:\safe exe\moc_0C28022E.exe,0c28022eb730859d525e81c87d9bd5b8d0214b6f7aff0e65efbfe96ec7a17c57,1304576,MALWARE,0.9584395649114351,UNSIGNED,
F:\safe exe\addr2line.exe,96e0680071a10e4feb778abb915a2b1385af8f88185a537ef8a8055acf204409,1305088,MALWARE,0.9650374859347893,UNSIGNED,
F:\safe exe\ranlib_EB3F167C.exe,eb3f167cb876984f8e6fd1056c62e0bab731c205a24c8dde682f491b4297e997,1305088,MALWARE,0.943898177895999,UNSIGNED,
F:\safe exe\size.exe,5d5ab47a105d1ee22f9c7067525e4f12cf7afb701b6b0cd00ac6f3f3db547139,1305088,MALWARE,0.9433280564862672,UNSIGNED,
F:\safe exe\nm_F9828325.exe,f98283259f0137e55fa2ef7aada37daaab6a363bdb149dea63819d4313be9074,1306112,MALWARE,0.9436844878396423,UNSIGNED,
F:\safe exe\unins000_21F1ABCE.exe,21f1abce748abff3cfc220097a99fb4c11a54e3d042de77aacde1442f7e88a2f,1306833,MALWARE,0.998286183388192,UNSIGNED,
F:\safe exe\strings_1310208.exe,b96ef62227aba3398809e87174a273c771254a86fad0cc143f5dcb6107e70ad2,1310208,MALWARE,0.9636142097857956,UNSIGNED,
F:\safe exe\windmc_A226634A.exe,a226634a6b2b9ac19e1d704616966c005e8533b556187efeb60289cead21d751,1311744,MALWARE,0.9381879606255136,UNSIGNED,
F:\safe exe\ar_1C72013E.exe,1c72013e9f2c3bce79f3552b86acc68bb17d892080bcd3b6a815942ae4edd0ea,1313280,MALWARE,0.9396446615912394,UNSIGNED,
F:\safe exe\cbUninstall.exe,e9694274d5b919741dfa81cd21534fdfa425a61d0c12bf7f6377b575a1bed6d3,1313792,MALWARE,0.9998492961179297,UNSIGNED,
F:\safe exe\notification_helper_7543CF46.exe,7543cf46d6e8baf264f2cddb0ec0e96f0d49c0e72ba3b97a443d1cdf0c1b6064,1313792,MALWARE,0.9819969543763798,UNSIGNED,
F:\safe exe\AutoHotkeyU64.exe,7bc108fd77780ac4672d4c0f76ff39c2225c77ebb20b833de45dbb153f2fa0ab,1316352,MALWARE,0.9916443704074416,UNSIGNED,
F:\safe exe\pdfimages_4EA8F931.exe,4ea8f931af996ee5a9f55c35e1583fa7716de6649888187f1c44abfade80784a,1316352,MALWARE,0.9913757184293368,UNSIGNED,
F:\safe exe\AutoHotkeyU64_UIA.exe,bfa36d43414d6c3af2426b194636e45884cf1ca504ccb9fd1f7d2c3d2b8c4dcc,1317312,MALWARE,0.9918370526388938,UNTRUSTED,AutoHotkey
F:\safe exe\AutoHotkeyU64_UIA_38A63D10.exe,38a63d10ce7e4a1295fe80fe0dfb963b6bdb7f1ee5a12f408daeb1260f74f32a,1317312,MALWARE,0.9918370526388938,UNTRUSTED,AutoHotkey
F:\safe exe\linguist_E7ED2CE2.exe,e7ed2ce260b29c05e9d7b5693ae5e3dd220b8f4cfa33311cc642b358c1c138e9,1320960,POTENTIAL_ZERODAY,0.020325813342633725,UNSIGNED,
F:\safe exe\nm.exe,85cc36578461445fcbe4f478afc4df8a032238b00c6e85b14746eb3cd3106ea8,1321472,MALWARE,0.969436286820994,UNSIGNED,
F:\safe exe\ranlib_1322496.exe,61f4182088b8522dd19dcd35a753603fd7ff0bf5267622ed38b86acc6341ffe6,1322496,MALWARE,0.9537849377111682,UNSIGNED,
F:\safe exe\fitsverify.exe,c63d44b6fad54c4222d4aa6da983501c047a36fdaf518dc48364c8363200c8b2,1323520,MALWARE,0.8958309153034987,UNSIGNED,
F:\safe exe\unins000_908A9E35.exe,908a9e3516e0715489149f1d47cda735604d12d97e978c34c3793f1f7bdc8e34,1326817,MALWARE,0.9966304739085745,UNSIGNED,
F:\safe exe\windmc_03812673.exe,038126739c373197a10e0e437cd8a0f1603f97df59083be3703b8c2d4c05ae96,1328128,MALWARE,0.961979706405272,UNSIGNED,
F:\safe exe\ar_1330176.exe,aa3867b768783aa47d32a18420f39586340ca73632130fd140f3f639f58fb8e7,1330176,MALWARE,0.9325111112658807,UNSIGNED,
F:\safe exe\gping_471107E9.exe,471107e9be2aa2c7de15465d566424653fb5cd24624d351e057452acd5b7a404,1346560,MALWARE,0.9984175137827603,UNSIGNED,
F:\safe exe\dlltool_1D18F3DE.exe,1d18f3de247e435b3f0632c543a7ef0c1cea1c7f6515eb5d538216603d5a7cb8,1348608,MALWARE,0.9623354648836373,UNSIGNED,
F:\safe exe\hyperfine_FBAD9DFC.exe,fbad9dfc44e98e47aaaf352f83f9c5273fc5008658a2f38fb5844adc9fa9918b,1351680,MALWARE,0.9989588896048641,UNSIGNED,
F:\safe exe\gprof_DC913922.exe,dc913922657a0e4084bf7cc51041bbd5318892eaf0bcc36a0180d64aaf1b7e7e,1354752,MALWARE,0.9726840720569951,UNSIGNED,
F:\safe exe\7zip_x32.exe,d605eb609aa67796dca7cfe26d7e28792090bb8048302d6e05ede16e8e33145c,1355804,MALWARE,0.9997948511584844,UNSIGNED,
F:\safe exe\dllwrap_1356087.exe,a80d1a6707ca23b04ff2ca1a3f6cb4a9d0254061591a31fe24df858a4a0b2ff5,1356087,MALWARE,0.5638410978270496,UNSIGNED,
F:\safe exe\7zip_x32_1357836.exe,17d894c17b04984b6ffcc1b31926b39c42d315cd861c3adbf7f34bd941d529ac,1357836,MALWARE,0.999496534819593,UNSIGNED,
F:\safe exe\meshlab.exe,451aa85ffaaab779bf7db1ffdcb92484cc9cdcb7ad754b6095d02a613e29bba0,1362432,MALWARE,0.9782355244442857,UNSIGNED,
F:\safe exe\dlltool_1363968.exe,d0dc64c717eba8a0d040d6ecf2a433949b179d95cd6f95865d854a9a9e21a6c8,1363968,MALWARE,0.9638494888143958,UNSIGNED,
F:\safe exe\Producer.exe,2606891489533dfc3f747019272b6c02420134e475c9c9b2ed850cc96d776f9a,1369600,MALWARE,0.9961009905600517,UNSIGNED,
F:\safe exe\gprof_1372672.exe,1b38a5afc290b9108669030247e8e58b073d26a7e676f027445fff71db113012,1372672,MALWARE,0.9695719033784523,UNSIGNED,
F:\safe exe\unins000_2E470504.exe,2e4705046f18926942cef45e91f3c555169732049fc72faabbee195c06790785,1373905,MALWARE,0.9990997412822415,UNSIGNED,
F:\safe exe\pdftotext_FAE745F4.exe,fae745f4e87377b0263085d05812d7567099d2a7675e3cef98917a3b8c8b3899,1377792,MALWARE,0.9869872224273517,UNSIGNED,
F:\safe exe\scide.exe,238cd484defdfc8ae9a51ae2437f0f9840886d1e5c6b19972ed59e2d39398def,1381888,MALWARE,0.9642630812671655,UNSIGNED,
F:\safe exe\gbak.exe,c784ec0d92f9ef5b81de7f0af97f057b4f28c214ebb71f8627ff667c6de89659,1385472,MALWARE,0.8576633734207275,UNSIGNED,
F:\safe exe\uninstall_748D48D2.exe,748d48d246526e2a79edcde87255ffa5387e3bcc94f6ca5e59589e07e683cd80,1389568,MALWARE,0.999940751158464,UNSIGNED,
F:\safe exe\strip_63C032DF.exe,63c032dfec09e463bb03a2c128d6a2a48ad336bbcb02ee9ef852ef3593da2a7a,1394688,MALWARE,0.9578360131063597,UNSIGNED,
F:\safe exe\unins000_9E144677.exe,9e144677608e0c434d265aaf249b8c16be8c244b7fbb6cdf098acc66b8392599,1399665,MALWARE,0.9987383320883171,UNSIGNED,
F:\safe exe\rust-analyzer-proc-macro-srv_DC5C1B5B.exe,dc5c1b5b024c7a8687a2a6000b38da6378431395ee09f391631b9492ba1e82a9,1400832,MALWARE,0.9362253944536023,UNSIGNED,
F:\safe exe\windres_1A35E4D5.exe,1a35e4d524410a334db5f1fb192a399d904f35c33ac92f280c23a733ae886a06,1402880,MALWARE,0.9445830357807249,UNSIGNED,
F:\safe exe\rust-analyzer-proc-macro-srv_C83BD148.exe,c83bd1488f830a0138ae45d43259c8ad9e8339b2de2e9a0e14bd69f943680e78,1403392,MALWARE,0.9207416296863152,UNSIGNED,
F:\safe exe\openssl_B886F96D.exe,b886f96def21e3b50556b2577ed9b148ce8f02313c800081dbf0f9e470b3103f,1404816,POTENTIAL_ZERODAY,0.001063017867233786,UNTRUSTED,"Datadog, Inc."
F:\safe exe\strip_1409536.exe,72495ac5ae9b9515330febbf9f5027202669bfd343d11836d7e579adbda807aa,1409536,MALWARE,0.9445339360928635,UNSIGNED,
F:\safe exe\FreeCommander_3030967F.exe,3030967f50ce3847e8effd9f063ad4740d7ccc9d74e995903434cc1320120f6e,1413120,MALWARE,0.9999716950590641,UNSIGNED,
F:\safe exe\miktex-update.exe,15f63aa7566ba12b02511210c9838fe90bbda90862dbd29bef120b21b08607c3,1417216,POTENTIAL_ZERODAY,0.06307256606216963,UNSIGNED,
F:\safe exe\miktex-update_admin.exe,689bc2942af439e32332b2b69ab8fa35af45bd4c78aa926b1991c82cab26f8e7,1417216,POTENTIAL_ZERODAY,0.06307256606216963,UNSIGNED,
F:\safe exe\windres_1419264.exe,6cdd1f16c9224686109a1f5a3fb7c48ceb49d4fa2ac35ee484dd85077b64ba62,1419264,MALWARE,0.9714299350217231,UNSIGNED,
F:\safe exe\objcopy_054FA11B.exe,054fa11bf4194f3dc8337c57ba2d682d5c027159bf8c5269a8caccb39c44c3a3,1423360,MALWARE,0.953099459120633,UNSIGNED,
F:\safe exe\chrome_pwa_launcher_9C412720.exe,9c41272063d5550f9b52abea4644dd7b7f733e27dbf5c0bd9e43ac33a3369a21,1432576,MALWARE,0.9936925496222092,UNSIGNED,
F:\safe exe\bsfilter.exe,38966643e1f6ee890e660b811d4a334ab3210210070356b2f3666d7f9a11ede9,1433600,MALWARE,0.9639918893988771,UNSIGNED,
F:\safe exe\sylpheed.exe,19ca6acf5df41acaa57fcf2fce3b31988d4139c00afce88cc6bbb01369786204,1435150,MALWARE,0.9402035696480182,UNSIGNED,
F:\safe exe\i.atcorr.exe,63f3618da8e0a019e710e5334e6230ed210f4a528485834ea06afd44eb354763,1436181,MALWARE,0.6303676148505675,UNSIGNED,
F:\safe exe\objcopy_032D860A.exe,032d860ad80e458c7f2c2b10527c2ba45383bfea72d14b79630867490a3c20ec,1438720,MALWARE,0.909060047307561,UNSIGNED,
F:\safe exe\bsfilterw.exe,f35a91c07ebe2b3601fde9d8525e3b08b2be4e631fdce3f8b7507179dcae69f0,1445888,MALWARE,0.9990442439677826,UNSIGNED,
F:\safe exe\MCIplayer.exe,df3db61d5d015b77563c400f709d04b87e1ccd15b77315fe96ad4b8b5d33d979,1458688,MALWARE,0.999958114383797,UNSIGNED,
F:\safe exe\sqlite3_D3D6C934.exe,d3d6c9341190f4ff3efb0fecc0d047e116472d8d48c895e33c13461086cad083,1462272,MALWARE,0.707513947460096,UNSIGNED,
F:\safe exe\bsfilterw_C71F40C0.exe,c71f40c06a9386632f6eb80d64d33fb6a61f4fe5c99e20e0291596f7c2ca6749,1470464,MALWARE,0.998223125116858,UNSIGNED,
F:\safe exe\tsk_logical_imager.exe,ef8cd0b1b5188a9c84e9d993957dfeebd36c9df126da799cb6fbb9a6ecc4d030,1486336,MALWARE,0.9991853103803371,UNSIGNED,
F:\safe exe\DOSBox-win32-installer.exe,a9e270217d12867c2609d9423d1b2ed83fcf7cd08aeeee3ab09a4afdf9e9418e,1493703,MALWARE,0.9999743157088828,UNSIGNED,
F:\safe exe\cbSetupI.exe,60ba85a1170d52a439fda22eea9ef4c8100dc6190aa40ce16c2c6614dbd1fbf7,1498624,MALWARE,0.9999346199437412,UNSIGNED,
F:\safe exe\unins000_D2958969.exe,d295896929380e3e4e16eab86ca94e67891116f35f7f90361d61f0b3bbf06955,1501905,MALWARE,0.9968641802266011,UNSIGNED,
F:\safe exe\cbPermissions.exe,6afb10f16d6146525ac00fe550a13ed0584e1049c6ab76b2b80f0602714f1bea,1525760,MALWARE,0.9998597156336149,UNSIGNED,
F:\safe exe\lldb-dap.exe,b414397eb633528987b2ff770bc750ef3656b5e8d40c1b6721dcfc08e56a9aa2,1540608,MALWARE,0.48974827953721617,UNSIGNED,
F:\safe exe\gtk3-demo-application.exe,b90d8b6c87a42db2343b8b9e2ff969b36fffb78bee996877c06d6cbe1bfc1354,1542656,MALWARE,0.9748852186802299,UNSIGNED,
F:\safe exe\ghostwriter.exe,3a8f5f39426fbeaef5144f69ecd647bfa3cbf895808beb781b5e056b46b03f89,1552896,MALWARE,0.9925026369246343,UNSIGNED,
F:\safe exe\cbDeleter.exe,b2ac00fb7eb2c05566e2e97b65efb3f3acca2b518577d1fc1b9d855a26f3fdbd,1563648,MALWARE,0.9998961350482729,UNSIGNED,
F:\safe exe\ecpg.exe,7f92d7c5798db8726d9069c3ace476226a760bccf3543d9e85acb75008dc26bb,1566514,MALWARE,0.9747220953284501,UNSIGNED,
F:\safe exe\nsis-3.12-setup.exe,3bc2b06253a7e4957111be152ac6a536e0c7478a706e19da814038db5d706495,1566914,MALWARE,0.9976109511110572,UNSIGNED,
F:\safe exe\gpsbabel.exe,358264725b0da21133c2e5c5bc8fce26dc4dcbf65a33d399d63fed6f03c7e032,1567232,MALWARE,0.46088801792045525,UNSIGNED,
F:\safe exe\llvm-readelf.exe,9df127bde974cac8545953ead61166dd3d657e822af103bad2e50dbfc457fb05,1582606,MALWARE,0.9934723205700479,UNSIGNED,
F:\safe exe\zstd_E86912B9.exe,e86912b9dbcd3385d6e52f744a36dbde5bd0a5e94851e39eb87023506fba1521,1590955,MALWARE,0.8838962095884366,UNSIGNED,
F:\safe exe\leanchecker_1593029.exe,b9fb97181002288bc14fbe792dfc94b5338c8179a31c5fb7a51f6faf070c8dae,1593029,MALWARE,0.8850894868091423,UNSIGNED,
F:\safe exe\cbServiceControl.exe,8a48de5a83fa624bf157e5152d5a4afc60896dbe98b9157fd6236e5d36dabc70,1594368,MALWARE,0.9998425291049232,UNSIGNED,
F:\safe exe\cbTranslator.exe,75fe3812246a6ea2f08c5645072c8cfcc97796a2b58b5d83c95d8e70ba5b6b68,1594880,MALWARE,0.9998460393462191,UNSIGNED,
F:\safe exe\vi.exe,dad916f7625a24331db263c454b76b5b80b55d3921a05c9dd6e8048bfcc3807e,1594899,MALWARE,0.5462080628477121,UNSIGNED,
F:\safe exe\zstd_1601409.exe,8076aae03feac7c66b319579e82172eed168deed2a3f25e5e2d3c60f55e84111,1601409,MALWARE,0.9297542283602478,UNSIGNED,
F:\safe exe\ccache.exe,0bdf25844a1220f32e1016cccb95472e3ace3927dab64b31c689eaeea300db53,1618446,MALWARE,0.9174135628368039,UNSIGNED,
F:\safe exe\Setup_4BE62B8C.exe,4be62b8c129ed9903ddf2b372b4f34d2d06a9418626e53d8610e86099d95011b,1655887,MALWARE,0.9992188075001037,UNSIGNED,
F:\safe exe\zim.exe,86a4fce08588a2a727adb900143f356d3c734512373b2e919db4826286817094,1657377,MALWARE,0.9999009568798765,UNSIGNED,
F:\safe exe\7zip_x64.exe,6745fa76dc2ea031596d8678f6f6b99c3c1b435b4164a63485adbbc7b8d82ef0,1657896,MALWARE,0.999002502890214,UNSIGNED,
F:\safe exe\nasm_9D3ECEF3.exe,9d3ecef3b18cb1989ef6ebfaea0e96c70d0999773ea4f84e2b0f81fcb20ea4dd,1658382,MALWARE,0.9987009708031555,UNSIGNED,
F:\safe exe\hwengine.exe,ef0f4d2f08068bb547af18d1c8e11cb81afc58b562b6c49b39c2c547d70817a1,1662464,MALWARE,0.9011353254739204,UNSIGNED,
F:\safe exe\NuGet_61704F7D.exe,61704f7dbe233980992f2a00ef9baacf64a8b157d688a4a4be6b7a2eaea02828,1664000,MALWARE,0.90000775243537,UNSIGNED,
F:\safe exe\cbvdiff.exe,83dfdd1ca05dab10eabdd7de14e421cbd2aa39198a3be5c9a703c9534505d258,1672476,MALWARE,0.9012597335542722,UNSIGNED,
F:\safe exe\cbvbucketctl.exe,378165f623d6f31c7a12c0416c0bd3ec820ee383e69b74e86eb19adcd9d9fa32,1674475,MALWARE,0.9082544068827024,UNSIGNED,
F:\safe exe\cbcompact.exe,fa9b0605e7e89db0a5924654e6d365e9daefc491cd85d5a8a54445f8f807b801,1675499,MALWARE,0.9082544068827024,UNSIGNED,
F:\safe exe\cbepctl.exe,57d2fb8a7ec0eda7749cff32c897055f35d15bf9841ff0253a4c67605e2af58c,1683691,MALWARE,0.916590080735749,UNSIGNED,
F:\safe exe\PolarBearWireguardService.exe,d10b5e43d3d7743b86422b9a762fe520cf4907ca84c8d186cbc56377393c9f67,1697280,MALWARE,0.9900536519224654,UNSIGNED,
F:\safe exe\recorder-devices-0.12.10-setup.exe,aef431742e22e2e933d7ce505842d307f4091a8421576a3325ae737692808721,1699229,MALWARE,0.9998932022052623,UNSIGNED,
F:\safe exe\cbreset_password.exe,4159a3ea59f88b27ccd604fd19351577efbe1f2fc37b669d3bf2dee176d6eb23,1706808,MALWARE,0.9056710137275104,UNSIGNED,
F:\safe exe\elevation_service_1139CA13.exe,1139ca1387b73cc92cb12754477c3b4743870639c1dc21e9e8816b7cf279ea43,1708544,MALWARE,0.9870712692945127,UNSIGNED,
F:\safe exe\qgltf.exe,b51244f2b9f96bf88364c47746a068052c00a12826db8b01d1795acbafcc5fae,1714688,MALWARE,0.5723869115846629,UNSIGNED,
F:\safe exe\testament.exe,699c0395c9abe6826524914b89ad75b86a621a6c20bb59d06cb4efd3dc3d1cfa,1716973,MALWARE,0.9945076189586681,UNSIGNED,
F:\safe exe\cbstats.exe,847a9215316b2dd5d8c0f9ad8f5926b8c82a0a94f7ea601aa1aa4dec34519b77,1731609,MALWARE,0.899765584133881,UNSIGNED,
F:\safe exe\assistant.exe,0966444528a555b357c647409a5d9e891730178de5bb03f484f118714009d320,1732096,MALWARE,0.97607567411592,UNSIGNED,
F:\safe exe\assistant_7760073D.exe,7760073d6251c9ef1c65e62db1c83a17afaa1ee42af30d31cac150379a6cb611,1733120,POTENTIAL_ZERODAY,0.1459317275619751,UNSIGNED,
F:\safe exe\r.terraflow.exe,5686ea6bcbc8d476ae222165df461934a53902d55f64fa0a7e7e56f0fb01ee1d,1747928,MALWARE,0.4343564309049576,UNSIGNED,
F:\safe exe\WaitHelpWindow.exe,68e0d21e421400762ec0382aab5f4f8b67366983072a1f41b08cd0757a0c278c,1754720,MALWARE,0.9914251050546148,UNSIGNED,
F:\safe exe\keypirinha-x64.exe,69afa97ce1d125ae5a7c322ab344e276c36925f9f351699c6dff1dee1c1239bc,1755136,MALWARE,0.8817038463154158,UNSIGNED,
F:\safe exe\yap.exe,a6ec83e9a8ed93d54f0ae20d286212836363ac354b9dfd7aa58fcd3745dd7673,1759232,POTENTIAL_ZERODAY,0.04732298358969297,UNSIGNED,
F:\safe exe\optscript.exe,566d7d5ab3cd17ae8ec8fc80a9f349506bef037863103fd2f2684fc3043edfee,1763342,MALWARE,0.9112605634319867,UNSIGNED,
F:\safe exe\ctags.exe,c7f363ac748d55f5f43daad0edcacb7500259d119a47450492a202777988f090,1763854,MALWARE,0.6563834748332239,UNSIGNED,
F:\safe exe\cbp2make.exe,bc97e168452e42f8a4f132dc9f7eb0731537293d084b52fd4abaf131535af93a,1765902,MALWARE,0.998267413588946,UNSIGNED,
F:\safe exe\pcre2test_B536EB0B.exe,b536eb0b9e36d96e0b740f880861fb1f4f2e50e0b5fc406490a7402d30108ab9,1778176,MALWARE,0.9689184701032025,UNSIGNED,
F:\safe exe\ld_11EBAD9F.exe,11ebad9fc4dfa0d864bdcd8e467892d37ff76925fbb8a45937a1b81197a2d335,1803278,MALWARE,0.797744741634119,UNSIGNED,
F:\safe exe\lto-wrapper_ECC63448.exe,ecc63448c83781771e10a56988161f11b30efc6baa3a8bb3cf332a2cdd4aaeaf,1808398,MALWARE,0.7893977807151136,UNSIGNED,
F:\safe exe\windres_52967C6C.exe,52967c6c6dbdf4e9b42309f219bd5c260ddaac4e87f52869278729440b2a9896,1811470,MALWARE,0.9955211421230503,UNSIGNED,
F:\safe exe\gtk3-demo.exe,736fd5dce16ff72c169fdd086b710611220e048968422a5407a1d9135cbce0b5,1818624,POTENTIAL_ZERODAY,0.3860605174720495,UNSIGNED,
F:\safe exe\mcs.exe,e21cb2838a466f2440a327de4a0fd6b92cef66fa0c1ef6bfac37e928866bd836,1821184,MALWARE,0.9123981132971584,UNSIGNED,
F:\safe exe\Update_BB773D26.exe,bb773d26c5c8c670df48132ff734db05bc91da5b4ce4e47d1d84794fd8c1cc55,1829352,MALWARE,0.9843163224215336,UNTRUSTED,MAISIN&CO INC
F:\safe exe\as_BAD35750.exe,bad357507f4c09f6087dfe1adf59f440abb0bbe9750e1236e5feb38878d7a2e9,1848334,MALWARE,0.8474301618745687,UNSIGNED,
F:\safe exe\ld.exe,31a9da4426bf057bbb1dd929213d07cacffe749c0ddee677d36548abce08e965,1851392,MALWARE,0.8493273217504397,UNSIGNED,
F:\safe exe\qemu-io.exe,cef51b8a7dd0d5e55212038f3b98e3d804b456b21f5ff75fa5816c3cac5d4022,1855624,POTENTIAL_ZERODAY,0.04648921713553335,UNTRUSTED,Universität Mannheim
F:\safe exe\lto-wrapper_798CFC70.exe,798cfc70565fc77acbeb3e26023b577e842377f484da200d1c911025aaf4597c,1861120,MALWARE,0.4635607353919667,UNSIGNED,
F:\safe exe\bluefish.exe,b7461ac36f4e34f513bcf544894305c5b76acc1d95ba147542b018bf7b69c3c4,1868356,MALWARE,0.8411558520813609,UNSIGNED,
F:\safe exe\Update_76359CD4.exe,76359cd4b0349a83337b941332ad042c90351c2bb0a4628307740324c97984cc,1899520,MALWARE,0.9932270936761466,UNSIGNED,
F:\safe exe\rip.exe,3fbbc1edecc53449734e7335982ad7cc0d7da300c1b62ea6b1f6e4ecaf25207b,1903187,MALWARE,0.9981869445843241,UNSIGNED,
F:\safe exe\Squirrel_1906176.exe,f8e9386f6defe1706746f64c25fd16c4b6515f50fdddce991068fad68f7ababe,1906176,MALWARE,0.9929176660101455,UNSIGNED,
F:\safe exe\qemu-img_05330278.exe,05330278398e86d28a4a6964c8c62654966df0e34572b03ba99541fe82c19f1e,1925256,POTENTIAL_ZERODAY,0.03633055225057986,UNTRUSTED,Universität Mannheim
F:\safe exe\SciTE_39EEC8BC.exe,39eec8bc58e371220f4cdbb5abf4d5a73ca8d090cd94afa34c128ce7ed59d2da,1925632,MALWARE,0.7130406557184845,UNSIGNED,
F:\safe exe\cbupgrade.exe,48752b0be9acbebc3e255bbea7977d3e8993ffefa1b4c9cff052698e920fbe1a,1926916,MALWARE,0.8868748491478157,UNSIGNED,
F:\safe exe\gcc.exe,dead55fc32f7b58f5bea3bfe10f88bd2f51eb3d8e2bf5224785547fcccbe20db,1930254,MALWARE,0.7715976324332564,UNSIGNED,
F:\safe exe\cpp_806653BD.exe,806653bd9de5e4bc3045018d7377187312c782d1e4966fcd007351b79ce45c96,1931790,MALWARE,0.7744467180128801,UNSIGNED,
F:\safe exe\x86_64-w64-mingw32-gfortran.exe,5191bf65ea7f935e31c41458bb9366574e5e1003acedb42dd0eccfc5deadc83e,1933326,MALWARE,0.7186571844610704,UNSIGNED,
F:\safe exe\c++_F45F8FD9.exe,f45f8fd915aecbf8a15692089dee8ebef0f210148f13ea5c1642e55376dd234c,1933838,MALWARE,0.693884581750256,UNSIGNED,
F:\safe exe\ld_9F47187F.exe,9f47187f034384d87a361610e446341d95de77322e0d444cb765c8e2b8f8c6da,1937408,MALWARE,0.6897547385562858,UNSIGNED,
F:\safe exe\nomacs.exe,df461edd2f0c40a0d4595c11ea50f42a03006cd987be376d8f4575b20aa8b7e1,1949696,MALWARE,0.9933583795913766,UNSIGNED,
F:\safe exe\gcc_53FA2E50.exe,53fa2e50041a11ff0ba400955354f396bfb3270b414a123ef183caccbc41c2a3,1951744,MALWARE,0.4968398083126,UNSIGNED,
F:\safe exe\ld.bfd.exe,aaea95245fb7fd2a0aa63e16b45286165ff19c191f0d6d859b10e3b5e001cf23,1952256,MALWARE,0.8274524438218094,UNSIGNED,
F:\safe exe\cpp_3C039305.exe,3c03930517878eb041898edcc1427cb48e550143c55b2a5c17e20117d06ad745,1953280,MALWARE,0.5993124936995456,UNSIGNED,
F:\safe exe\x86_64-w64-mingw32-gfortran_BE0B1FFF.exe,be0b1fff18226be895efbf06b5ec2b6278198ea15b45c56135dd47ddd9be21b1,1954816,MALWARE,0.4282227890792246,UNSIGNED,
F:\safe exe\x86_64-w64-mingw32-g++_31B59C9F.exe,31b59c9fc1ad0d31f4d012290d06760de2b24f9dbda7a7ebcdb951c4ce1bb3d7,1955840,MALWARE,0.5352917005652679,UNSIGNED,
F:\safe exe\as_B279335B.exe,b279335b7aa50838c447ca2031e7d5c957658663e88e5477a92e481d9b06dead,1969664,MALWARE,0.7823099478441541,UNSIGNED,
F:\safe exe\nasm.exe,04ec2385879f7e1c45dbe76c4020970555de48eeb97c23f59620ede061328f51,1969664,MALWARE,0.9465417560524161,UNSIGNED,
F:\safe exe\qemu-nbd.exe,6cedfdd524d1072e226c3c34273fe240c26356d14b31e6339723a4355485a954,1977992,POTENTIAL_ZERODAY,0.03365412612735739,UNTRUSTED,Universität Mannheim
F:\safe exe\ld_E8A16B1E.exe,e8a16b1e5877dda75524bdecbd779c81634d09a38b383fb7ab00e92f36a31962,1983502,MALWARE,0.9891383187391216,UNSIGNED,
F:\safe exe\squirrel_B4449F9C.exe,b4449f9cc3f26804acff63a842c8fce3a0670d5c4faaebfd9058d94e0cf1f0bb,1985024,MALWARE,0.9914390533612085,UNSIGNED,
F:\safe exe\as_1988096.exe,bf6c59c0f7ef55e726fbc9c8b3e8745252cd9272aa6e6f010200c330770c9da3,1988096,MALWARE,0.8476474245634269,UNSIGNED,
F:\safe exe\cbRemoteManager.exe,e4070478c12cd6a3ff7ebf27fbbfd7ab93c9a3b41da68c3878387052cf219bbc,2019328,MALWARE,0.9998915456596068,UNSIGNED,
F:\safe exe\Start10ThemeEdit.exe,5cfcfe435f30a7ee5c319e74d107501e8a09c3d2a56de0dca49e1aac6b3e59f1,2024736,MALWARE,0.987347206830716,UNSIGNED,
F:\safe exe\pulumi-language-bun.exe,9a36e92c6102c60540249aa7b7091f3c63c8825b718aa485945c9d4c421d4bbd,2033152,MALWARE,0.9626333756760662,UNSIGNED,
F:\safe exe\nestopia.exe,7699722451022d473ef4f0ff84f80165c2da15918b20056a023d87e3a6240f61,2065920,MALWARE,0.9995551084449005,UNSIGNED,
F:\safe exe\Teams_windows_x64.exe,b2268acc18ba1197a3636f58ce7c60773cc271fa6f3f65a2a5b7fe4270606b2a,2097152,MALWARE,0.9991051842857203,UNSIGNED,
F:\safe exe\pingo.exe,43bb505732bde2f2ce46fae1150647904e6fb06bc12c2a965c63276935f8f789,2107904,MALWARE,0.996087412972003,UNSIGNED,
F:\safe exe\llvm-tblgen.exe,0bdec25b40dc7688be8012374f010fff102310ad8d1f617a11ddac1e33cb39ce,2150414,MALWARE,0.9701777759908795,UNSIGNED,
F:\safe exe\Terminals.exe,94a1f833243ff8574d6986be26b7b77fe90b585e8f2fc29797b630dbb09c9bb7,2151424,MALWARE,0.9754581082338564,UNSIGNED,
F:\safe exe\pdftoppm_6CB09FF4.exe,6cb09ff448d72d607aa3473ac6511a20b43a902caf2162a27eb3bcb75522a73c,2156544,MALWARE,0.9942261206144378,UNSIGNED,
F:\safe exe\freeciv-gtk3.22.exe,f613c981034bacc9c8bf7cb2eb2b3b8e6dabd8f52f16e5ba877f981c53aeefbd,2172335,POTENTIAL_ZERODAY,0.2572503534926064,UNSIGNED,
F:\safe exe\yarac64.exe,c9356334c991502e9ca3f1ed1ec1bb29f91228ecc16fba203b1b786f60b986f8,2174464,MALWARE,0.9987296678589748,UNSIGNED,
F:\safe exe\cbrestorewrapper.exe,c96b26f4430f74cddb9a8ec7eca3f58661462e5880fb9f30e9a6989e3239beb0,2178731,MALWARE,0.8907378163835146,UNSIGNED,
F:\safe exe\gcov-dump.exe,12a2fd75687db2170f2e7b3b758258adcc0d797201c73a25aa00bb8e4f4f11ec,2181632,MALWARE,0.9885449096775328,UNSIGNED,
F:\safe exe\kitty_219E3697.exe,219e3697663a6b4f7f54cd92b47987602a2b44944b12d1c066c16da2b7389c3f,2183168,MALWARE,0.9994778295561328,UNSIGNED,
F:\safe exe\ccenhancer-install-4.5.7.exe,05a0aebffe0190f871816530591c4f00c537b2f88f520242148376e8d3f14e64,2190598,MALWARE,0.9999262829542581,UNSIGNED,
F:\safe exe\pdftopng_4E8BC71E.exe,4e8bc71e9406ad36fd81da62c8120a4f286910193a0c22f0713b6b3879487683,2220544,MALWARE,0.9962815813849739,UNSIGNED,
F:\safe exe\cbDecompressor.exe,e43c098ce83a254b0728ab094a6e8fb131dc859d517e2acdd16c1f6d5b43b170,2228736,MALWARE,0.9999393422642769,UNSIGNED,
F:\safe exe\gcov-tool.exe,ed21741ce0a280629293c253f9f84f95b19968278df3b273f8cf58e89551c71a,2243072,MALWARE,0.9850512396500145,UNSIGNED,
F:\safe exe\k-meleon_A8B7D8C1.exe,a8b7d8c128393d247a0fc08e94759d49c41ce54abacbea72a8f1590e19348cba,2243072,MALWARE,0.9969951938438323,UNSIGNED,
F:\safe exe\cbcollect_info.exe,d7006374cb35e13c19618f3bb10bdcb669486f11d53638ba9ba953225ca2d507,2250592,MALWARE,0.8529293734671619,UNSIGNED,
F:\safe exe\wish85s.exe,3bf7f69e197b3fc9ddb94b53728f3dc7101f4fd573011c9430abb41a1e03c134,2252800,MALWARE,0.9988774348559727,UNSIGNED,
F:\safe exe\Recorder.exe,007290078ebc35a67b6f49d962185bae10917406eabe7be529b38ebcbccd2469,2253312,MALWARE,0.9890889708218833,UNSIGNED,
F:\safe exe\speedtest_C73C4AC2.exe,c73c4ac2a7cdc48829fe0f9d7ec91ca41c8b434490d4eb3205aad69c7aa3b921,2264064,MALWARE,0.97590839122025,UNSIGNED,
F:\safe exe\subl_6CF30AC7.exe,6cf30ac772c55b63f81759a4b2e6e3066cdf995a26181f85c1bd96e80ef54fd8,2265472,MALWARE,0.9777839994775367,UNTRUSTED,Sublime HQ Pty Ltd
F:\safe exe\collect2_2273280.exe,31f8c6c5a38fc34c485b5d5b0676d3667a9160dadeb8facf751b0d4a96e4467a,2273280,MALWARE,0.9909545923180757,UNSIGNED,
F:\safe exe\GalaxyClientService_2282320.exe,ad75f1f8934e1cf1fe7d0e7bcd6b0e790d203626f3ec01f3c9916c725a28a075,2282320,MALWARE,0.8466519036852778,UNTRUSTED,GOG  sp. z o.o
F:\safe exe\qmldom.exe,afa9c203193dadb10edcc01c85b268705563a3a16961f58853c99403aeaa548b,2283520,POTENTIAL_ZERODAY,0.28025201079513534,UNSIGNED,
F:\safe exe\qmlformat.exe,c2366048a4e33c7dda857fa8bd85f6475d7a35d8d1053e2758a2a2cbefacaff7,2289152,POTENTIAL_ZERODAY,0.20462789578278792,UNSIGNED,
F:\safe exe\SpaceSniffer.exe,fc0629d450f8a57bc93e1ba1cdef0bff49c1a4cf0725c2a1f52116fd67d9fe8e,2309632,MALWARE,0.999916884340777,UNSIGNED,
F:\safe exe\pdftohtml_A2E02F20.exe,a2e02f201aa2d504d8a68cd0e8586f2239c05a9d8b6d21966d1486ebba147ce3,2313216,MALWARE,0.9954656095724596,UNSIGNED,
F:\safe exe\qmldom_81DE1D54.exe,81de1d540656cb8e711d5932fd7a13294c2d2a157df01f06e7d2cfec5e9ea163,2314752,POTENTIAL_ZERODAY,0.003454193786911146,UNSIGNED,
F:\safe exe\olive-editor.exe,9f47a7837bc8cf75f7daff027a73cf6f5fb8e72d22863def0b1e41a5e58ed3f2,2323968,MALWARE,0.9818041028765475,UNSIGNED,
F:\safe exe\gnuplot.exe,805a5dc99fc89914d47998cc5373b3e188c0fd984bdc9c65d071a8a04484a37d,2325504,POTENTIAL_ZERODAY,0.12219613151689612,UNSIGNED,
F:\safe exe\gcov-tool_2335619.exe,a002550fb12d78a0eba91ac21f5c2833071c038190b06dc6dfe62daf8a332753,2335619,MALWARE,0.56222619297415,UNSIGNED,
F:\safe exe\qmlformat_E0CD6073.exe,e0cd607392dd9c3390627b0246fefe782848100c41e759caa1b98eaf618cc65e,2343424,POTENTIAL_ZERODAY,0.0018289811941113521,UNSIGNED,
F:\safe exe\pdftops.exe,bf16bf9abccb16b4933ea667ba4f3331418758bc0bae23f5d3c320662c976c83,2347520,MALWARE,0.9838854813992206,UNSIGNED,
F:\safe exe\snmpb_98BE575C.exe,98be575ce3f74426a1b96a74e6137e3f75db957c59a2add29dd611b3871455c4,2356736,MALWARE,0.9998157609790367,UNSIGNED,
F:\safe exe\collect2_2358547.exe,8eb343ce591aeb9bb66c990d3d8a785547af54b5cff1e1aed2785129cb1122d2,2358547,MALWARE,0.697819163494243,UNSIGNED,
F:\safe exe\yarac64_5B6705B9.exe,5b6705b9a8dabf496bccf163a65887574290c97f8b999c8cb73df5417b04bbd7,2364928,MALWARE,0.998918102375691,UNSIGNED,
F:\safe exe\doxyindexer.exe,077fe87c9a9371c010c9b0454977e6148f0b12349c98d798fe921c0134db5489,2373632,MALWARE,0.9649890000844227,UNSIGNED,
F:\safe exe\wgnuplot.exe,30c54d28e72f005913768c12270ca24773df7c80a63e983c52a3675dc9d56881,2375168,MALWARE,0.4624766857394156,UNSIGNED,
F:\safe exe\wgnuplot_pipes.exe,bf1995582bb1b51065cb8118f6115b135c30c53fd6dc2be7f7d786c1fd45ad3a,2375168,POTENTIAL_ZERODAY,0.09891482959162876,UNSIGNED,
F:\safe exe\atlas.exe,9dedf8499a29e14132754e0be6f9dc3cb4b38f6add86a3633301c0ce56d9af41,2385144,MALWARE,0.9838292465291325,UNSIGNED,
F:\safe exe\smerge.exe,7287a2df6b26c1d79f5d062377ec176f08d52f54c3473849d9ef5ad8f7e75e80,2397120,MALWARE,0.5205111006748201,UNTRUSTED,Sublime HQ Pty Ltd
F:\safe exe\CodecTweakTool.exe,015f202c68e4d168d139f4a9b52c01845ab0cd344f4b57d3ce618dcf9be53c8f,2401792,MALWARE,0.9968229011975958,UNSIGNED,
F:\safe exe\gnuplot_E0A706EF.exe,e0a706efca9303d92156cb809c7c5c6665e9e7528f3b064112c5404a3dbfe098,2407424,POTENTIAL_ZERODAY,0.11442708588100646,UNSIGNED,
F:\safe exe\yara64_1C45EB27.exe,1c45eb279d820aba81fd41c22384428ebe44037cf5793be4b52a9d3b3df62b33,2418688,MALWARE,0.9989063481905082,UNSIGNED,
F:\safe exe\DuckieTV.exe,c7942b8276fd93af0eb5ab0d33b89a9fbc8782dde9ff36c2c6eafdc6123e79ac,2443776,MALWARE,0.9766357798260176,UNSIGNED,
F:\safe exe\doxysearch.cgi.exe,98ab4be0d7b5deed57b4d891a17b37a5c985c55be1626b593a40b8b6669387b6,2457088,MALWARE,0.9695885354327962,UNSIGNED,
F:\safe exe\gcov_2458704.exe,b78106520cda5617aa1bf74739ede69766f754e677176997e613b1b768fe44b8,2458704,MALWARE,0.6040022053331391,UNSIGNED,
F:\safe exe\wgnuplot_6BFAB74F.exe,6bfab74f468b2f8aa16e61b9bc990cff0566ae501ed4519ead7ca5c13c940b33,2461696,POTENTIAL_ZERODAY,0.38288287140177213,UNSIGNED,
F:\safe exe\gcov_2468864.exe,de5ff2b6df53b506efa9a44eaadca91ef23e9de6d33e3c72e0d70de7d38c27e0,2468864,MALWARE,0.9766492254586275,UNSIGNED,
F:\safe exe\cmcldeps_6741DF64.exe,6741df642c8da37d5c3732117c0b8ca6bec828701a033444437b5f1f84c882db,2472960,MALWARE,0.8430626162503467,UNSIGNED,
F:\safe exe\crashpad_handler_21F88D9F.exe,21f88d9f5192addb01e6d812ab2b06dab5b039aed8c0566003fe4fec36348415,2485248,MALWARE,0.9483353033742681,UNSIGNED,
F:\safe exe\x264.exe,ad9f77a61063e2ee3b3cd4bab5ef11b5faddf4d8b30243685e13c76a218ffc8f,2489856,MALWARE,0.7778060147576304,UNSIGNED,
F:\safe exe\objdump_9A1910DE.exe,9a1910dea4ca911f89bdebfb1fa597cab723ab6706e1823e675c96c400366c26,2504206,MALWARE,0.7903085614789115,UNSIGNED,
F:\safe exe\qemu-storage-daemon.exe,61289cdcb3f0efcbf6777cf1e1755ee6b9bb9ead5e8ae5b3569e1ba626dcef77,2523272,POTENTIAL_ZERODAY,0.05032136786629855,UNTRUSTED,Universität Mannheim
F:\safe exe\avidemux_cli.exe,7abf1a406ef27f82c121189939be21a8e15908877b4fb40ed37a0208a74828dd,2526208,MALWARE,0.9423106434517526,UNSIGNED,
F:\safe exe\plugin_host-3.3.exe,baf868a203bd3bbf10938859c93c589e54bb19ef4551be4b12ff1e68e8ecec4d,2533760,MALWARE,0.9888329853515534,UNTRUSTED,Sublime HQ Pty Ltd
F:\safe exe\plugin_host-3.8.exe,8e4ae4e11ebd0bd4f4d10184ae25c0c2451aa7db31bbd1b48c3e307d12133590,2533760,MALWARE,0.9887209445104063,UNTRUSTED,Sublime HQ Pty Ltd
F:\safe exe\tincd.exe,746999bab0fe3839304a831a4ba021c190d8f20af554ecc39d3b122de3a8c21c,2545664,MALWARE,0.9884219209129541,UNSIGNED,
F:\safe exe\rr.exe,93e99644e4c499ef7dccad06972ecdd072490d63eb459ef1a3c9e7605a04d7ae,2553715,MALWARE,0.9998764578635401,UNSIGNED,
F:\safe exe\unins000_2555297.exe,e9bd7a28ffb5c4a43c8a1790774d6021d11d6eb51c5ef3fe6a7da166c4f09943,2555297,MALWARE,0.9907267687967806,UNSIGNED,
F:\safe exe\unins000_2565273.exe,d2f66aa164a9acea8f99115ad2aa409311019a1389f5b34fef18b3b86e5b5355,2565273,MALWARE,0.9938330738702997,UNSIGNED,
F:\safe exe\unins000_A09C54C0.exe,a09c54c019ad86434634ac68e34798ead7721608df82d9d1c6b8cb8a624044bf,2565273,MALWARE,0.9938330738702997,UNSIGNED,
F:\safe exe\unins000_0C3B2A16.exe,0c3b2a16abbe6f6052fbbb46bceb3f50af33990d7d110b65c168d6765e4801c6,2565313,MALWARE,0.9938330738702997,UNSIGNED,
F:\safe exe\unins000_B1AE4FEA.exe,b1ae4fea302a27a6efa9b3e9e5eabf9c2d85ff924cf568e752a756506dfb7f57,2594657,MALWARE,0.9919741672077942,UNSIGNED,
F:\safe exe\unins000_D9AC88E1.exe,d9ac88e1697d9b196d297ddb28e7d76590f041cfce2787e98cb9b7042f329fa2,2594657,MALWARE,0.9912276688626561,UNSIGNED,
F:\safe exe\unins000_FD5ED03B.exe,fd5ed03b3a5fa520f2bc86318a8b0d62e39c9f0d0ca3b3c50a961084fe9242ce,2614625,MALWARE,0.9943257124097881,UNSIGNED,
F:\safe exe\winpty-agent_44467A83.exe,44467a83d86b6127bc7b876e8b2fb33fa75fde09d9b9ff27c7f8ef84ba969b29,2627338,MALWARE,0.9974505953818481,UNSIGNED,
F:\safe exe\objdump_C5359093.exe,c5359093a1f8040eff323d2913a9ddf3b2bb1e1e40cabd7fa6fcccfe5767cc6b,2632704,MALWARE,0.7577947865227712,UNSIGNED,
F:\safe exe\objdump.exe,1fb975ac6d8e1bbe6234fc44953361785f0089d012cbaa8c8c49e8a04a88cfa7,2653184,MALWARE,0.80248611065354,UNSIGNED,
F:\safe exe\freeciv-server.exe,70078b472d049fbc8364d339994466fe7279d7a008c6296ececd87b8ff127dff,2665099,POTENTIAL_ZERODAY,0.011542087031649443,UNSIGNED,
F:\safe exe\monodis.exe,7678abd90018029b54c47b810c91fd02f54b1b192662f3b4b3b3359c9ac0bf0c,2672128,MALWARE,0.9625480307673286,UNSIGNED,
F:\safe exe\unins000_FE76AE99.exe,fe76ae99513b04d0e361ead01558f611e1f37882bd9901f60252c0da32f2cda4,2684257,MALWARE,0.9939786109906135,UNSIGNED,
F:\safe exe\decompile.exe,08fd2d0d9e47dd51d4143ce6a1b610adbe9adde827f72ab9f236007fcbc7942d,2688512,MALWARE,0.9664970003466804,UNSIGNED,
F:\safe exe\dust_1F335F7B.exe,1f335f7bebdbe0cf52d4e53cead51726f2154e83e0a093283dbfb7bb20556f22,2691584,MALWARE,0.9972844416238261,UNSIGNED,
F:\safe exe\mariadb-upgrade-wizard.exe,8ad45aba464dbc5129c830f070689f9d8d6d303dc11c774331f270a2f2c21dae,2706432,MALWARE,0.8966963754808157,UNSIGNED,
F:\safe exe\xindy-lisp.exe,7452983666629a75aae1505bd213be8556526bd12544443c3001511f568b91fd,2715648,MALWARE,0.9972885777233017,UNSIGNED,
F:\safe exe\chicken.exe,a4255db98433238fd4c778b9801bdcbbe6a252bae5ff45cab74edb805499928a,2734877,MALWARE,0.9767909175416147,UNSIGNED,
F:\safe exe\Charles.exe,fd1463c02dc0ef711b87c03e7ad0a419825c975149f76a51426871cecae12f0c,2737311,MALWARE,0.9972760521382522,UNSIGNED,
F:\safe exe\gozip.exe,a36ea33dbac37c67c444aa86fbdf9f54343ab8de681299b9b3690ecd54d8023c,2744832,MALWARE,0.9930944425273747,UNSIGNED,
F:\safe exe\ImgBurn.exe,02c74678128a9dfef58eab5abe269382c6b4862440c26c22cde7b83868f478f1,2747392,MALWARE,0.9999099065333376,UNSIGNED,
F:\safe exe\ledger.exe,e0503d2f7ffa704120955a3faeaaf97596ab4b020e83b2081c9edf41e08d42fa,2752000,MALWARE,0.9719093540776865,UNSIGNED,
F:\safe exe\GalaxyUpdater_2754384.exe,20ccc927460b703a0191166164965e7f19c70181c5276fdc7ce6581e1ebbcb67,2754384,MALWARE,0.9199348214496212,UNTRUSTED,GOG  sp. z o.o
F:\safe exe\gsmartcontrol.exe,09896cbe6925aa8980cf09f53d600e355eed1dccfa06c9ca0fc58f3484c260b4,2754560,MALWARE,0.9867494454291156,UNSIGNED,
F:\safe exe\freeciv-manual.exe,ad67da0e4adb8c1388fa5ab516e04520ae6a137005b36d4f3282d1d5e0b6e83a,2760107,POTENTIAL_ZERODAY,0.014599200206167668,UNSIGNED,
F:\safe exe\freeciv-ruleup.exe,e2fb9d8bb0463d0228d245365d73c3df22ebffcf7053eb6b08b67294ad4ecd32,2772079,POTENTIAL_ZERODAY,0.010829065749212233,UNSIGNED,
F:\safe exe\BINDInstall.exe,c7a982cd0ad2362db1159cb2136f755b0a7d41ba25fce7a3d01aa3f18211a83c,2786304,MALWARE,0.9788834261104492,UNSIGNED,
F:\safe exe\gcloud-crc32c.exe,a1bd9a06db1631a63ee72275bb3ee3806c28b63baec453f457c9a39e75229d7d,2788864,MALWARE,0.9955992629500339,UNSIGNED,
F:\safe exe\gcloud-crc32c_4AAD47C0.exe,4aad47c096369ac3a3eb1eda4da167cfce30e5caea26e85a88feb550aa574b0b,2788864,MALWARE,0.9960742053594778,UNSIGNED,
F:\safe exe\editors.exe,bf5323ec4f0ad13b3ea81fba9c0e3564680dd7d40fde8abe3423989d40d40258,2807280,POTENTIAL_ZERODAY,0.2326298169285605,UNTRUSTED,Ascensio System SIA
F:\safe exe\unins000_3349A54B.exe,3349a54bd56a19ed6149f6791fd498bba6e2fa0d89484affc970aed9322da1a6,2813128,MALWARE,0.8146180713202475,UNTRUSTED,"OpenShot Studios, LLC"
F:\safe exe\celestia.exe,e2edf73438d04ba3e6dde335629f82ea774ba67f9ee9e42c9940928e9ba2e206,2825728,MALWARE,0.9990478663069732,UNSIGNED,
F:\safe exe\codeblocks.exe,d9b66585e73dda187ef1504b7ac7c5b88e6b18f7b0f3601c9f677b55e30132b0,2845198,MALWARE,0.9555846422630273,UNSIGNED,
F:\safe exe\tokei-i686-pc-windows-msvc.exe,451219f8384301293f36fa04abdb50fb3a95fddb0bc10efff9c4496d1ed0817d,2900992,MALWARE,0.9986850292172548,UNSIGNED,
F:\safe exe\IZArc.exe,1154ab4b11b5572329a6902fd5c6e8f01887c450429158cfea893c9585bc4f31,2924544,MALWARE,0.9994478354430422,UNSIGNED,
F:\safe exe\qmake_D7D7ECC6.exe,d7d7ecc6c3d7c302ce9c67790584f6f117436bc9b59097c51c6daa697957ee66,2929152,MALWARE,0.999271511535414,UNSIGNED,
F:\safe exe\tinc-1.0.36-install.exe,db2ea5088cdd7e16374b2952f8a7a96df82a38c3773a2808f32b1f44e7285d2b,2934753,MALWARE,0.9986251188351117,UNSIGNED,
F:\safe exe\chrome_14F49975.exe,14f4997569d7ab9e5b479053333de4174207f7652c971d4c6fe85b17ed40c019,2941440,MALWARE,0.9648804049521814,UNSIGNED,
F:\safe exe\dust_F5FBDADB.exe,f5fbdadb8df1c7b3b9f5cb631c0530f9797a73579cbfa9bb8176abbd32c554c6,2946560,MALWARE,0.9934495693837436,UNSIGNED,
F:\safe exe\JPEGView.exe,59cf443bd42a6643319898c1f30a6a1355b56281fa6aa5c9c4472fbb81bc8d0f,2947584,MALWARE,0.9974587526058531,UNSIGNED,
F:\safe exe\unins000_2959713.exe,879c80609af3f30cc834b916ac4f62fd954e02b6055c75d23b2dab2e9245f554,2959713,MALWARE,0.9918059786226275,UNSIGNED,
F:\safe exe\gozip_2970112.exe,ca65361db8892d5d4685bfaf24ca43aae88b960794504a31d9981a9f1ff8d461,2970112,MALWARE,0.9954660917237342,UNSIGNED,
F:\safe exe\gpushark.exe,3390dd07e98902776eb10dce4ac3b908766bcf4c7fa4ae79735aaac4b2270397,3000320,MALWARE,0.9950841321184696,UNSIGNED,
F:\safe exe\qgiscrashhandler.exe,b2aa78522a4e1be7054eb65fe381fbbb5d636d3a958bad1963b911992b24bad8,3025408,MALWARE,0.9423948201826502,UNSIGNED,
F:\safe exe\unins000_3038269.exe,909a9d579a77df3bc73bdf5a0e7a3a879ae75faccc6ed3a3219a2424c9ec4174,3038269,MALWARE,0.9818955031508313,UNSIGNED,
F:\safe exe\unins000_A33D71CF.exe,a33d71cf1917055b0c7d0e43c2271687549f61f9a6407e6de337dd195a960dc6,3038269,MALWARE,0.9818955031508313,UNSIGNED,
F:\safe exe\unins000_9AD55AD7.exe,9ad55ad7ef546d5d1730d0473441a554fc076c1db1150133e76e07b28be00ef3,3053629,MALWARE,0.9820724798703443,UNSIGNED,
F:\safe exe\pdftk_server-2.02-win-setup.exe,cc8f6a43fc91026bb739ad0ad9a124c24750d6127662fb3638ec1d44403aabd2,3054862,MALWARE,0.999917583613481,UNSIGNED,
F:\safe exe\godu.exe,b1cc297c096f7b0fa6b9468c22d211662c9032da17dd7152de2a9838348e02ae,3063808,MALWARE,0.9708943741604824,UNSIGNED,
F:\safe exe\ipscan.exe,5b576e5f33a3ae019881cb5942218ab0d28539bd42693654d4d2319eb196ece6,3064425,MALWARE,0.9998678761390452,UNSIGNED,
F:\safe exe\unins000_9CA3B395.exe,9ca3b39530903028eeac5c167d9ee1459669e4302b7a553787218b518b3f78c4,3065405,MALWARE,0.9799994914516451,UNSIGNED,
F:\safe exe\AutoHotkey_2.0.26_setup.exe,2bf1b89b1047136490fc321d2fdc988b42dd86f693eea7872746ac6adf722bc3,3072000,MALWARE,0.9781505832461019,UNSIGNED,
F:\safe exe\unins000_953BE702.exe,953be702188fb9c5a55f56a9338b5daec91c80221382a2dc3bbedc987508d3d9,3072061,MALWARE,0.9889308849974485,UNSIGNED,
F:\safe exe\unins000_E6015A3A.exe,e6015a3a0400814012bcd87906f2e5ef8b14ca339038ad1dd91b06a4e87b9f59,3075133,MALWARE,0.987679736560913,UNSIGNED,
F:\safe exe\FurMark.exe,a628b1115c4ffb4a3230c0508063ccecc7c581023ba94af52d04c1932866d80a,3082240,MALWARE,0.9976977750888024,UNSIGNED,
F:\safe exe\SetupImgBurn_2.5.8.0.exe,49aa06eaffe431f05687109fee25f66781abbe1108f3f8ca78c79bdec8753420,3101913,MALWARE,0.9998575325568066,UNSIGNED,
F:\safe exe\ServiceBusExplorer.exe,4cd00109ead93f1d253eeaa67cd14ccf009f1bbe8e2bd03c3e3c98eec76df9ef,3115520,MALWARE,0.9995801029652293,UNSIGNED,
F:\safe exe\latex.exe,9c21b5ac8b18d099b73e0f03969b47222adbef5c30510cdc8805fe03d533d056,3119313,MALWARE,0.5686474161876386,UNSIGNED,
F:\safe exe\Synology Active Backup for Business Service.exe,5451c8074b74a36c5bdf40ee4dd14de81ddc5a88f4002c9949a96fc7b331b1db,3121912,MALWARE,0.4797969429399011,UNTRUSTED,Synology Inc.
F:\safe exe\vcxsrv.exe,c66e57a7195b643217d4d1fd62c48f273cb92e5a485ad9a46deb54092a6408d0,3124736,MALWARE,0.7512292490600039,UNSIGNED,
F:\safe exe\sclang.exe,a0ae8ff473784f544923a856347fbfa6309efb272df8a024815ce04626c6529a,3125760,MALWARE,0.9531664597279356,UNSIGNED,
F:\safe exe\unins000_A3C52B34.exe,a3c52b34eb378b61894c01c7084bfd419a81587dfd71605a1439d54f42305cce,3142205,MALWARE,0.9896299790707338,UNSIGNED,
F:\safe exe\unins000_BDC0BC03.exe,bdc0bc0367fec4be2267a2f3e5332169e988b39284008f60e8a1269a254b42f9,3143741,MALWARE,0.9559523670948796,UNSIGNED,
F:\safe exe\unins000_BC55A8C3.exe,bc55a8c3778c3a10a96338460f05c671e6a1a7030f056b27d61815dd222a25fc,3181117,MALWARE,0.9535257862053422,UNSIGNED,
F:\safe exe\diec.exe,dda171a904f6dc3a2c414e99e9d718c8d7500bc26c3dcdc1a72ec0e7d718cfe7,3187712,MALWARE,0.635860367297545,UNSIGNED,
F:\safe exe\MinecraftLauncher.exe,ef8fcd58689b07561727433adf89c80472d13d0457c3302852d9657cee24bd5b,3210240,MALWARE,0.9984002244863339,UNSIGNED,
F:\safe exe\unins000_0B122C70.exe,0b122c705519d57fed60c7633cf60cc8df82dd9de516e90d43fd89d594d955ca,3218493,MALWARE,0.9518684932888156,UNSIGNED,
F:\safe exe\unins000_88F7AB98.exe,88f7ab9884e47e1bcf00b4ed6fc3ebe9194b5f1f9977887279f866718c4559ae,3218493,MALWARE,0.9518684932888156,UNSIGNED,
F:\safe exe\unins000_4A58E8C4.exe,4a58e8c47cecb6cd086346855415594ccb0a134e5966452e9281965d1d1f611a,3220541,MALWARE,0.9543207073996823,UNSIGNED,
F:\safe exe\unins000_DECBFDD1.exe,decbfdd1aee111a1bd3a08b13af979a9efedf8a1a342e3bb6f0f040ce9b9a275,3220541,MALWARE,0.9543207073996823,UNSIGNED,
F:\safe exe\unins000_3220555.exe,51d9d608b0a7e935efdc103bf224f4d4710801aeeeb0219eb40e012b12aeb4d0,3220555,MALWARE,0.9543207073996823,UNSIGNED,
F:\safe exe\lto-wrapper_3222016.exe,70c1738371871204aa2cdf5e64a506e5b353ee00bc1458e13c81174faa1270d8,3222016,MALWARE,0.6744098360250141,UNSIGNED,
F:\safe exe\unins000_10119D3C.exe,10119d3ce112c7bd16f54d635e4ddec1430c67f42c9224f72b1308e208822ac8,3223613,MALWARE,0.9495515474501173,UNSIGNED,
F:\safe exe\unins000_46631D23.exe,46631d2343fa72953d68f00fca08dea6bef027ea6ed494260d658576a79568c1,3223613,MALWARE,0.9495515474501173,UNSIGNED,
F:\safe exe\unins000_575CFAA5.exe,575cfaa5b9f81613d63af76461a20f51d3325ccc7c1ea597f035db908e948cde,3223613,MALWARE,0.9495515474501173,UNSIGNED,
F:\safe exe\unins000_9CEDAF13.exe,9cedaf132ec55d40d5f095facb81fc8c27161cdbf5a9ae08a6e73b102812d65f,3223613,MALWARE,0.9495515474501173,UNSIGNED,
F:\safe exe\unins000_D42E379E.exe,d42e379ee66e8edcb6264fcf7ade1fe2696903c9068183443442faf218f3b307,3223613,MALWARE,0.9495515474501173,UNSIGNED,
F:\safe exe\gozip_97443002.exe,97443002aea5df9d6e72045236e739c10e96d608cc7ea6070b0851a7a3402873,3231744,MALWARE,0.9655221793032593,UNSIGNED,
F:\safe exe\unins000_9971C690.exe,9971c69040b3859f44c8c18aff034c93cab33f18c0bc98f3d2e16f6cbaab4846,3238973,MALWARE,0.9420510065843041,UNSIGNED,
F:\safe exe\pulumi-watch.exe,c0a9c18bf307b0891b45378f480806bd1dcf13219120e9bf99f160b1471de3c8,3241472,MALWARE,0.9714853980925438,UNSIGNED,
F:\safe exe\kdiff3.exe,e273fffc008e6a40e1b96508c0af435b88d88a20107bc8b4f80b303c1ac8580e,3243008,MALWARE,0.6158773158150518,UNSIGNED,
F:\safe exe\cutter.exe,1172746e220653db4f43e077d3e16539ee6db426359ac3ef62d3200c21f444a1,3253760,MALWARE,0.8194484238607448,UNSIGNED,
F:\safe exe\unins000_21201049.exe,2120104903e1a217ad910a258164b0a1e66016c9d8b3062b1c8d3ae08246cef2,3264573,MALWARE,0.9754965798523275,UNSIGNED,
F:\safe exe\Victoria.exe,fba0b7d5c042f0a13fd5b875f6f13989038ca188d6de6f505ed52bc85ac0de48,3279360,MALWARE,0.9991637253903498,UNSIGNED,
F:\safe exe\GalaxyClient Helper.exe,5092005ebb31631f59519d66be11376370d62f01987f9dfbf0963d8fa2faf248,3281744,MALWARE,0.9617125132228699,UNTRUSTED,GOG  sp. z o.o
F:\safe exe\tokei-x86_64-pc-windows-msvc.exe,b1d6c4b18f5fa238bd2c6e47caa65a7a3e4a1bd0de6df0b7c19c8083c941f57b,3282944,MALWARE,0.9985283988394517,UNSIGNED,
F:\safe exe\gmtool.exe,f9df4ade0a7a0a1bcefbc225abd7a8241966ef7ec750c9658bbc65094fe760b2,3287552,MALWARE,0.8931931276533364,UNSIGNED,
F:\safe exe\unins000_4A0444C5.exe,4a0444c5ff78e5d5b1069a8df39ceb34514c5e53643c2af21917bb63f7483c42,3302461,MALWARE,0.989027862762541,UNSIGNED,
F:\safe exe\unins000_7AED14FE.exe,7aed14feb90a59416a7495a5e4200cd6ade3e839f4fb889b1f1d4ac057f0a86b,3302973,MALWARE,0.9809644422149733,UNSIGNED,
F:\safe exe\cc.exe,b679be675c6dcddee63cf973f8bcbde303a421b531d88688ae962715eb01e650,3311104,MALWARE,0.6592948670242471,UNSIGNED,
F:\safe exe\cpp.exe,1394a2279809c09f91552bc558206d093b4e8cb46cf6a00c6ffbdbf21ae93948,3312128,MALWARE,0.6115923646162793,UNSIGNED,
F:\safe exe\gfortran.exe,9a4c5e924456fb0e043bb58dd0b8d449d23e40d3778940ff078869b6a138ad86,3313664,MALWARE,0.6360238051640594,UNSIGNED,
F:\safe exe\c++_3315200.exe,0f99794eca06e5b467122f0acff9ebee0b1c6b0b30d137b83f2bfee3f98d643c,3315200,MALWARE,0.5801324473831485,UNSIGNED,
F:\safe exe\AutoHotkey_1.1.36.02_setup.exe,af7b8e60b4b54f5f85e6b207ac51926cb076aa4319b8e4c72e59b98c85818cae,3348015,MALWARE,0.9999332055319351,UNSIGNED,
F:\safe exe\unins000_09F8BC0C.exe,09f8bc0c8d73fdd84c2b13d3fbcb936f7dea586a3b3d36593640046a9a568f42,3388193,MALWARE,0.9798431935555658,UNSIGNED,
F:\safe exe\unins000_480376F0.exe,480376f0cd901eb0ef932a0906fe81bdb43ec5648886b598eb6c21537ded8aaf,3391037,MALWARE,0.9921476483580901,UNSIGNED,
F:\safe exe\duf_D30824F5.exe,d30824f5487f7bdaea54df214aa5eb26ec3b85f41c02f706598773e79ce03611,3410432,MALWARE,0.9608387730814344,UNSIGNED,
F:\safe exe\pkg-config_30E43C7D.exe,30e43c7d4bb0624ce10f9d8ec2ca4722dfa53cff056812e4509adb6bf588e2f8,3426504,MALWARE,0.9860649200996011,UNSIGNED,
F:\safe exe\zpaq.exe,17dbeaa8c773b672dbcc60332cbed5a98e94b8156026b2001b108afffe30d602,3429888,MALWARE,0.9997291412701254,UNSIGNED,
F:\safe exe\PrivaZer_free.exe,876c411f36b9024f42f0fc6c192c1a9300751d8979c10bdc72c1e36515bbced0,3440267,MALWARE,0.9998741957994192,UNSIGNED,
F:\safe exe\gnucash.exe,8fcf6f209cc9cd67a70271e41668547444d192872c6484e0b4d10b7fbc67f2f2,3452376,MALWARE,0.9901870510317424,UNSIGNED,
F:\safe exe\avira_free_antivirus.exe,2198c9829af8bbd0831c9220e4372274ad62619bc383e37adda62a200851b117,3463800,MALWARE,0.9999149422346945,UNTRUSTED,Avira Operations GmbH & Co. KG
F:\safe exe\8dbb5502_gimp-console-3.2.exe,8dbb5502c69d63456ab53dc43b5c9baa8e435808a9fcad47d44c44a5e82fa3d4,3482624,POTENTIAL_ZERODAY,0.0015040021895462827,UNSIGNED,
F:\safe exe\winamp5666_lite_en-us_redux.exe,0b0c00cd41f66c3560a400a42d990419df952ca0e77be096235313222fef3636,3482886,MALWARE,0.9998871798766545,UNSIGNED,
F:\safe exe\couchbase-cli.exe,9d613e20487fddb4bd63f55ec81b34ea7687a98d0b04698b8d54b148af167c0f,3487246,MALWARE,0.9293056129292255,UNSIGNED,
F:\safe exe\goport.exe,b297d6dc0f70538f454de685864df41fd25109c2b1d9cf71f41817c3b9a2f462,3489792,MALWARE,0.9729434791184115,UNSIGNED,
F:\safe exe\dupeguru-win64.exe,a37c68351580785cebc7d7f010f8e1945081a97d18d32b1f4fa4cebabeeb765b,3504164,MALWARE,0.9994055884427351,UNSIGNED,
F:\safe exe\unins000_8C4A7308.exe,8c4a7308ac91fc9184a371f47994fa773da12c0abbb2ea438107be5bfb3268cb,3507261,MALWARE,0.9668177141825534,UNSIGNED,
F:\safe exe\unins000_3510096.exe,1eeb8339163c1651902688cc127b1f3dec1d5564cb7c850e07b9a865aa4ad007,3510096,MALWARE,0.4731689438297144,UNTRUSTED,GOG  sp. z o.o
F:\safe exe\unins000_3515965.exe,e5245b42666b158e705b71b0c8d138ba8af1e880a8746cdf5521fecb7688eb5d,3515965,MALWARE,0.9827700429116009,UNSIGNED,
F:\safe exe\CFF Explorer.exe,238941c4b0f800cdaefb8c56e1b9f0849841c9cd93bb2d6fb4c2d726ba7bf34d,3521536,MALWARE,0.9982774998178583,UNSIGNED,
F:\safe exe\unins000_F314551C.exe,f314551c6a5e3f222982de275e5089660acb2a095723a2476b12574b23317544,3542871,MALWARE,0.9929466752360072,UNSIGNED,
F:\safe exe\uninstall_3545088.exe,12acd00f13a550eb781ff3338195d3c3cbb783051cf7747dd8a07aab63cf726e,3545088,POTENTIAL_ZERODAY,0.3336480455363445,UNTRUSTED,"CHENGDU YIWO Tech Development Co., Ltd."
F:\safe exe\diel_1EB4684F.exe,1eb4684fc4f963561a2e7f984241876fe0d0a8a3fbab73d06a829da00857f0b6,3552768,MALWARE,0.5024484093333843,UNSIGNED,
F:\safe exe\qmlls.exe,baef8389045b0ed37ece08b7e83aef6ff57a4f712266b77ac8c64c36dbce1cd2,3561472,POTENTIAL_ZERODAY,0.008322626280311515,UNSIGNED,
F:\safe exe\unins000_3571481.exe,ff794efbd0e2cd51182806a41377652f8c35ceeab3d4c69cd307116e6c7c40c3,3571481,MALWARE,0.9867955353877074,UNSIGNED,
F:\safe exe\unins000_5807EF72.exe,5807ef72f4a78f1e951e9b2c1248959fb61a29f303e235363200f03f627f34ff,3571481,MALWARE,0.9867955353877074,UNSIGNED,
F:\safe exe\unins000_0749E00E.exe,0749e00e7d12fbc3fcc0f36a65f13e5fa20a37f70cb11a23b304b459daaafd84,3573591,MALWARE,0.9825994586795379,UNSIGNED,
F:\safe exe\unins000_1FD32B94.exe,1fd32b94cc58c9e6e676cbe5e476e1d37b854a1efe9410b2e4017cfa85bf021d,3588907,MALWARE,0.9923500187051784,UNSIGNED,
F:\safe exe\ExplorerSuite.exe,94f4348ec573b05990b1e19542986e46dc30a87870739f5d5430b60072d5144d,3613174,MALWARE,0.9999630267285096,UNSIGNED,
F:\safe exe\unins000_0675753C.exe,0675753c34e94bf21d5e5646bea9a76150d0928667d4abc95da83e6af47c911b,3617111,MALWARE,0.9928071483808497,UNSIGNED,
F:\safe exe\avidemux.exe,2102859a09c64586aa6e3d2ab7dea753c3ac8f3cd640345d9d2edc107baa0a4d,3632128,MALWARE,0.9350882331566835,UNSIGNED,
F:\safe exe\unins000_55AA32CD.exe,55aa32cd9102250626244f0c0394d1b8f6df340c704c4c9d4c84af93be6bfeb4,3644759,MALWARE,0.9911295350349884,UNSIGNED,
F:\safe exe\GOG Galaxy Notifications Renderer_3665744.exe,d19d5be07462ffebc76cafc65299cca4e1f8624ec3641931c05f171e203f0576,3665744,MALWARE,0.7186674890419785,UNTRUSTED,GOG  sp. z o.o
F:\safe exe\claws-mail.exe,adcfece6db8cb2e0a77c46def9380522c643ac19610b4dab334ad7f0d6c5a546,3667623,MALWARE,0.7148101394739599,UNSIGNED,
F:\safe exe\sdsetup.exe,1e10295ec72c82f4a1e3744abfc280d3842496de38acafc9e3f772e1e654f7f8,3678021,MALWARE,0.9999784956627636,UNSIGNED,
F:\safe exe\procs_E46BC3F3.exe,e46bc3f38db290af2723e49d4ab89c8240498b6eb1a67e82e695c24763437de4,3693056,MALWARE,0.9967835333908585,UNSIGNED,
F:\safe exe\qmlls_4BF5D104.exe,4bf5d104d8cbf5836735096894242b7b1a79a72a478e5f39276f304f6eae0109,3730944,POTENTIAL_ZERODAY,0.00022156076272286332,UNSIGNED,
F:\safe exe\DOSBox.exe,dcfd46fa521f5ce89dce3bf026056f3a1d15533f80321ee887403e30d7949f5e,3745792,MALWARE,0.9989646402806919,UNSIGNED,
F:\safe exe\unins000_ED752014.exe,ed752014a32c74979690cfbcbf1e4efd4388792ae2255a59d289778b7825efe2,3746135,MALWARE,0.997247086078388,UNSIGNED,
F:\safe exe\unins000_E98D1CC9.exe,e98d1cc996b496ce62ba4e7843ea0307f1badd8b5bde2c389e02d603eef449bf,3751141,MALWARE,0.9928990473074287,UNSIGNED,
F:\safe exe\cbbackup.exe,77a2d1d7b0e38fbda1637379853c2d62ab0a8cc0ceb391c77293254f5637cdc8,3751332,MALWARE,0.9407959374792804,UNSIGNED,
F:\safe exe\cbrestore.exe,7c62a2bab2d110c2680794756353bcb9a2f333cb682c729270bca3d7f386f741,3751332,MALWARE,0.9407959374792804,UNSIGNED,
F:\safe exe\cbtransfer.exe,0574a89db1ba53e407eb69fdd9d8424ae49f1473a03b597bbe936ebab1d45064,3751844,MALWARE,0.9358655144027732,UNSIGNED,
F:\safe exe\cbworkloadgen.exe,f60410be43d99492b8a4481af234833531dc40fa03a5849444c4d77ac7343808,3756452,MALWARE,0.9407959374792804,UNSIGNED,
F:\safe exe\cbrecovery.exe,663180e5ac594d4aa6aee94ab6e37208e5dda5e272bef46778fc2a39f58caad3,3759012,MALWARE,0.9358655144027732,UNSIGNED,
F:\safe exe\cbbackupwrapper.exe,222d16f5ec73228881527a39f0e7dca4cfeb2e6ab51e648e612753aebe1e383f,3764132,MALWARE,0.9393407084505878,UNSIGNED,
F:\safe exe\Fiddler.exe,4cf9bd1d776b40dab33d99fb190d3fe5a0d5b67c140a0b09fec65718236a13a6,3764632,MALWARE,0.9678403962010039,UNTRUSTED,PROGRESS SOFTWARE CORPORATION
F:\safe exe\cbdocloader.exe,3b61618371c3555bd7149a36276a2e0c480662e2ddb5ac88ffe8050549a395ae,3770792,MALWARE,0.9348329639576409,UNSIGNED,
F:\safe exe\unins000_6BD28650.exe,6bd28650e7dbb15438fcd6c2200d25f3c36b9ee29540fe5624b63d186ebad726,3791085,MALWARE,0.9833638385208007,UNSIGNED,
F:\safe exe\unins000_94D56D05.exe,94d56d050efeaa64148ce796351fa57224e06e3a0742227b3a6c3072df66d5e9,3791589,MALWARE,0.9917690412584063,UNSIGNED,
F:\safe exe\unins000_2033871C.exe,2033871c4f95ade49edd757513d616e28cb358a18f347c3d657603a281f5e5af,3803365,MALWARE,0.9950241883240659,UNSIGNED,
F:\safe exe\unins000_C218F912.exe,c218f9126c9535cad7e866173d7576774f418ddbd9f075f60605bf7efbd07a34,3803365,MALWARE,0.9950241883240659,UNSIGNED,
F:\safe exe\clang-apply-replacements.exe,12265a9234d55e43fa45cd4228d664024c95dd3f0720bb2fdd03e713b118a281,3808768,MALWARE,0.6701979951247188,UNSIGNED,
F:\safe exe\Arc.exe,b36b1be0a3c329675af4eece3193f08cf343ede57a6933033bf6004a50ab2a65,3822592,MALWARE,0.9907497412396129,UNSIGNED,
F:\safe exe\fontforge.exe,d4739db13b14d18f843aaf7752bb37570bb76aeaf03a4e66ca168076c40bbd97,3855379,MALWARE,0.6759469147921349,UNSIGNED,
F:\safe exe\clang-format.exe,3c563ca6f676b84bee959e530b2a10c010019168b695f3877f3423e3a4949e1b,3871744,MALWARE,0.4626376087304748,UNSIGNED,
F:\safe exe\rg_1C6DF595.exe,1c6df595046dece8ca059cf01496943c87121e1f146a1c9c8c1fedfb33ac4d98,3877888,MALWARE,0.9978037319506092,UNSIGNED,
F:\safe exe\ccache_1F285645.exe,1f285645553e61463b000c6c440301724894b4ba0174dbef6b4818d54b54b68d,3887616,MALWARE,0.6422835884885882,UNSIGNED,
F:\safe exe\lmms.exe,99d8c322066c8ff25c1bfd6f3b9c5b7757d8a80cd62bdc1c7e06f6cfa01332af,3911680,MALWARE,0.5336776396486199,UNSIGNED,
F:\safe exe\minify.exe,cf46606fd5bc8fb7869b4b3d517be69c2e7bc5b590e98375a877724a7bf734de,3942912,MALWARE,0.9437628829295839,UNSIGNED,
F:\safe exe\copyq.exe,ffc0c18d08ec369ba34f9f1b48b60dfbf84748608ca22920ed4b66bd916b0927,3978240,MALWARE,0.9868454573983725,UNSIGNED,
F:\safe exe\pem-test.exe,742f8241a102c151debb37eb7ef85663b45e695c405e4587210613e2d940043f,3991552,MALWARE,0.986017224420094,UNSIGNED,
F:\safe exe\v3name-test.exe,185c37fd679745c68340b42e9f458f3c70ddd77ce4830850d22db731086030c4,3993088,MALWARE,0.9875929063892618,UNSIGNED,
F:\safe exe\punycode-test.exe,05d51c0736942c2671eb6d8229dbaf0ebe2c8090286922e65b85946f0fd77681,3995136,MALWARE,0.9879217301197969,UNSIGNED,
F:\safe exe\hashtable-test.exe,8cfaef9c6afc9918ddbc5a88f2c2a0c5bfc54850a4eaa721fc160d28854be43a,3996160,MALWARE,0.9895613801680794,UNSIGNED,
F:\safe exe\ml-kem-test.exe,9cc017a79adc758edf5f91966e46dc10fef6768351529591c87e5f50205866ac,3999232,MALWARE,0.9713693193479186,UNSIGNED,
F:\safe exe\slh-dsa-test.exe,2333cc44da96a30f6e9f74ce11547f4030c74b083259566c185effde2d4614c3,4000256,MALWARE,0.9651833939745802,UNSIGNED,
F:\safe exe\ml-dsa-test.exe,9074d78ab7b54c56bd1de7b8de2e05cda15f25905f4db1b73dffc0e675cd8f61,4001792,MALWARE,0.9820396427457145,UNSIGNED,
F:\safe exe\chacha_internal_test.exe,d96debf1a38b76ecd756af6a1649ee0e6ca71351877748fd6563153451b84bbb,4009984,MALWARE,0.988254328331983,UNSIGNED,
F:\safe exe\sm4_internal_test.exe,04504a5995dee866aed5799d32207c2f8376c2e88c70d1b96388fa9ae7307ffb,4011520,MALWARE,0.9840407052375586,UNSIGNED,
F:\safe exe\aeswrap_test.exe,ea66fa16c5d7911c478f2a895c564b62bdf6c7ae3b2668f9228e5055a82a693b,4012032,MALWARE,0.9874295020301131,UNSIGNED,
F:\safe exe\ctype_internal_test.exe,ea57f50e4cb56921b2d6b54e1b7a67f4791a4abe6538d6fa0a444ca40f239050,4012032,MALWARE,0.9895818180277032,UNSIGNED,
F:\safe exe\sm3_internal_test.exe,f5888af957526e90f9de3cc5025740ddd5fb59bb41b5d2570411c1a72476822b,4012544,MALWARE,0.9856710137576246,UNSIGNED,
F:\safe exe\dsa_no_digest_size_test.exe,cfb7a7439b9961d327f71328ecfe7a50a8fda43a90b174ad8a0c1cd4eedc40ff,4013056,MALWARE,0.9837993230408146,UNSIGNED,
F:\safe exe\rc2test.exe,083453c59e05af6803ce2edea499091e1f9a4e1457d8aef0cabdd71c8b531dff,4013568,MALWARE,0.9790422911958899,UNSIGNED,
F:\safe exe\sparse_array_test.exe,2220e852a917e655f50e904d30f06cd8556a4391a3822ef9446df0fdcd90a8e2,4014592,MALWARE,0.9745904446678667,UNSIGNED,
F:\safe exe\sanitytest.exe,2fba087b429af9fc92c3698fb683850cdddcb2a0a19fcdb1d8cb62527610f34e,4015104,MALWARE,0.9812570438698438,UNSIGNED,
F:\safe exe\threadpool_test.exe,00ccbceef23a85d59adcaabbc5b29159fd4fb179bc27af812ae12566d5bf8fff,4015104,MALWARE,0.985950176975322,UNSIGNED,
F:\safe exe\rsa_x931_test.exe,1c28feaae422822710b5491f47dbc23f3b630a2ae07db020d94ec210a723e1ef,4015616,MALWARE,0.9835254154268331,UNSIGNED,
F:\safe exe\asn1_dsa_internal_test.exe,0e96e08572c5974597118c1753d4d6e5bb687a255106eb577398a702a4c183e8,4016128,MALWARE,0.9810213415539852,UNSIGNED,
F:\safe exe\namemap_internal_test.exe,59c48f78bc1b7130aa99b7982dc7e171af833b264cb657e3b7ed352a865dd71d,4016128,MALWARE,0.9841837132032937,UNSIGNED,
F:\safe exe\rc4test.exe,8a3e603739ac273c18313d1446007283d45e769fae0a32ee0f6ea564dadc6dc0,4016128,MALWARE,0.9864775108803934,UNSIGNED,
F:\safe exe\hexstr_test.exe,b447694b3b986f01e74683a8b7ed857d87e73b37ca7e8455f822cc7360f9bf0b,4016640,MALWARE,0.9854041166882953,UNSIGNED,
F:\safe exe\mdc2_internal_test.exe,ec265929ea3c1c2f11c5d37d56ba1b20458d950bdc98f636e94662cd4bd5044e,4017664,MALWARE,0.9781926884486148,UNSIGNED,
F:\safe exe\quic_lcidm_test.exe,907b2da9eb5de58124b8983e68f1f66ec95e6090b0a41c372a6055e54395d1db,4017664,MALWARE,0.9787410722902413,UNSIGNED,
F:\safe exe\ideatest.exe,b5631b270b1585cb38932d7f0b0c0446531429708a345be94a6872ef5a7bef9d,4018688,MALWARE,0.9848833184637888,UNSIGNED,
F:\safe exe\ml_kem_internal_test.exe,a1bbf080cd4d98a2287fffcc9e53d13c45977f0dc4d5799098e4fd98b4bed1af,4018688,MALWARE,0.9860488309823107,UNSIGNED,
F:\safe exe\lhash_test.exe,2be94704256a8e06861c9f0badfd0862e998792418557316984a9954f8b4c1bc,4019712,MALWARE,0.9823831972844297,UNSIGNED,
F:\safe exe\curve448_internal_test.exe,0cf1e75b08bec2552a997b3793fe7cbbb0711c90f346774861da0da3a998e869,4020224,MALWARE,0.9828932358879545,UNSIGNED,
F:\safe exe\rsa_mp_test.exe,39c790630274f90e4636501b432842af0ff8ec8b5584fc16d1c634cb4ff67bd5,4020736,MALWARE,0.9799715769239654,UNSIGNED,
F:\safe exe\provider_internal_test.exe,cb20f99cce62a104b3063a58e310a165a0f35517c1dad68eabe34bcd3105eb55,4021248,MALWARE,0.9829713136083427,UNSIGNED,
F:\safe exe\bn_internal_test.exe,ce00c949d619c1470dbdd52c84a6d2d6fe736759c15d42735863e22c9b0a7851,4021760,MALWARE,0.9833956248742545,UNSIGNED,
F:\safe exe\ml_kem_evp_extra_test.exe,870d4f02df969cc1eafb55005f80975fbe3862cb7104a682ae5cf1dd2caae383,4022784,MALWARE,0.9897371317271766,UNSIGNED,
F:\safe exe\punycode_test.exe,029e4d5807c5c765a40504f3b65c3a71924b994791f93108978f8e8505f8e7cd,4022784,MALWARE,0.9829803229516124,UNSIGNED,
F:\safe exe\ffc_internal_test.exe,0297bacec602a94d0232000c979e78e3e2ec450ae3731a6f72235877154a1aa1,4023296,MALWARE,0.9826942344571378,UNSIGNED,
F:\safe exe\algorithmid_test.exe,187153f7ffd0e73864e368622837f6f63410ae0299272fc7dd568f9885dbad1a,4023808,MALWARE,0.9824854468251113,UNSIGNED,
F:\safe exe\ec_internal_test.exe,b14ea6ef5dacb6a7cd34c4c80854aa85a3d66d2d13db537f0a3692c7a0b2d7f1,4023808,MALWARE,0.9719376619643074,UNSIGNED,
F:\safe exe\keymgmt_internal_test.exe,557047a7be85b1d16e4f7240d20fad29662a758c85f5db30115c09f0c1e1f1c2,4023808,MALWARE,0.9797765677966862,UNSIGNED,
F:\safe exe\asn1_internal_test.exe,b87401711c6d5d1a54eb148ab68529d5a992b219880c2ec6ed7f2c3cc6e12b76,4024832,MALWARE,0.9816426838217255,UNSIGNED,
F:\safe exe\siphash_internal_test.exe,93a16b9099f1da639ea71c2fadb2f13e724f3ca6bdf65dc35658805accf11dcc,4025344,MALWARE,0.9811577498927117,UNSIGNED,
F:\safe exe\rsa_test.exe,a05efdfb07c6b671c248f50b540df682da8be242a8f9b4cdf84e5362fb1fe5cb,4025856,MALWARE,0.9892352015710153,UNSIGNED,
F:\safe exe\hmactest.exe,21b92952f5122bfb72ee88143101f6874d49390be24bd7e73ac7d259dadee12f,4026368,MALWARE,0.9900472905506715,UNSIGNED,
F:\safe exe\modes_internal_test.exe,0d0c1729920e15b852e258abc500a093ef52cd462e5b71ca92580b0ca194e584,4026880,MALWARE,0.9894307813307076,UNSIGNED,
F:\safe exe\rand_test.exe,a96486f78d1151a69e6f64de3e2ed614cafbc073630e5f9bbb120f9e022e98d4,4027392,MALWARE,0.9851523630806112,UNSIGNED,
F:\safe exe\sm2_internal_test.exe,556d4a69a8562d8b9b71b2dca82a7ce7408bcd5d4e7920ac9c462a26df834240,4030464,MALWARE,0.990788046268643,UNSIGNED,
F:\safe exe\quic_qlog_test.exe,52142268d58727df7cc5ca7487d786aa34a2aeb4ce6f817b4000ae98ef43c25d,4030976,MALWARE,0.9885739669227629,UNSIGNED,
F:\safe exe\mysqldump_80C7844C.exe,80c7844c4891c54b58d87179943e29870d969b66273c1c5c8d4e328aae608caa,4031488,MALWARE,0.8999907260438806,UNSIGNED,
F:\safe exe\dhtest.exe,d739ea74e068660e67617ba05cc3d83cdb2d385320cf3d261b9bc3de108bdc5f,4032512,MALWARE,0.9885491160948167,UNSIGNED,
F:\safe exe\dsatest.exe,19a782431b556140e6fff65a36a96fe39f25f805532690864df38f38f56d6b49,4033536,MALWARE,0.9858757213996315,UNSIGNED,
F:\safe exe\property_test.exe,7441e03ac10dc60a49c8f4e11d766e5179eb2aea0d1dfbd757b424dbb078edb9,4035072,MALWARE,0.9750001422556156,UNSIGNED,
F:\safe exe\rsa_sp800_56b_test.exe,91c9268eaab3e75c859d445695d9f0ba87a1246c04a9dfa7396758591f9d0f2c,4035072,MALWARE,0.9846735535286578,UNSIGNED,
F:\safe exe\evp_libctx_test.exe,f2978cd4b5b91a13c6a66765d50e1484a42f869b44f6044751f903caf453d275,4036096,MALWARE,0.9872735498165853,UNSIGNED,
F:\safe exe\wpackettest.exe,3ca9d831b15fd9f042ae5997f5c27268f411b73f11c7ab26eda41b6f384f4e46,4036096,MALWARE,0.9895986510637979,UNSIGNED,
F:\safe exe\endecoder_legacy_test.exe,2c9dc47cd446e93f75903e9852beebcaebd10c5a3aae467093cd96236062cea4,4039680,MALWARE,0.9802191706127673,UNSIGNED,
F:\safe exe\quic_fifd_test.exe,53501883353a715b8787a50a9a1cb1dc96f01f7ac2ac96e4313bfd5a8e345b58,4042240,MALWARE,0.9833667640992246,UNSIGNED,
F:\safe exe\cmactest.exe,d3c4a6841c0509f0892fb6f4f5ef9876fd0cf56ab383de621f665f51e8284c2c,4050944,MALWARE,0.9910961497682695,UNSIGNED,
F:\safe exe\quic_wire_test.exe,47924157ff5d0612eecd925ab8ae244f4bfc357ded1a5810dac3e356aa7e6051,4050944,MALWARE,0.9821315788382232,UNSIGNED,
F:\safe exe\destest.exe,d2492dc8c506ec70a3adb381ecfec16a5eff10873d72ef0b467cb3b13bb27c8f,4052992,MALWARE,0.9874128047459546,UNSIGNED,
F:\safe exe\tls13encryptiontest.exe,f95be72b04aeca57159c92fd29398c63e060a245ed181326b444694ddbdaa1f9,4058624,MALWARE,0.987246540834698,UNSIGNED,
F:\safe exe\fd.exe,4c9d082ee20f0d9e44881ac4e92adf765efc314d82103c53d7f576bd78dc5761,4060672,MALWARE,0.9959066398040561,UNSIGNED,
F:\safe exe\mysql_E2181090.exe,e21810907f75b9a534dc46f650d3d9ede3a8a388e6c349838d584b4e68be8fa3,4065792,MALWARE,0.9451261590597575,UNSIGNED,
F:\safe exe\ml_dsa_test.exe,6944f296f54f6f22b205c3ae6e30a96353f8f1c4ed67bea0c0cd7cb2f8bb96e8,4073472,MALWARE,0.9867809146598379,UNSIGNED,
F:\safe exe\evp_pkey_provided_test.exe,80db504f25ddfc5e18b6c2ee8700d58bacfa4a38b3bfb4f17078ddcdc4a8a1b7,4077056,MALWARE,0.9886429901800093,UNSIGNED,
F:\safe exe\cmp_asn_test.exe,46895fded9441799f4237eced9fe5e8f8fb02c136831ba483047607bbc9a14b6,4097024,MALWARE,0.9880335397732875,UNSIGNED,
F:\safe exe\cmp_status_test.exe,15dd26073aec40745ed1121086516de4e2d9f274c810d45198f9e5d9d49232d6,4100608,MALWARE,0.9863236559009801,UNSIGNED,
F:\safe exe\uninstall_9553814C.exe,9553814c6b44ff604a284b2487e2cbdcf709047c3e5552aa33083f653d5e70cd,4107614,MALWARE,0.9994119834152293,UNSIGNED,
F:\safe exe\ida64.exe,b6347897244677082d5f6eb99924de068cc606ba86d429ccbaa6056434b5ad74,4108288,MALWARE,0.9621664306609389,UNSIGNED,
F:\safe exe\ectest.exe,a4ea11975bc6b9df4a4bed19c6892964f9846ee2d92edd6d0416ec23a4a3ba41,4110336,MALWARE,0.9793106780518043,UNSIGNED,
F:\safe exe\cmp_hdr_test.exe,42bd4bcdfb67648af1bfe2c252a1d74c537d64c0c399b0c75ba0df105869e48b,4114432,MALWARE,0.9841449485625552,UNSIGNED,
F:\safe exe\x509_internal_test.exe,01b7e670725252a8b4f29ac4c4e959a631c0b9a99ef1a41cd3b076347c49b8ea,4118528,MALWARE,0.9786652727892665,UNSIGNED,
F:\safe exe\poly1305_internal_test.exe,82849b3a57beabe7e4926aa8d03e847bdbba6c2cdf7585a577ccdf0f14ba5f32,4120576,MALWARE,0.9658113542645999,UNSIGNED,
F:\safe exe\cmp_ctx_test.exe,d648b210788101eafc5dbe19f6edcda13612027382b538389453f9b71d3a97ed,4167680,MALWARE,0.980706307121207,UNSIGNED,
F:\safe exe\threadstest.exe,39f41292ea3a52fe46aaf09cd6b2e19c05523a0aeae1f9c9d26ae276940a2d08,4176384,MALWARE,0.9897385974136146,UNSIGNED,
F:\safe exe\FortiTcs.exe,5993f4361388c46fb05ef0db674b9a5bf47b1748a3015f10feed25fd3ef7059c,4195840,MALWARE,0.9980819073398802,UNSIGNED,
F:\safe exe\procs_3C561388.exe,3c561388a113b648a022a8654b4155344152794c73c57057aa0a31915ddc0b30,4200448,MALWARE,0.9930900928000826,UNSIGNED,
F:\safe exe\cmp_protect_test.exe,43b36906d45b9c3ed27dbdafcf014d69b524f1c29be25f226dc72abfd512c599,4217344,MALWARE,0.9850191563176269,UNSIGNED,
F:\safe exe\GraphStudioNext.exe,f0be6dfa55ab4c87491085e9ccf82bb2db2c9d3db9cc964be62a18201a0ad505,4218880,MALWARE,0.9923117594097276,UNSIGNED,
F:\safe exe\rg_14231169.exe,14231169855ec5205cf5a1b6f1db358ff4aed4247c86b69ce8aae647c77f6680,4218880,MALWARE,0.9222747439912211,UNSIGNED,
F:\safe exe\endecode_test.exe,19f95c64dbafde4f68a1ce889c4efbf0072b0d49094db142c9656e35228635ac,4257792,MALWARE,0.9730106210363445,UNSIGNED,
F:\safe exe\pea.exe,9de6daaad0de9b4a40de332ec783e31a2136e51a83287f60b2eac65366903454,4265472,MALWARE,0.9998969630815683,UNSIGNED,
F:\safe exe\cmp_msg_test.exe,36b6ccbe5e08861a44f33dcb8144dd7a849ff01528510a03d3278780effca44d,4266496,MALWARE,0.9893196550238075,UNSIGNED,
F:\safe exe\bff1007e_mspaint.exe,9a8d65e5753c6c516b8673b1a9e3e83fc1843fdc3e0e3248c9c9d5f9c8d10d4b,4267008,POTENTIAL_ZERODAY,0.002797291062191693,UNSIGNED,
F:\safe exe\cmp_vfy_test.exe,a3f73869794ec7b2b70dc28157f72f918dcfa83597fce1b6343fe72dc1845eef,4270592,MALWARE,0.9818693821178001,UNSIGNED,
F:\safe exe\mspaint.exe,609367052180dbcd088b0ac5919d2ca41cfd57f69a2ff0a39ff2e5397d7c6234,4271104,POTENTIAL_ZERODAY,0.00292164744659363,UNSIGNED,
F:\safe exe\cmp-test.exe,eaaf7b4a94b2907e915e61a135594bd639033d8b8869ce38716d1b650460d73c,4313600,MALWARE,0.9876557741423849,UNSIGNED,
F:\safe exe\nimble.exe,42d69be7662a581c592e0a132593633b40e948652ba6adbfa4b4f6c078b0b168,4337658,MALWARE,0.9653185136440239,UNSIGNED,
F:\safe exe\evp_extra_test.exe,a37968b5bd5140ae8c3aea55f1a88ad125c4919d7d966361972edd52a10ba21d,4361216,MALWARE,0.983896012229772,UNSIGNED,
F:\safe exe\smplayer.exe,196af245ac90a9d20767158eba6071c06283afbd05a7cf9851f8a7bbcf1ba42c,4365824,MALWARE,0.9935224966782479,UNSIGNED,
F:\safe exe\cmp_client_test.exe,db5562d863b875ea0778edcd918b3887346e1085c5bf99eeb230aa33ee9c9ca5,4366336,MALWARE,0.9828337520642073,UNSIGNED,
F:\safe exe\unins000_02AE1B38.exe,02ae1b387a58e695c3e80f4a493358bd4a73581af43d61dbf87419e326e5b0eb,4368642,MALWARE,0.9981007341971964,UNSIGNED,
F:\safe exe\unins000_67A7AF41.exe,67a7af41a7bc35a98b714de374e50346dba48d542cc06c42bfd2ad738900e22d,4373762,MALWARE,0.9957507740907522,UNSIGNED,
F:\safe exe\unins000_5DDC2DF9.exe,5ddc2df9b9502c09051d11b0d12ae01d1b2adad27ff86a37a312945b7a11e72b,4406018,MALWARE,0.9985164851672765,UNSIGNED,
F:\safe exe\cbInterface.exe,a67b5916d4b5017b3f1c212ba1f2a45daa3abafbf600dfc952bd4e8506f02223,4407808,MALWARE,0.9999131260783045,UNSIGNED,
F:\safe exe\NetHack_E96627F1.exe,e96627f13f9312858c3f69cc0f9b37d110e4fea2ee4f32cca220b841b5c26f1f,4408832,MALWARE,0.99114312112255,UNSIGNED,
F:\safe exe\generate_cert.exe,addb557dd25d3fbeab15f8cc28f6434ea1d83c30a618ecf20b984e362f499d40,4412928,MALWARE,0.9909194115921406,UNSIGNED,
F:\safe exe\mariadb-conv.exe,c7f3e3fbef1a18ee449709e84c4688f8e62bd2cd9272a512456f701374219a12,4414464,MALWARE,0.7520520475518199,UNSIGNED,
F:\safe exe\unins000_EF8639B9.exe,ef8639b947c803b37689070dca0e383df21d264a562eebb6639aff503c3df096,4441858,MALWARE,0.9974910558053688,UNSIGNED,
F:\safe exe\pinfo.exe,2a7bc01c8f1644d0cd3fc694398698671f06e5809e675a1417a253707507f01a,4448588,MALWARE,0.9864388557068392,UNSIGNED,
F:\safe exe\ld64.lld_4359A75F.exe,4359a75f1b263745632a79395ab2c13a0be547b7275fbd4c3aa10cce136e5895,4450304,POTENTIAL_ZERODAY,0.16589678624279833,UNSIGNED,
F:\safe exe\unins000_03969CC3.exe,03969cc36768ed221a4e6b410f64ec153776551bff5dbc3e21964fefeb14c51b,4451074,MALWARE,0.996518837882336,UNSIGNED,
F:\safe exe\unins000_60834643.exe,608346436ac386f8b4a7ce9d4848dc068b887a74dd4fd5a189470f98588ad192,4451074,MALWARE,0.996518837882336,UNSIGNED,
F:\safe exe\unins000_842D0493.exe,842d0493d6f923bef94bdc4c22193dcb46eaf233f20516720ac9673f9f517311,4451148,MALWARE,0.996518837882336,UNSIGNED,
F:\safe exe\image_export.exe,41af03493ad181feb15da9c2b22748c92eb66eeea344e7cb40dae2e4354ee632,4466039,MALWARE,0.9857085844483389,UNSIGNED,
F:\safe exe\osfmount_Help.exe,dcf5a0feaea55d17a1a66f853bab3f2517d6a9de4c407a2ec16ae66bc8083cba,4515089,MALWARE,0.9986828123435257,UNSIGNED,
F:\safe exe\vbmap.exe,6de00f587e70fd99f5e30f17e26e39590a83f956b4419f8d8f95d3fac185760d,4557312,MALWARE,0.9527909542905203,UNSIGNED,
F:\safe exe\renamer-7.9.exe,0808b5044a6bc221cb8888c829ff6b8bfcaef1c64d00e8305c0b5b8356e273bd,4563265,MALWARE,0.9997190160833382,UNSIGNED,
F:\safe exe\iupview.exe,51d98383b40d5def123e3c9906183c81caafa31c3d0b70949901c65b630e5045,4575232,MALWARE,0.9996805725088934,UNSIGNED,
F:\safe exe\Bluefish-2.2.12-setup.exe,56460cbb35d3433e50a1343ff18336e7fa5380b600c21401691fd2664bd9516e,4578861,MALWARE,0.9996335923510207,UNSIGNED,
F:\safe exe\myisam_ftdump_4588032.exe,513f46a5d25212fe317fca4858a16e170a6a9cf959d59eea1c48e261e072829f,4588032,MALWARE,0.6282129261019264,UNSIGNED,
F:\safe exe\myisamlog_4602880.exe,9202bcc5543c04c34cbe12ad6a477509e1a30eee39c09fab0f9a64ebde93da6e,4602880,MALWARE,0.6540291181354422,UNSIGNED,
F:\safe exe\myisampack_4605440.exe,ce67b8420acce7e59f7f9c258af334e25abf8dc8ca0dd897cd89c48feeda08d7,4605440,MALWARE,0.6214483652140884,UNSIGNED,
F:\safe exe\gnucash-cli.exe,d4a5c60b5d3dbc3b69940223f75124b5450a6e9b51fe0af29983f9d078bc4844,4616879,MALWARE,0.7387702816879059,UNSIGNED,
F:\safe exe\FiddlerSetup.exe,8c6d6837b2b19b20ecf3ed494ce4235e0863a4171746ba5c24f8f387d86e7512,4648416,MALWARE,0.9072498980352831,UNTRUSTED,PROGRESS SOFTWARE CORPORATION
F:\safe exe\unins000_59153BBD.exe,59153bbd0c15ca80da07938bc0cfa404775cec75e13e9ba240e9037fd91617b0,4649730,MALWARE,0.9991576083273029,UNSIGNED,
F:\safe exe\cjxl.exe,aa031f64b14322c3b8108365680fc33d4566549648e5e7b8198e2a31968a2ff8,4658688,MALWARE,0.9972679688101099,UNSIGNED,
F:\safe exe\unins000_A41DC9BB.exe,a41dc9bb456e7a2f7e5da6cae6b34b826bac996aee1878cd3eef7ac7b241f704,4666150,MALWARE,0.9989408301159717,UNSIGNED,
F:\safe exe\unins000_A94A9E93.exe,a94a9e93d3a037fcc734b67db584786fd8f601b0b6e8acf555a47b913b7d16a8,4669186,MALWARE,0.9988144380148561,UNSIGNED,
F:\safe exe\ecdsatest.exe,b1d04f35dd97c645dc47602f680cd9bd2052bf46f1bb6f1b256da3a6b0e34373,4713984,MALWARE,0.9921617863791031,UNSIGNED,
F:\safe exe\mariadb-check.exe,b7f6f2e1e9196a638bf42c23a1f62eb2cd9d1edfc9bc2485bcb11eb2c496fa54,4727296,MALWARE,0.6574608281167086,UNSIGNED,
F:\safe exe\myisamchk_4744704.exe,bbc2aab788ba73c1aa6b0116260f3d0a9cb2fa212df892d4a1655856d2bf1456,4744704,MALWARE,0.7559989678976068,UNSIGNED,
F:\safe exe\rustfmt_84ABD1FA.exe,84abd1fa0d8e9e0dd4c2bce3544e650b4137ee87ec8179e8e16dbb974af11db0,4752384,MALWARE,0.9878660144470585,UNSIGNED,
F:\safe exe\pxp-agent.exe,ab475b5da70bccc1f6e57ffcc8a77f30319e0d617a9b41977c2b5c65f1a856dd,4761329,MALWARE,0.6981939139144069,UNSIGNED,
F:\safe exe\rustfmt.exe,607162816ec4f330fee34d6954e20631a76657c4264d75ae80c14183f8dc1b18,4764160,MALWARE,0.6338836539481746,UNSIGNED,
F:\safe exe\cspy343.exe,6f1c39f521d7ccdc2c0cfb8a69d456c57b6094e95afc9d9294d85f35eb116a45,4775004,MALWARE,0.9997282279772413,UNSIGNED,
F:\safe exe\mariadb.exe,69cec1b3887075d655d62b3dba3814ed9292a608b881330343b46b3037ec4145,4823552,MALWARE,0.6975944010756955,UNSIGNED,
F:\safe exe\mariadb-dump.exe,6e6dab9216264c610818e6a98dd6eebddac3fd3ab074c4784d8bf6428f06df01,4833792,MALWARE,0.5669316767063386,UNSIGNED,
F:\safe exe\choose_9233BEAD.exe,9233beade020c3e74854911a15aa973f7dc9f4253abe8856b8c273579a555903,4837025,MALWARE,0.9687648864540921,UNSIGNED,
F:\safe exe\quic-srtm-test.exe,59e67f73b210cd300205d2242401e66c366bd7aade3aedeba05b53888cc2eded,4848640,MALWARE,0.9609447548962815,UNSIGNED,
F:\safe exe\quic-lcidm-test.exe,d64ddb756db87054d8334203c62ad76e0837d7d0e5bf70d4ce50604bb35f7d27,4849152,MALWARE,0.9606656557093229,UNSIGNED,
F:\safe exe\quic-rcidm-test.exe,feeed68b6ea7ebb1b771fd43301a1fa466b53b71b0fc749ba889bb3d1ed76b02,4854272,MALWARE,0.9665130248506484,UNSIGNED,
F:\safe exe\cipher_overhead_test.exe,0a8c1e338687788ca11e96296a49f32e467383d115391075ac79207c34d63f74,4862976,MALWARE,0.9716613866087168,UNSIGNED,
F:\safe exe\ext_internal_test.exe,b66a44d06d752486bf061278c43fdb7db237f05eca90410fa4feec07160b59e0,4866560,MALWARE,0.9689363225288862,UNSIGNED,
F:\safe exe\quic-client-test.exe,98d62be4b82812cc91b52c977fd8d998873dd0284566b84fa95b0b93154fe870,4868608,MALWARE,0.9719530551530903,UNSIGNED,
F:\safe exe\quic-server-test.exe,55997e0c34440524894ab772a240269cf0107ab8923ba7e8d0797f0c824c3a97,4869632,MALWARE,0.9699249701055317,UNSIGNED,
F:\safe exe\ssl_handshake_rtt_test.exe,91edfda5e127d15db119337c75a95430d92520057a03b18ff359d812985e9290,4884992,MALWARE,0.9734094768241836,UNSIGNED,
F:\safe exe\quic_stream_test.exe,17481d99e09843132a201565e73509d0452bd49242040d6ad0636a8b73540f82,4885504,MALWARE,0.9651923198071312,UNSIGNED,
F:\safe exe\quic_srt_gen_test.exe,0baf7cfbc292410255b312b8afd375f8f71734425b86e33184d5133d41b9216b,4886016,MALWARE,0.971636959802078,UNSIGNED,
F:\safe exe\quic_client_test.exe,160289f6bc48ccad8e533d6cd4cd6991dafd2d275b559b6d4c2c2eba1bb57c0d,4887552,MALWARE,0.9734094768241836,UNSIGNED,
F:\safe exe\quic_tserver_test.exe,791ff2159bf223bf7ce7310e22fdd8056f3f8bb01554954be37bf946d76e5bca,4895232,MALWARE,0.9811094578547525,UNSIGNED,
F:\safe exe\mkcert.exe,d2660b50a9ed59eada480750561c96abc2ed4c9a38c6a24d93e30e0977631398,4896256,MALWARE,0.9934501112934363,UNSIGNED,
F:\safe exe\mariadb-binlog.exe,0c4f2c2e3532c46d122593c24b6fcd6ac5daae4377b885b058b7762dfd68a084,4902400,MALWARE,0.5399724347091068,UNSIGNED,
F:\safe exe\djxl.exe,985f1acb87f5fb429378c849fad779de2e110271b3a634dac2762284d7c59fc2,4902912,MALWARE,0.9947290654271683,UNSIGNED,
F:\safe exe\tls12psk_test.exe,ecd37e3dbd283b3d2918962b58c86a0abcd1293e9ff40674eef5d0f8f1d20983,4903424,MALWARE,0.9751965471730865,UNSIGNED,
F:\safe exe\quic_txp_test.exe,b55e57b9419cda334e49d30d5aa16fc27c8e72ddbe8cadcee1112247c22732fd,4907008,MALWARE,0.961549266500131,UNSIGNED,
F:\safe exe\llvm-tblgen_3CADD20E.exe,3cadd20e69cb0e914cd01077d286469f40b1fe93e40deb1f87b4823219c73c57,4912128,MALWARE,0.7421664617141921,UNSIGNED,
F:\safe exe\quic_record_test.exe,df7724dbc7d88ee6f2ac40dac9618ca6e5c893d2d051d8feff90f8a27629995b,4917248,MALWARE,0.9687165524091278,UNSIGNED,
F:\safe exe\json_test.exe,8907cbc7abaf0fd83d876a8446e1abb6494edc161d85bc2a2f6869675c7e5ffd,4918272,MALWARE,0.9706086012940639,UNSIGNED,
F:\safe exe\UseCPUOpenGL.exe,b14258c2464fa444e937f13f29489343f10f75241d0beab009f2b8840394f83c,4920320,MALWARE,0.9866204383127997,UNSIGNED,
F:\safe exe\ech_corrupt_test.exe,c28bc8dc3d2b3815bef7c99419d23238ce639fb6c83ba635fa42afbf1067c5c7,4920832,MALWARE,0.9798451366507207,UNSIGNED,
F:\safe exe\ssl_old_test.exe,47736318fdc4684918a3df885c12d22d67decfb8ca4ff9e3b617d2ac8e6b0a84,4933120,MALWARE,0.9709141193843336,UNSIGNED,
F:\safe exe\dartaotruntime_4937216.exe,7c5476b8426b96090a15b9924aa7a4da2a19513ad8e056a21fd78bd06e9e28c2,4937216,MALWARE,0.9656849485298331,UNSIGNED,
F:\safe exe\win-sshproxy_42CB9051.exe,42cb9051ebdcaa2b607bda724c884e31f613253fe4b095c5528be1dfd48e4311,4948480,MALWARE,0.9994918859995083,UNSIGNED,
F:\safe exe\pyrogenesis.exe,05efae87ced3e67c759d9e25c42abee3a11e507e62ec6972a92c762e843e0fae,4950528,MALWARE,0.9005637150208898,UNSIGNED,
F:\safe exe\quic_newcid_test.exe,843bf5915a99c6957500cd3af6512326f36fd1485e4790210a5a851142ddd38d,4954624,MALWARE,0.9813190551158782,UNSIGNED,
F:\safe exe\quicfaultstest.exe,8c8fe10a64c15426838fb1b29be95592abfda3120d066e32adc4bb8c062f8dcb,4958208,MALWARE,0.9777167789949944,UNSIGNED,
F:\safe exe\ech_test.exe,1346bb59144a19cb678c405a6047282ddebc12a94563e93dda46fa99aceac29a,4959232,MALWARE,0.9690986250338182,UNSIGNED,
F:\safe exe\SysInspector_4967856.exe,88b6f0b4d1fc6f72058b71e7bda2e3d53aa674268f466f468c2a00d4938102af,4967856,POTENTIAL_ZERODAY,0.018997335967797745,UNTRUSTED,"ESET, spol. s r.o."
F:\safe exe\SysInspector.exe,548e2a1b4113c16d421df342e4beed5aaa393db29810936788bf2b7f720537a9,4989872,POTENTIAL_ZERODAY,0.018050734233827782,UNTRUSTED,"ESET, spol. s r.o."
F:\safe exe\quic_radix_test.exe,21beae45e25e91398d3a6561328ec9f145dca3137bdc77de3ef69ea8fef8b790,4990976,MALWARE,0.9601678238845636,UNSIGNED,
F:\safe exe\swig_64346519.exe,64346519320ad4d7ad709934dbdc393995b2e83c790751858571a633875441e9,5006989,MALWARE,0.9784048449958984,UNSIGNED,
F:\safe exe\hedgewars.exe,354287e4534c9f599286e15caee4890c06f4067dd2936d965f2ff10a51f2d484,5032298,MALWARE,0.9979392639140457,UNSIGNED,
F:\safe exe\unins000_7E81AB95.exe,7e81ab950f7aa637bce3c14ac26c77bc095a83a1461fccde5110430e782725ee,5037796,MALWARE,0.9959833738266596,UNSIGNED,
F:\safe exe\aria_ftdump.exe,ec92e4be77f1361d7da0050a02da44a12e633d1489cb4f13d633fd95a3445d18,5041664,MALWARE,0.7994983652421964,UNSIGNED,
F:\safe exe\aria2c_5056512.exe,b99bddb5501b8d15f4c35d4f8d0e6f23098f5875cec8c742911a298e78163093,5056512,MALWARE,0.9971438515674672,UNSIGNED,
F:\safe exe\ekrn.exe,d097376d5bc4d5fe35d31efc95607aec31b7a86b207c4b4e7103268cecc97836,5058536,POTENTIAL_ZERODAY,0.001459668784559274,UNTRUSTED,"ESET, spol. s r.o."
F:\safe exe\rust-analyzer-proc-macro-srv.exe,545c23c99ec0bc0ea51a1ae9b704baa282b0e16a8b2313aff2839f96c7c6d936,5059782,MALWARE,0.7433786128370553,UNSIGNED,
F:\safe exe\quicapitest.exe,81b39ec07f78acdf6efc28292ee5c4e948d63797a02db9cd07dbfff49e06966e,5069312,MALWARE,0.9671896452460902,UNSIGNED,
F:\safe exe\quic_multistream_test.exe,18db84a4dd3fba5428b161fce0187e67ccee069a6453c0fe1ef731479a8b0dce,5085184,MALWARE,0.9730029650179339,UNSIGNED,
F:\safe exe\psort.exe,a5d31ff2d1a0dd36c02b61670d0bb741a3a3f5f4a068ebbcb8dfef0c518fc8f9,5103820,MALWARE,0.9875397911763537,UNSIGNED,
F:\safe exe\aria_pack.exe,a6429c935ff24a7424fb2e5d7989c507cadc3d2328f408104848775c9f6e65d9,5105152,MALWARE,0.7710779020281544,UNSIGNED,
F:\safe exe\ekrn_5117072.exe,783a11451e4618073855cd6d29a141e70e86be5b28dfcb8c8fb174e8facdd0d0,5117072,POTENTIAL_ZERODAY,0.0005799573550438641,UNTRUSTED,"ESET, spol. s r.o."
F:\safe exe\Far.exe,e31e0c225d46bd845a1fc29c4fd6b81aae8c236f93461997615592db1bd650bd,5132288,MALWARE,0.9717241042433604,UNSIGNED,
F:\safe exe\unins000_CB75F2E2.exe,cb75f2e23aa086fae8dbd802a8f8cb5f07f129b056ac9e62c58d78a3c35b0415,5144560,MALWARE,0.9552097892974174,UNTRUSTED,Ascensio System SIA
F:\safe exe\nimsuggest.exe,da4d5dd8484f939722d77f4aa6e49734cf609ecc9b5cbeab4a88e3d7e3a2b778,5146298,MALWARE,0.921906421584899,UNSIGNED,
F:\safe exe\unins000_7A1DAD51.exe,7a1dad51cc2ea2c7cfefddc9eb2eab043e9994ca29d3f55bc29b3e05b62dfaf0,5150058,MALWARE,0.9963813965640731,UNSIGNED,
F:\safe exe\ld.lld_9D4A721A.exe,9d4a721a9299ee300827aaab68c4138a6e4ecfa4d4766ec17f0f1235d9f97541,5177856,MALWARE,0.9375754982241854,UNSIGNED,
F:\safe exe\log2timeline.exe,6d292918bce1ed947614d6c9c4ff13cbd9d0c9cadc116db75d335120aa7918e6,5179019,MALWARE,0.9893663035257847,UNSIGNED,
F:\safe exe\rawtherapee-cli.exe,8dd244fd9b1691f999884d07b6b1356a6bfcdaa464795c411ab9f1553eee297b,5180416,MALWARE,0.6955582700545198,UNSIGNED,
F:\safe exe\jedit5.7.0install.exe,e3144406a581a155ced242544d4d0d53515e05e0696cfd2969062c27adfbb521,5185577,MALWARE,0.9924829837889478,UNSIGNED,
F:\safe exe\rust-analyzer-proc-macro-srv_5189775.exe,51427b8123d38acc429b86004517301d1deeac48908b29257438ee3076b415a0,5189775,MALWARE,0.803029582107348,UNSIGNED,
F:\safe exe\psteal.exe,da0f5167c6a21d704623c7fcc2e2a5d6afb9c368ba47e9457af09240fc3b17b1,5194877,MALWARE,0.9893663035257847,UNSIGNED,
F:\safe exe\wasm-component-ld_3AE12224.exe,3ae12224d673de49e764f844d9ccad6b911c8f4c4603b156a4108f4035813191,5198848,MALWARE,0.9297737065705334,UNSIGNED,
F:\safe exe\wasm-component-ld_49B3CC63.exe,49b3cc6310623dc1c68abf3f570076805c1d348ac10871edf56e68e4322b1ac2,5200896,MALWARE,0.9333700897538152,UNSIGNED,
F:\safe exe\GraphStudioNext64.exe,71da2c62de42def5d3bc0f3f487a1bf01b1b321843be82e08168031013c40886,5201408,MALWARE,0.9185588100564197,UNSIGNED,
F:\safe exe\rg_F27F8EBB.exe,f27f8ebba9d68b66696ced90fad5d93abd2840267994f4380eee9eaa11107c11,5210112,MALWARE,0.9967335952767604,UNSIGNED,
F:\safe exe\aria_read_log.exe,8d83da14beb0849888d31097e8d655b69f0360439740fed32bcc5388833296cf,5243904,MALWARE,0.7660678577897974,UNSIGNED,
F:\safe exe\HideConsole.exe,70830302beda35231f91a77330e536059e6efd3ca9498a22d21579ab45338f14,5244416,MALWARE,0.9997032804402384,UNSIGNED,
F:\safe exe\gvim_noOLE.exe,6982f879268359ce04aafd18f27031e6734f8aaf64e361c4c48cef6ff53246fc,5272576,MALWARE,0.6701174856783987,UNSIGNED,
F:\safe exe\aria_chk.exe,f21c649436809ad141dcca248fe048015fff3495dfef1b64fb0735578b4b1054,5275136,MALWARE,0.7411504475486045,UNSIGNED,
F:\safe exe\sslapitest.exe,71bd090cf9dfb305585e3cb14a88b18de57132002438f773fbaf25eecd40edc5,5308416,MALWARE,0.9392513327370015,UNSIGNED,
F:\safe exe\xonotic-x86-dedicated.exe,a6ff70806b8d29ec14aeb3a0ce3610e0ef14b572e7f70ec22465ff72e0b3254c,5310123,MALWARE,0.9804314168597911,UNSIGNED,
F:\safe exe\xonotic-dedicated.exe,981292497e815231ad49b9ba1144c3b682b17dba2f2b932287d6609e752e414a,5315424,MALWARE,0.5937927691360867,UNSIGNED,
F:\safe exe\rg_1DCE02AA.exe,1dce02aae98c0a48c2644abd1849fb90406296d4e0c95e239f95242ee8480ff8,5332480,MALWARE,0.9648862399747989,UNSIGNED,
F:\safe exe\nu_plugin_inc_3A418C52.exe,3a418c52ce659fb30a3332ac341a9c87626048ed8d56107fb45ab5b6215e7eb9,5340160,MALWARE,0.9943919743098141,UNSIGNED,
F:\safe exe\NetHackW_DB84B3FF.exe,db84b3ffe04e46eebfda949e236b5e1b7b962d6883c8109ab2bed94d9c9ec904,5366784,MALWARE,0.9993575439167797,UNSIGNED,
F:\safe exe\AdblockPlusEngine.exe,1682bdc6fd3640619ed84b36410561ca09f20551dc0fe20e4edcfc7e2a22edfe,5384968,MALWARE,0.7282801071300387,UNTRUSTED,Eyeo GmbH
F:\safe exe\fzf_37484384.exe,37484384ea40b550bf9f35398fb075d131a2d126316d74faa29c3d8d7e9fe73b,5455872,MALWARE,0.9815999916841986,UNSIGNED,
F:\safe exe\zabbix_get.exe,4254d6a9ccc85fdf989b1b7ff94b418ee89b197017c690e9e705347fcfc4cddf,5457408,MALWARE,0.7943662762224298,UNSIGNED,
F:\safe exe\fzf_EB6A1732.exe,eb6a1732e800e4abd077811faca65aeecb2ec3fe7ea9ddf297364a05104fd5b8,5460480,MALWARE,0.9551818688430281,UNSIGNED,
F:\safe exe\zabbix_sender.exe,689601f7d86b106045eb1a01764b7ff5d32c277da1f8f3cab1fb6ac4301938f1,5492224,MALWARE,0.8399967428637254,UNSIGNED,
F:\safe exe\RescueTime.exe,e2729a088d053f060c555e26f5c0e595d2f4f7a5e303637e3477b47906a26d3b,5500928,MALWARE,0.9757874566095908,UNSIGNED,
F:\safe exe\dartaotruntime.exe,480cbfb70dd0034b925fed77c22610ae551fc810ee129e20da701c62040c1b13,5535744,MALWARE,0.6343880181668999,UNSIGNED,
F:\safe exe\otter-browser.exe,aacb9c35290ce33568faa3db81f5b3086ae59f61388ab3530052d955f0dc61b2,5535744,MALWARE,0.8401298025959394,UNSIGNED,
F:\safe exe\dart_5578240.exe,4daa3455f8844ff2a907dffd68ba511f112ba67f5f6635d69a122e5b60bf91ff,5578240,MALWARE,0.4930149230146242,UNSIGNED,
F:\safe exe\cppcheckgui.exe,c3a4dd31d6d3a80a82a27a6ef7a67971f40e22a2b0a214e4ba5dd3a33a923c13,5626880,POTENTIAL_ZERODAY,0.16313346194279918,UNSIGNED,
F:\safe exe\cppcheckgui_CA2D1BBD.exe,ca2d1bbdacc0a01ca1e3a98654f7a31be7eb3392b68bd02549fdc876447b304d,5638656,POTENTIAL_ZERODAY,0.15227579578759073,UNSIGNED,
F:\safe exe\aria2c.exe,be2099c214f63a3cb4954b09a0becd6e2e34660b886d4c898d260febfe9d70c2,5649408,MALWARE,0.9909362222404547,UNSIGNED,
F:\safe exe\sublime_text_5663232.exe,7dccf153fd1a3438b79b3bb5c8e251c59a6827bcb013be97b749fde7eb4932f5,5663232,MALWARE,0.8850237236627074,UNSIGNED,
F:\safe exe\lld_3BCAC015.exe,3bcac0152cd9e8e60156a7f839285f59baa184057462b1705adb1a13805fe1b2,5675008,MALWARE,0.7947706067505994,UNSIGNED,
F:\safe exe\helio-3.17.exe,cd5ddbfee2bef5d9fe495a9d8f83b90bda0a49405a6ea23277053a9f334fa946,5723752,MALWARE,0.9123673652051494,UNTRUSTED,Peter Rudenko
F:\safe exe\sqlmetal.exe,740cb51339d9c2ef9eae953397e4ef8796cf5fdb7cf5edc686909b39bae66d47,5748224,MALWARE,0.9687267749295642,UNSIGNED,
F:\safe exe\xonotic-x86-wgl.exe,491b6dd3fad10924abb9051258a6da7d1852b48db62c7cfb69f346e1244fd4bf,5869591,MALWARE,0.995647301385361,UNSIGNED,
F:\safe exe\xonotic-wgl.exe,85b5f7524e83f5b97df29eba38a43a820187d80233c3990cabe840fbd896a44a,5892226,MALWARE,0.9920614279150852,UNSIGNED,
F:\safe exe\GalaxyOverlay_5896528.exe,a84e701903243fe774f4e04efe4325c7c3ea8c4000b54df9c135468987383edb,5896528,MALWARE,0.6523473298796084,UNTRUSTED,GOG  sp. z o.o
F:\safe exe\alacritty.exe,5ad70ddc5c2a2bfe84084a2c4c73558e9360914f035a902d7a69277be7249f1f,6003200,MALWARE,0.9932860963196661,UNSIGNED,
F:\safe exe\zabbix_agentd.exe,9bc811e34604ebbaecb1fb3c17d6980041830b91bf7449d6f7a09a8f7a4e069b,6020096,MALWARE,0.6005845175061687,UNSIGNED,
F:\safe exe\uninstall_83F33099.exe,83f3309973b3f9e70d093a9142236e7e006b4f185f6c48c958ff6af069e3ca0d,6072634,MALWARE,0.9997906215284122,UNSIGNED,
F:\safe exe\WinaeroTweaker-1.65.0.0-setup.exe,4af7d37322fb7167c26043bae23d34877733e4bd478a863b92d317e840f87377,6108658,MALWARE,0.9822283687812294,UNSIGNED,
F:\safe exe\saga_gui.exe,39c08395b8f48c9f12d8569316ba047238c7a3359f316272b215e664f8b25c52,6108672,MALWARE,0.9047317861428749,UNSIGNED,
F:\safe exe\ResourceHacker.exe,14a44fe31b04fbcc65e94e80016138a2e9fc9bb6dfcea09b98de57f8a22a1240,6207488,MALWARE,0.9994257549750383,UNSIGNED,
F:\safe exe\uninstall_C157C590.exe,c157c590f9daadbf7c7132ba732b1f611e7ac8761596a184998be77115d188c8,6314446,MALWARE,0.9975436665165447,UNSIGNED,
F:\safe exe\gdb.exe,9d76cfab560ff7c5ae18aa2674b5548d26e160968758b5f95f769ec871d418f7,6462976,MALWARE,0.7020136388969286,UNSIGNED,
F:\safe exe\miktex-texluac.exe,90839bf4024164f9a4ee7033063d8dea92596880455e34cebac747e26d999691,6497280,POTENTIAL_ZERODAY,0.044887586982319705,UNSIGNED,
F:\safe exe\ptex2pdf.exe,58e476fa6d3496f2a4e3fcacb5f7e7fff590b14707103f165674d457286919c5,6500352,POTENTIAL_ZERODAY,0.03156400135862441,UNSIGNED,
F:\safe exe\cppcheck_94E52FD5.exe,94e52fd552d1f223e5ee6c74b5545c097c6ec41d0a587d0e5c9bd603355d9a5e,6537634,MALWARE,0.6486021137991063,UNSIGNED,
F:\safe exe\ReNamer.exe,2f2f731ca0e46ea781f89307f6e300d0635ecc4831c2e63cef121b93a154e75f,6539264,MALWARE,0.9998391312799008,UNSIGNED,
F:\safe exe\lualatex.exe,dd34fd3916d06511748022ef1654f635c8f1a3fd4940c5349bb6c3b643ca52a9,6544896,POTENTIAL_ZERODAY,0.02997124625859193,UNSIGNED,
F:\safe exe\mgba-sdl.exe,e08d9771033acd9a518175ef528ad3a54b6d2a2e532c7aaf3af54b7ed5af420f,6563859,MALWARE,0.9936959409184107,UNSIGNED,
F:\safe exe\qemu-system-avr.exe,987fa30a719b61f75b641b4e95f33f885fcf626afa6b4ca3a436489c268815ee,6623880,POTENTIAL_ZERODAY,0.08729166112387729,UNTRUSTED,Universität Mannheim
F:\safe exe\qemu-system-avrw.exe,e3d748cd3fc411f227ee54a16e9c8b26335b9939fbdbb621854817cf9aeeaa88,6623880,MALWARE,0.6701386238746503,UNTRUSTED,Universität Mannheim
F:\safe exe\CloneSpy64.exe,ca30738f63f1faa851deb020a39689678a8dc9497366da95fb469715c5ce7e0c,6626816,MALWARE,0.9993166211159158,UNSIGNED,
F:\safe exe\qemu-system-rx.exe,dc9f39082e57463ce32aded411026121bdd06bd8afa2ecfb63db6b60013e6aaf,6637704,POTENTIAL_ZERODAY,0.06029079214707974,UNTRUSTED,Universität Mannheim
F:\safe exe\qemu-system-rxw.exe,d259cf2e67b73516a3317e4c18782b11a53a8cecccf54704670e431fbe5ba058,6637704,MALWARE,0.4355297011444942,UNTRUSTED,Universität Mannheim
F:\safe exe\autoupdate-windows.exe,22c0ec9e7b1d2a593e1c54b8685ad5e8bd48ee82a606e2ba9d1999c3abac8f45,6669672,MALWARE,0.9995053189895415,UNSIGNED,
F:\safe exe\qemu-system-tricore.exe,5c0b1ea3b44d46d9f622b8ade19d5a02aaee16bf69cbc39d7622b8f20a28d3ae,6729864,POTENTIAL_ZERODAY,0.08269961217455661,UNTRUSTED,Universität Mannheim
F:\safe exe\qemu-system-tricorew.exe,550f1bea79e5ed279101c81d2afea0b7c794726e68726b4fabafd7c39af470e9,6729864,MALWARE,0.6938463874707166,UNTRUSTED,Universität Mannheim
F:\safe exe\unison-gui.exe,8923455bbbd554778a0db201bad0f97e540fc8b28954a157deee14ebb84b0ab4,6783488,MALWARE,0.614867864731699,UNSIGNED,
F:\safe exe\unison-text+gui.exe,8d8a4cb187d540d1184b5128d947477655bef99883b7b374e698e3b1069b588b,6783488,POTENTIAL_ZERODAY,0.04395833439643354,UNSIGNED,
F:\safe exe\uninstall_00BE9DE4.exe,00be9de4beaf4690b88f0537e306bf937f1f01b1f26e371748e62c10c4e06553,6798143,MALWARE,0.9986422538492142,UNSIGNED,
F:\safe exe\qemu-system-microblaze.exe,22ea7321c704216e884f0731d01fb34050ab9d737621f90954cddae191cc1394,6836360,POTENTIAL_ZERODAY,0.02873138943473291,UNTRUSTED,Universität Mannheim
F:\safe exe\qemu-system-microblazew.exe,a04377dc7f271a011ed19b4c7810ded4e78b055b5fcc450f39e257d35e8889fe,6836360,MALWARE,0.42647956098177775,UNTRUSTED,Universität Mannheim
F:\safe exe\HxD.exe,9d460040a454deeb3fe69300fe6b9017350e1efcb1f52f7f14a4702d96cb45ca,6905856,MALWARE,0.9978734932358476,UNSIGNED,
F:\safe exe\nvim.exe,c969282bbbb92a5f3001499d1037887b6eb38b6d7269df9d04113884e294e14c,6969856,MALWARE,0.8712640541603929,UNSIGNED,
F:\safe exe\Dexed.exe,c6f661c2d5945cc0b2dc704b37a32feafd7fb664fb6679cd963d803edf2ffb07,7022080,MALWARE,0.9997490621964169,UNSIGNED,
F:\safe exe\qemu-system-sparc.exe,f1baeced51af2460702f989c1251f607d9acf0ab90f40a3ad4e883624cd9a1b0,7122568,POTENTIAL_ZERODAY,0.021380191607377225,UNTRUSTED,Universität Mannheim
F:\safe exe\qemu-system-sparcw.exe,c66e0eb9fbfadd3ea132f0086bdbb707f23ac7f06e51994fe2a59a76b0ce4520,7122568,POTENTIAL_ZERODAY,0.39038143854002993,UNTRUSTED,Universität Mannheim
F:\safe exe\GalaxyCommunication_7191888.exe,0520b266c010c38ed0a86ed30012b41bb140586bd7053b875bf0305262da17e1,7191888,MALWARE,0.9798877289283234,UNTRUSTED,GOG  sp. z o.o
F:\safe exe\cbq.old.exe,64c2c03dd8037fc3b833d82ed2d0419b0ca8a16c92dfda1e637e83a3d306ec38,7202304,MALWARE,0.992114486919286,UNSIGNED,
F:\safe exe\qutebrowser.exe,7889e2bc7e832ac8c0f4023c5df115ea9a73a593655f587adbeec6ac3b002f6c,7204955,MALWARE,0.9984101263692605,UNSIGNED,
F:\safe exe\b4ea813a_gimp-3.2.exe,b4ea813a747ee419657bc3e1289ebbe79f90a28bdf6fbbd445f7c5b3fbe41e99,7225856,POTENTIAL_ZERODAY,0.0065992545897964145,UNSIGNED,
F:\safe exe\xonotic-x86.exe,f3dc0624174a941a3adb3fa970c24490a16775b6277ff7947eabcea5a353d494,7227612,MALWARE,0.9974372980828433,UNSIGNED,
F:\safe exe\solvespace.exe,1840330f1d87445795c4ab66e258d44216e8567d838fa502d9f56c31ba181fab,7266816,MALWARE,0.9948588324574559,UNSIGNED,
F:\safe exe\deluge-console.exe,9ccee5188a8d8a19b67c6e1e09cabcf18c63ee7670bd6d3e6d40a70973e7a36e,7269554,MALWARE,0.9996244079342139,UNSIGNED,
F:\safe exe\deluged-debug.exe,df06d5a21df11c0d74c2ec2139d88fc63f5e50f97cc3d6aefa61983c22a1aec0,7269557,MALWARE,0.9996244079342139,UNSIGNED,
F:\safe exe\deluge-web-debug.exe,b1fc01546e2b1d6d8a56aec5722948afc9c0fc8039830283d60751cef841e0d2,7269559,MALWARE,0.9996244079342139,UNSIGNED,
F:\safe exe\deluge-debug.exe,7b04e52d2e20cf0ed96daea4479d0f1b86f9b171c639755e28039c6da041ed7c,7269765,MALWARE,0.9995673827613726,UNSIGNED,
F:\safe exe\deluged.exe,9749a0e486207db38bf0d6fe91e365e70cb716aee346b8948c35d792d07c6af8,7270059,MALWARE,0.9998052185332984,UNSIGNED,
F:\safe exe\deluge-web.exe,7d49bd18170aca43ea8dc4a0092b6a14e6bd1a285d421d18c5eb411c5dbdcf78,7270063,MALWARE,0.9998052185332984,UNSIGNED,
F:\safe exe\deluge.exe,2f825f803c7ebed9a61e627e0379b31a9daf273010fc4a78be0b5723e6993d64,7270252,MALWARE,0.9998052185332984,UNSIGNED,
F:\safe exe\deluge-gtk.exe,300ccb5740871983f579232624a1da758b9747aa34b426bc9b6b48c8208886f1,7270273,MALWARE,0.9998052185332984,UNSIGNED,
F:\safe exe\meson.exe,68840b2effadfca8acd080801bb1a433c3566f44a1e77f7fc6c51127d9bb0e69,7308304,MALWARE,0.9952548814738242,UNSIGNED,
F:\safe exe\qdoc.exe,c83cacff8fa6eacbf2b93f499594a670c29d73ec1c735dddf42aa79896221b69,7328768,POTENTIAL_ZERODAY,0.1044620615653569,UNSIGNED,
F:\safe exe\bat_9EA9F7AB.exe,9ea9f7ab1c27aa5c9390e91543f9f47c6bd17bc53f3e30ac9db762f28f55c4fd,7342592,MALWARE,0.9971224915020567,UNSIGNED,
F:\safe exe\peazip.exe,961f676bcd9e7da9c020aecbf48a22caae03adc29ed9352f800a805cd71e3044,7345664,MALWARE,0.9997445516982508,UNSIGNED,
F:\safe exe\lldb-server_20817B87.exe,20817b8706d505756385c4ad449b012eaf60e2400c529c6d2d2c9ae23cd31c55,7372814,MALWARE,0.4417818511572697,UNSIGNED,
F:\safe exe\mmex.exe,62218f9bdd0e49c4ec99196e9e2866cd945abc5ed161f9e1f82a71775ee05185,7432192,MALWARE,0.8469209657775926,UNSIGNED,
F:\safe exe\xonotic.exe,5f91ac8b1a902e49711058f486dcc960923948842125126e929916d4a7f690e7,7443246,MALWARE,0.8665072080456047,UNSIGNED,
F:\safe exe\fzf_E8B1ECFE.exe,e8b1ecfed136b3b834d5628055d61fabfc72ed07ff35ac393e3db91e1a6b7bd0,7552512,MALWARE,0.9789571104975556,UNSIGNED,
F:\safe exe\delta.exe,3e983a015637fd3e87fd2851bdfb2be52b437887bfa5bba28d2c2f2e70ac9c5c,7583232,MALWARE,0.9424336414159679,UNSIGNED,
F:\safe exe\LibreCAD.exe,b2161400bf011c138670c12230910d61fbaac72737752c1a0595bf090cf5388a,7613440,MALWARE,0.8855327426763334,UNSIGNED,
F:\safe exe\qemu-system-m68k.exe,e2af5065a2eee74f8a97c25f5685a0c280ce8527e2bbb7d01852f3755b7cdf51,7651976,POTENTIAL_ZERODAY,0.018545686751421146,UNTRUSTED,Universität Mannheim
F:\safe exe\qemu-system-m68kw.exe,70f183b09eafc870c4c8f02c1d226ae6c9713592cf50efdcab0b01c6b2034e0c,7651976,POTENTIAL_ZERODAY,0.20717638767225088,UNTRUSTED,Universität Mannheim
F:\safe exe\sublime_text.exe,67d363dc7a54808624c1d0e4837ee5258974d338d1117738046a5a823ab4c16a,7752576,MALWARE,0.9877448742080465,UNTRUSTED,Sublime HQ Pty Ltd
F:\safe exe\conan.exe,61edb2e1e3eadd6ddd62b2a036fd34d16b4bcde5b0eaeef1e269644f15e6e9b1,7774663,MALWARE,0.9976323621380105,UNSIGNED,
F:\safe exe\miktexsetup_standalone.exe,e47440f724d9bcb09c6b3872edfed783b0d876aafba0d59ec322dfd0ce6ea408,7793152,MALWARE,0.6848844584458261,UNSIGNED,
F:\safe exe\Tinn-R.exe,c0dc8c6540592b647b9042651b74fa0a5a5bc6ecb4a4f18a0e0a04f399aa9026,7856640,MALWARE,0.9999488329181746,UNSIGNED,
F:\safe exe\OpenToonz.exe,496fafdbae0213daf1b3029ee4d765fa789f87878b6f4d0045e25f5b1bf0e80c,8018432,MALWARE,0.9633311409268392,UNSIGNED,
F:\safe exe\nu_plugin_query_0A86CE69.exe,0a86ce6904b478effaa1cf5a0f2190d35aa5e3b441da8f98e87833e7c2864472,8025088,MALWARE,0.9843787047697391,UNSIGNED,
F:\safe exe\graphviz-15.1.0 (64-bit) EXE installer.exe,45f20128e6b86e54eb3c2f0ac94d4232d33b9c8a7a81ac171c3d393b8d19bcdc,8075574,MALWARE,0.9990370089449974,UNSIGNED,
F:\safe exe\Helio.exe,0a8533d3f2a8741f32f195c94da8990b070d9198b33fb31163e20a1b0415bd60,8082896,MALWARE,0.9900975374623281,UNTRUSTED,Peter Rudenko
F:\safe exe\sublime_merge.exe,00e7d61b5834579f35cd689e531d051ee05509a5b2f3611ddac82feb52d6ec45,8126400,MALWARE,0.5270320218229498,UNTRUSTED,Sublime HQ Pty Ltd
F:\safe exe\youtube-dl_26E5C00C.exe,26e5c00c35c5c3edc86dfc0a720aed109a13b1b7c67ac654a0ce8ff82a1f2c16,8170320,MALWARE,0.9994992393696299,UNSIGNED,
F:\safe exe\Sylpheed-3.7_setup.exe,4eadfc0b45a02be5c6142b1db7843563eeb6bac567ba88cf4e14cbe399b4c245,8233467,MALWARE,0.9997892867446108,UNSIGNED,
F:\safe exe\miktex-texworks.exe,fe2ad518a965bd4dd9905197a6e316a198c44b417488e4198930ed0e1cf617d6,8238080,MALWARE,0.7329594763506295,UNSIGNED,
F:\safe exe\singlefilehost_8376832.exe,4f70acd88a5d905806941c66b0318d76580e6e873fc3da5da34adaca4bc88a75,8376832,MALWARE,0.670473099084296,UNSIGNED,
F:\safe exe\wasm-opt_8396288.exe,bb855a53d52ba3ad890a63f923d891af7de7dfb6144725fed23580fba4b529ed,8396288,MALWARE,0.9732144474799056,UNSIGNED,
F:\safe exe\singlefilehost_8505344.exe,fd51be3d8957ee431679731b09e6ef016e87d7fc505d78bfea02ce5e9c855126,8505344,MALWARE,0.6234831048330246,UNSIGNED,
F:\safe exe\peazip-11.1.0.WINDOWS.exe,416bc73203c616ebdaf9cea48e018d8c19b34c6175fd0b2c94c49625f519e53f,8529949,MALWARE,0.9997466575020172,UNSIGNED,
F:\safe exe\cherrytree.exe,fed361439210882af3332f6f5619b4fdb274e11b79833478b65a75df5bc29580,8594432,MALWARE,0.8173836196132517,UNSIGNED,
F:\safe exe\egui.exe,0121f359b52657983cda9863b1cdf4c3aed927ff6e116c19fc18b87fff547cc2,8708520,POTENTIAL_ZERODAY,0.031121938336492686,UNTRUSTED,"ESET, spol. s r.o."
F:\safe exe\egui_8752560.exe,31da2d927278005e839b1fbdde5f63d57ebe9f21a3377691bee6a7383904379c,8752560,POTENTIAL_ZERODAY,0.0443750713267373,UNTRUSTED,"ESET, spol. s r.o."
F:\safe exe\pgadmin3.exe,8de84ec3f5e36aaa199abb385d6839c10e4c134e060425bf126b96e6082b0987,8820736,MALWARE,0.7719495929316919,UNSIGNED,
F:\safe exe\saslauthd-port.exe,e9b85e5260cd3bc00c17db91be84d6599cd651a6593196d3f85117f27ae21146,8831488,MALWARE,0.9889059786307896,UNSIGNED,
F:\safe exe\pdftk.exe,5e5cbe817ecc3cc1875369d81119472559c9624d55c7176852c8827750afa00a,8890393,MALWARE,0.995008609330135,UNSIGNED,
F:\safe exe\fvm_8962048.exe,2fa68691eed5ce5a362f8a4ac5a9fdfd401d94e322545cdeaa54929e6021cb0e,8962048,MALWARE,0.9478642260022336,UNSIGNED,
F:\safe exe\windowdetectiveInstall.exe,8e4742528c693c9f660e154f80385f11e1378f552fcc90b314a21291b9bb7fd9,8962713,MALWARE,0.9999709420973132,UNSIGNED,
F:\safe exe\QOwnNotes_F102D460.exe,f102d4609add17c5fcecce816185d18ef12fbf2234e416bff785713a1edb7e6c,8997376,MALWARE,0.5150476101891486,UNSIGNED,
F:\safe exe\cbq.exe,103625382829c68c3fb4bc796109eba629034e34a5cfa7bbb7a357aa890bb902,8999936,MALWARE,0.9947244632457161,UNSIGNED,
F:\safe exe\gdb_0A82AC72.exe,0a82ac72785c3ef85c73b2e4dcd74410b1b54a4fc10f96fda170220ec9f0f9b0,9018368,POTENTIAL_ZERODAY,0.1816333977282118,UNSIGNED,
F:\safe exe\wasm-opt.exe,6b937cde037c9661fc79485d01dbf76cdcfc630b9da67810d65da04b0922938b,9063936,MALWARE,0.8143686995604656,UNSIGNED,
F:\safe exe\gometa.exe,bc1c409c4fc57c7b6cd2962d85e27ff67d2d2e610f8ae3d8ac27e2ee90072bf8,9200132,MALWARE,0.9623569684615497,UNSIGNED,
F:\safe exe\nu_plugin_formats.exe,8c413078e9293bde670aec24ce22b867f4fe639104befef225d2d2f5df2b7d2d,9333760,MALWARE,0.9763064378500792,UNSIGNED,
F:\safe exe\paket.exe,54dcf13d3c059bf909fdf8f9bdcfab188ce4b7451d28d304e88c0b28c62c2840,9486336,MALWARE,0.9938428116971821,UNSIGNED,
F:\safe exe\wfreerdp_FB5D0DE1.exe,fb5d0de171af51618e2103e692a45879b16694bb44b2f2f419c88dd583dd526c,9501184,MALWARE,0.909924624439978,UNSIGNED,
F:\safe exe\nu_plugin_gstat.exe,b269339a95550669ebfe5bbb7526efa90311c14311a5c1abe7060e2e00d7551d,9585152,MALWARE,0.9536311254529908,UNSIGNED,
F:\safe exe\qemu-system-or1k.exe,1353c34cf67c1433eb6b4d9d53687c08975136c9eb46c3958c8739804f9cfbca,9592456,POTENTIAL_ZERODAY,0.01662349857247454,UNTRUSTED,Universität Mannheim
F:\safe exe\qemu-system-or1kw.exe,b7be97511ff7e7128f8657aea5321013642da0f8f7f595377a98bcae8d441bec,9592456,POTENTIAL_ZERODAY,0.28683300126325983,UNTRUSTED,Universität Mannheim
F:\safe exe\singlefilehost_9639936.exe,b1307551bbaac259ceeb326c861b0e01f0df2f92e6b24b292eb106e244a3734f,9639936,MALWARE,0.7982302233259823,UNSIGNED,
F:\safe exe\qemu-system-s390x.exe,47502648f2455e9d1d9127fa838728fe251b4d8e681df45585b1b66af6f54d7f,9646216,POTENTIAL_ZERODAY,0.02985014448404065,UNTRUSTED,Universität Mannheim
F:\safe exe\qemu-system-s390xw.exe,bba9c1c1e7381b5ea3b0c0c4d0cea567321e96c5ba08474918741514a6bff898,9646216,MALWARE,0.4211367065897766,UNTRUSTED,Universität Mannheim
F:\safe exe\49bb810d_gdb.exe,49bb810dcaf4106325ced027ae03288d0bbab218f10a1d4e80bb4aa6911726a5,9682176,POTENTIAL_ZERODAY,0.01630475628524114,UNSIGNED,
F:\safe exe\HexChat-2.16.2_x32.exe,d5f6ef544537346aa0087fd343db46d98ac1d287534d69035cb024e5aeea41bf,9727115,MALWARE,0.9997827832849898,UNSIGNED,
F:\safe exe\genymotion.exe,4ef24c167e046827cf8fce1d52c60845eca170d5e6dd816c5ce4293e44ba4cf6,9768960,MALWARE,0.9900365203309738,UNSIGNED,
F:\safe exe\qemu-system-sh4.exe,3c3429180c729a7fb3a561c06fec350237d5268551dde6fd11a1bd41c1fa8154,9774728,POTENTIAL_ZERODAY,0.0250045787692331,UNTRUSTED,Universität Mannheim
F:\safe exe\qemu-system-sh4eb.exe,3a6f641dc16b35db9222049d0f7ac2f81559080d6636d88f143b21a8a7b6ffcb,9774728,POTENTIAL_ZERODAY,0.0250045787692331,UNTRUSTED,Universität Mannheim
F:\safe exe\qemu-system-sh4ebw.exe,cd05fde3d9cd15a3085971997ae4fedc994f939e0f8b16282225ea6f85037332,9774728,POTENTIAL_ZERODAY,0.3682764361903619,UNTRUSTED,Universität Mannheim
F:\safe exe\qemu-system-sh4w.exe,6a735c01c615a1d4cb13c6eb228f0a6a935d093fca9cb71aa8c9603749fa3677,9774728,POTENTIAL_ZERODAY,0.3682764361903619,UNTRUSTED,Universität Mannheim
F:\safe exe\singlefilehost_9777152.exe,1bb29aa4607a2a840b7bf08b1724e07b68826a21e231f1c8ada630708423a25f,9777152,MALWARE,0.5167878699124361,UNSIGNED,
F:\safe exe\qemu-system-alpha.exe,2a9cdd42af47e5c9002a288b1485a3bec2c886b4b9fc8b2b5436136e080698bc,9788040,POTENTIAL_ZERODAY,0.014148340637141281,UNTRUSTED,Universität Mannheim
F:\safe exe\qemu-system-alphaw.exe,b6b05af878143dd653c2cfd21198bae3fe70740bf22872976a31d0d3ccb1c0b9,9788040,POTENTIAL_ZERODAY,0.22749656635204124,UNTRUSTED,Universität Mannheim
F:\safe exe\bombardier.exe,715b733157f1bc79fe788d2fd335a2997c753db9c1f8a8ede9b2306042caa4b7,9792512,MALWARE,0.9856410292789496,UNSIGNED,
F:\safe exe\nim.exe,ab1bcd5a479e81d2f3c58839b0654a97599aa8c2b015f6b021d6943d5f5b55a2,9827977,MALWARE,0.8399917793190713,UNSIGNED,
F:\safe exe\singlefilehost_9842688.exe,2699a6ec00380f579dd65a4a13b53bfd7e415eaa476277083aff21c405e5824d,9842688,MALWARE,0.5048820165352764,UNSIGNED,
F:\safe exe\qemu-system-hppa.exe,2309dc3bf0cef6ffeb244c241fe024cc81a9cbe7831e8914e76bb02e43769df3,9898632,POTENTIAL_ZERODAY,0.014709336450170796,UNTRUSTED,Universität Mannheim
F:\safe exe\qemu-system-hppaw.exe,81b9341607696beb28cb2bd9fb0bdc0a7badb7a6a1862fd6c7eb24a78dda5989,9898632,POTENTIAL_ZERODAY,0.20002205740350518,UNTRUSTED,Universität Mannheim
F:\safe exe\gitui.exe,a164ce2b7cd3d8f173623c76ae7746b64c0af5dc27215ed8eccc829ff6735638,9923584,MALWARE,0.9958131087635881,UNSIGNED,
F:\safe exe\OpenShellSetup_4_4_198.exe,a4d2d4459de55b5e962ba2a14f7bb794170511649138173dfa72949837b48c3f,9924608,MALWARE,0.9997332164380146,UNSIGNED,
F:\safe exe\MediaInfo.exe,1a03cb67ddec5b01a367de4e0a182bc44f230d1f4589e2860ba0b9a664870ddd,9929624,MALWARE,0.7612460503189553,UNTRUSTED,MEDIAAREA.NET
F:\safe exe\singlefilehost_9F35A560.exe,9f35a560362d39f28517a6cd6c1822a111769d881285a8d682c4ece9cc3c8edd,9967104,MALWARE,0.5858617984703552,UNSIGNED,
F:\safe exe\qemu-system-sparc64.exe,32871dedbbd354e2f294468bf9642b3638101a1c156afa7ed7caa888ae39da5c,9971848,POTENTIAL_ZERODAY,0.02102097524102586,UNTRUSTED,Universität Mannheim
F:\safe exe\qemu-system-sparc64w.exe,d40587c1dd0f84f712bec2db8f989bd1ffdbf4e4508ed0f5dedd0d3eb71929e0,9971848,POTENTIAL_ZERODAY,0.31706396484558447,UNTRUSTED,Universität Mannheim
F:\safe exe\snmpbInstall.exe,167c107efa1afe441f304b2ad271d2cac0e856675cf45c57d0dadfcdc13a49d2,10007760,MALWARE,0.9998689480509011,UNSIGNED,
F:\safe exe\import_map_community_gui.exe,b035234d753e7c3cedc6c831d51123f8f9ea118e29417da2c15aa24e8ddf3faa,10069545,MALWARE,0.9992332835146107,UNSIGNED,
F:\safe exe\dive.exe,ec694f82a804d7862f7b81826c96ff7d71a5c474ab0cc7b61497635cb1d9ab9d,10197504,MALWARE,0.9961738980869164,UNSIGNED,
F:\safe exe\fusioninventory-agent_windows-x64_2.6.exe,56482bd4ea451526f59d13c776d6bda2e066b887bd5a8c97f54a375b5db5b340,10208390,MALWARE,0.9995100699157223,UNSIGNED,
F:\safe exe\postgres_BECADFA6.exe,becadfa646f4576467452ec94c513b1414e8bfeedc36f63e94d37c55219206ff,10241536,POTENTIAL_ZERODAY,0.11567792542479347,UNSIGNED,
F:\safe exe\winamp5666_full_en-us_redux.exe,5158d1e92fe476227e9bc739cd15fff4e9e847d8598613a6ae220ce085e3a6fb,10328598,MALWARE,0.9997413792148765,UNSIGNED,
F:\safe exe\SmartFTP.exe,ede1b0d053b44202daac7d71f90858023b5c2476bf4bb15a8f7480bdc78609f9,10374096,POTENTIAL_ZERODAY,0.005755454932995572,UNTRUSTED,SmartSoft Ltd
F:\safe exe\rawtherapee.exe,65e5833531b11379387b812d483c1496ddb825278f0620451b2ffed2bd4150de,10464256,MALWARE,0.9611525129450426,UNSIGNED,
F:\safe exe\xh.exe,125bd09485be6dcfdfb150bf887aa1b20d570f8ff299f817f0c5764f5803e077,10512896,MALWARE,0.9634828317318205,UNSIGNED,
F:\safe exe\fdm.exe,328bac4d062501bff9876b67a8672917b49cd8e8e995c434f5f5fa45b8d106ff,10722816,POTENTIAL_ZERODAY,0.14673341730055173,UNSIGNED,
F:\safe exe\sass.exe,72360b6b646735e5e611d58ad9a67b87eb431a8337adc7550780d212f9e76b05,10769920,MALWARE,0.5168070119636269,UNSIGNED,
F:\safe exe\mm_artifact_parser_x64_win.exe,5bf6cb1af4d7e7aff3e3d421eacba482047e1f5b66f75ad40a2f5346541e2c45,10781502,MALWARE,0.9996959966341316,UNSIGNED,
F:\safe exe\file_4B0EAB4C.exe,4b0eab4c23a6c12238f0e72e253172f69fd4d9511197265787a3cdc0ca5d9cc0,10799616,MALWARE,0.9964835355387232,UNSIGNED,
F:\safe exe\HexChat-2.16.2_x64.exe,2830899546beb82fea51b283ce7820b63da2c25239c0ba0e739c95dfaf0694d3,10879166,MALWARE,0.9997796303997937,UNSIGNED,
F:\safe exe\file_7169E2E3.exe,7169e2e3da05ed83cb3c53cdbd919b7b91f9899325fe859fabd18d12afff3bb3,10892288,MALWARE,0.9959498056231003,UNSIGNED,
F:\safe exe\Surge XT Effects.exe,4bd3f64c406d4538f9af23d79a1b3433f067d61553843e91ef9d917218602eae,10898432,MALWARE,0.9989780748920227,UNSIGNED,
F:\safe exe\dexed-0.9.8-win.exe,c1a021ca38fa68571668e31488aca7da907084b5f2750510556b62c15692fc49,10941308,MALWARE,0.999033556645194,UNSIGNED,
F:\safe exe\qemu-system-mips.exe,fee8055e89d81d1373e1b607f3817c63bca45bb6e0636a544602176bc974a299,10988680,POTENTIAL_ZERODAY,0.01942122892766257,UNTRUSTED,Universität Mannheim
F:\safe exe\qemu-system-mipsel.exe,8a667ffcad4543e72ddbb3fa6a57f56307bdcde8002698c41ddd9c21e83d7dfe,10988680,POTENTIAL_ZERODAY,0.01942122892766257,UNTRUSTED,Universität Mannheim
F:\safe exe\qemu-system-mipselw.exe,bc14b84e8d510a5bbc55584d2082283afd5caffa50d17d83aa7b6ff4377eb6fe,10988680,POTENTIAL_ZERODAY,0.214901742682727,UNTRUSTED,Universität Mannheim
F:\safe exe\qemu-system-mipsw.exe,16130dadbb00ef37a4069521c0f8aa7e9d576c6a719c4bac4e2fc05e7920fc54,10988680,POTENTIAL_ZERODAY,0.214901742682727,UNTRUSTED,Universität Mannheim
F:\safe exe\micro_80CDFFA0.exe,80cdffa05c58f56cf9e647cbd125f89b4f683ba35a0e2dbf397d9c47586ad40b,11008512,MALWARE,0.998591168340803,UNSIGNED,
F:\safe exe\soffice_E3549FAF.exe,e3549faf297e1d3578881035f870e06134f4662ae41a0c3d50fc98060622dc86,11067392,MALWARE,0.9980624656870705,UNSIGNED,
F:\safe exe\FireAlpaca.exe,15cbd97e86ae8fc08d5c64782b57cdddc8d841ba414b45501d752c4a8618016b,11100160,MALWARE,0.5783252200135075,UNSIGNED,
F:\safe exe\qemu-system-mips64.exe,cf75f73a758bc2428c8268b397ed2a583b7b4d8526e615d85d267be363f2492b,11112584,POTENTIAL_ZERODAY,0.021466048995093856,UNTRUSTED,Universität Mannheim
F:\safe exe\qemu-system-mips64w.exe,fd0fb971fc0811e5686be41c9b5cb3b57ad2baea6c56e23e8542c82b7e2d8b19,11112584,POTENTIAL_ZERODAY,0.21461045585513616,UNTRUSTED,Universität Mannheim
F:\safe exe\MultiCommander.exe,2eca1fff1276af35630bbcc7e6e4bd6682009299fdf5cbbd12ede24ecfa22d58,11124736,MALWARE,0.9843721016826736,UNSIGNED,
F:\safe exe\NatronRenderer.exe,7fe40ab24cc83555deed61585b20a9d36f7531503840555e584d2ddd341b11ad,11238912,MALWARE,0.8315170085927864,UNSIGNED,
F:\safe exe\MultiCommander_x64_(16.1.0.3195).exe,a1bd82fed97c56595938068cbac28604db0566e267c1d358e80cebac0457bc36,11269342,MALWARE,0.9997679121005736,UNSIGNED,
F:\safe exe\Avogadro-1.2.0n-win32.exe,bb15e67fc527c0d28de32abb2d0d0ee161829a64f3bf4887b8d786e3b0daf270,11291755,MALWARE,0.9999096888819367,UNSIGNED,
F:\safe exe\shutdown-dialog.exe,706c85295971f90cf80f981694799682088998854ff31d0cf585d78cf54b58d7,11296280,MALWARE,0.9967807780929179,UNTRUSTED,Synology Inc.
F:\safe exe\kind.exe,2c3a9ff954de16244380778683cf99e271bfc2fac9c6c4e797e4623c45e59d9d,11320320,MALWARE,0.5539426166459062,UNSIGNED,
F:\safe exe\mitmproxy.exe,7955c7b7c2261897e7b07fbe4c30fcde29078cf3a3cfe7e8867e275e3ece9e38,11328909,MALWARE,0.9954836557998157,UNSIGNED,
F:\safe exe\mitmweb.exe,15c8a5bb76eda4ceb04e85241fb8cbfbe96306b780f93c4c9e555b4ab0162885,11328913,MALWARE,0.9954836557998157,UNSIGNED,
F:\safe exe\mitmdump.exe,66121020afdaf676ca076e851f1fcdf5399d4c4ad707df4c1b2d5143a739cdb1,11328914,MALWARE,0.9954836557998157,UNSIGNED,
F:\safe exe\peazip-11.1.0.WIN64.exe,36ed5ebf33568bfbb5b7a752a7c35f7852a3bca605536a7d1d6a054037e804c1,11359943,MALWARE,0.9998186475207455,UNSIGNED,
F:\safe exe\ghc-iserv-prof.exe,2fee2ea8472d79f2c477df52af161418a1d80b854f316178cf9bb6e1c51f277f,11390976,MALWARE,0.989231982403156,UNSIGNED,
F:\safe exe\ghc-iserv.exe,bb4e8c7e89c6b6aee05fb6416f5f8eb0ac7f4300755181db1836c11b9020c2f6,11390976,MALWARE,0.989231982403156,UNSIGNED,
F:\safe exe\ghc-pkg.exe,5d016203dc94961f7bb1c535d6cf9f03b0959a8cdf7c6059a91eda7b356ae97d,11390976,MALWARE,0.989231982403156,UNSIGNED,
F:\safe exe\ghc.exe,39665ee99d859300bfd864676d0f697540a268b676586a25d79ae17491b48188,11390976,MALWARE,0.989231982403156,UNSIGNED,
F:\safe exe\ghci.exe,e86133c47866e95148ba64e0609d5c0bc7141c90c189a072227b3fc424c23cab,11390976,MALWARE,0.9914033919842363,UNSIGNED,
F:\safe exe\haddock.exe,9e161115397cbf87c214ac2a25e30119a1cade3d0ff46e7aa80da85f62db5b81,11390976,MALWARE,0.9914033919842363,UNSIGNED,
F:\safe exe\hp2ps.exe,df1ccef4f963a70cce1e707f094dffee8043d81fb64bf404e8d669ade811d0d5,11390976,MALWARE,0.9914033919842363,UNSIGNED,
F:\safe exe\hpc.exe,11613384ac47a2f818fb979ffaeabdcf145fd555b1764562a1c8a7397d528c27,11390976,MALWARE,0.989231982403156,UNSIGNED,
F:\safe exe\hsc2hs.exe,ef7cd1baecf01cd47cc8ab355677d14ad57464c2823d14e2e53810717697c56f,11390976,MALWARE,0.989231982403156,UNSIGNED,
F:\safe exe\runghc.exe,8076ec1193d510afdbba2223fdac573cecc3d31f2d4a99e32af88b6694c58b00,11390976,MALWARE,0.9914033919842363,UNSIGNED,
F:\safe exe\runhaskell-9.8.2.exe,9bf6c0e3b9a6ff503888aa229100ed8bb039f13fd4de45188c62427857d52e01,11390976,MALWARE,0.989231982403156,UNSIGNED,
F:\safe exe\runhaskell.exe,87c1c21bb8c85812f47501681a237403f1777fe4d1f1bb96305b5e54dbb57b77,11390976,MALWARE,0.9914033919842363,UNSIGNED,
F:\safe exe\touchy.exe,1d6f25f55b6192923371d36595c320aa065f1da378dd4b8cc75dd6000202e8e1,11390976,MALWARE,0.989231982403156,UNSIGNED,
F:\safe exe\unlit.exe,ae412372e72f285077572e836e92ef3e0edcf9645b52ace355475ff33670a2a8,11390976,MALWARE,0.9914033919842363,UNSIGNED,
F:\safe exe\CamStudio_Setup_2-7_r316.exe,370209dcb723b18a590430c9c8989f6ecbb2c563cda97442ef74c7766f26fd3f,11438475,MALWARE,0.9999614295705569,UNSIGNED,
F:\safe exe\lean.exe,36299b3164782b56a3371b548a2ad71198a7caa71722e8bfe2d021c6525d3dd4,11494945,MALWARE,0.7241157877716353,UNSIGNED,
F:\safe exe\qemu-system-loongarch64.exe,5d9b0c208054f4cdf94d614d40c8055c6f0b01f7eee5114fa0efaa603d4f12ad,11681416,POTENTIAL_ZERODAY,0.020504379069117853,UNTRUSTED,Universität Mannheim
F:\safe exe\qemu-system-loongarch64w.exe,8317d6e57f341bc7a6b56358ef04cf620f21369ee50fe3474326755fbf5763d0,11681416,POTENTIAL_ZERODAY,0.31355158500628993,UNTRUSTED,Universität Mannheim
F:\safe exe\rustdoc_7967C1DA.exe,7967c1da7e3bec5cd699b7f4bf7a69a1f9292e1ac38bef8dba403fa55ebddda3,11898880,POTENTIAL_ZERODAY,0.27617268952548946,UNSIGNED,
F:\safe exe\rustdoc_0C6CCDA7.exe,0c6ccda72363b77afc177b2c9a75ced422e3b88c0930ec1aab552e83a40e381e,11912192,MALWARE,0.547113704024792,UNSIGNED,
F:\safe exe\synfigstudio.exe,0eaa5dcc82b41a37bab85c703c8ed1ab4448f77020e1e2c4cc0eb6838faa585a,11934944,MALWARE,0.8991467345465344,UNSIGNED,
F:\safe exe\secret-generic-connector.exe,e77a6fabb2551544223fd24ba7510347905c40efc6f96f5d45fcde3e0ab48bd9,11982824,MALWARE,0.439836793592442,UNTRUSTED,"Datadog, Inc."
F:\safe exe\sunshine-windows-installer_x64.exe,345bf92d6332d247152601e6d117fd05752cb3dfc3987702a6d1ce8d2433e6ca,12026397,MALWARE,0.9941190986730654,UNSIGNED,
F:\safe exe\pd-0.55-2.windows-installer.exe,19775338754b2313e7b7f3aa2f9d6acfe7e5cd9035710d74a4476cd41cd58cf9,12111278,MALWARE,0.9985890079116811,UNSIGNED,
F:\safe exe\qemu-img.exe,1664795e02dda72086aa27941fa86d8590fb954e77e3bbf73bbbaf467e98ed4b,12191607,MALWARE,0.9608286278431141,UNSIGNED,
F:\safe exe\gdborig.exe,8c94eeb59f9708cb8ca6bd68191917b924a32620b3154d759b4240e291ab1cd6,12212736,POTENTIAL_ZERODAY,0.08942020396086005,UNSIGNED,
F:\safe exe\chromedriver_12273664.exe,ffa8aee6d8b251b21d7744980196fb556ca7e4247aa7017d5e7ee7d498d50c4d,12273664,MALWARE,0.9987664461154451,UNSIGNED,
F:\safe exe\uninstall-postgresql.exe,74cbf3afd1e9eea9b23b97ab18fff597e3ff1a0a57eb9542437a64faf7777164,12342094,MALWARE,0.9992283408791491,UNSIGNED,
F:\safe exe\1054to1056.exe,7d0c0fc933d79104cb8bffe3d2dc2f61940a04d7b195ab7da85774d543475bac,12372280,MALWARE,0.9997640864831819,UNSIGNED,
F:\safe exe\qemu-system-mips64el.exe,700f47adbdb7a9b18b20f3bd0b1c2952337f7971965d44bcfb5380d434389d4c,12463752,POTENTIAL_ZERODAY,0.025917267706431543,UNTRUSTED,Universität Mannheim
F:\safe exe\qemu-system-mips64elw.exe,f51228f03704022506a080adf032db34ded69f72f76645acdaa76faf2c879924,12463752,POTENTIAL_ZERODAY,0.2883846379444683,UNTRUSTED,Universität Mannheim
F:\safe exe\qemu-system-ppc.exe,70f01c675be341c9ea31b73f0b8c7aaa86a6eef70d4984bbec07acd9486b57c8,12537480,POTENTIAL_ZERODAY,0.01644359980858289,UNTRUSTED,Universität Mannheim
F:\safe exe\qemu-system-ppcw.exe,3c0ce4d806f5b6c5a097064e110975420db3d6f5b56c4cb623b17efd0a4bebca,12537480,POTENTIAL_ZERODAY,0.2984869628963268,UNTRUSTED,Universität Mannheim
F:\safe exe\TaskCoachInstall.EXE,acf4630a6f2db987142b53dcc75983e3a688b181826808cdbd2c9fed6a3cc8d8,12571175,MALWARE,0.9999397267638671,UNSIGNED,
F:\safe exe\uninstall_C01CB008.exe,c01cb0082e2a958e03510502c0b72aadf6348b282aedfb6e5460d9876e387e26,12591165,MALWARE,0.999319310940662,UNSIGNED,
F:\safe exe\fah-client_8.5.6_AMD64.exe,8342f64f6f3280dbec18cde724db755d915c003cffd393d09f0877ac96c8c3ed,12606400,MALWARE,0.9732612017215914,UNTRUSTED,Cauldron Development Oy
F:\safe exe\qemu-system-xtensaeb.exe,d3e25003e3ff130b8d39eb8f831e6c35a9ae16de2925b7edb604e5b5b11ca1ac,12709512,POTENTIAL_ZERODAY,0.013460277836298148,UNTRUSTED,Universität Mannheim
F:\safe exe\qemu-system-xtensaebw.exe,6adc76e96282a3db63163386983b63ea13d1a384eb17a95b98bde3547f8fd783,12709512,POTENTIAL_ZERODAY,0.16565558241332706,UNTRUSTED,Universität Mannheim
F:\safe exe\aapt.exe,34d010f7055e2c679d4ddc25e0b05b16108b0b241d715ce023270851b377d5dd,12722688,MALWARE,0.9986653789288444,UNSIGNED,
F:\safe exe\check_nscp_api.exe,b0a56a3bc46591244de0e29c074c32242b76fd7cd6837d04fa31035d566f85c6,12748288,POTENTIAL_ZERODAY,0.0444262114046888,UNSIGNED,
F:\safe exe\FAHClient.exe,96f49373542513138100af07dc9c0ed5bd6aa59337ff1881b51327077b3ec584,12775936,MALWARE,0.9964280887020821,UNSIGNED,
F:\safe exe\qemu-system-riscv32.exe,b8a5bf795c1c3d9f7a9ef80ef1f05aa0889e162a95a2db8c96da5fb0c88d9b53,12800136,POTENTIAL_ZERODAY,0.03367257270135424,UNTRUSTED,Universität Mannheim
F:\safe exe\qemu-system-riscv32w.exe,b278f818dea517af87356ab694b9ff6e2c9d9f5f0bfef80c806bc641a0ef2e81,12800136,POTENTIAL_ZERODAY,0.2318258185754229,UNTRUSTED,Universität Mannheim
F:\safe exe\qemu-system-xtensa.exe,5557b4b3e550a381d9936d37d4ea5cc8f761ae9f5cfac92296c6051a74e06509,12848264,POTENTIAL_ZERODAY,0.018811923315921047,UNTRUSTED,Universität Mannheim
F:\safe exe\qemu-system-xtensaw.exe,faefa61bfd5a14c2964a7f12df453568198e4d8ad04992cd67664f15d9ffcf29,12848264,POTENTIAL_ZERODAY,0.190845030396872,UNTRUSTED,Universität Mannheim
F:\safe exe\postgres.exe,b59b0aa95352c3203b8ac723e5cb993234bfe5cb6912441cbfb85a2298d1713c,12866217,MALWARE,0.959160794894472,UNSIGNED,
F:\safe exe\qemu-system-riscv64.exe,5b8374e70c3f6a7031ce9a655340961b76390e7c8e999df4d0410511d7512c57,12888200,POTENTIAL_ZERODAY,0.023876923139453315,UNTRUSTED,Universität Mannheim
F:\safe exe\qemu-system-riscv64w.exe,ac4851fd8e50a1f2dee51bb759071116634bfa6216941527f3757e9cac67f9ab,12888200,POTENTIAL_ZERODAY,0.1528444426265226,UNTRUSTED,Universität Mannheim
F:\safe exe\protoc_C77B7F51.exe,c77b7f5125113306ecde9b328e72466e5ca805a3974dbf10b9df91a35781e89c,13069053,MALWARE,0.9628524347756253,UNSIGNED,
F:\safe exe\kustomize_94318C4F.exe,94318c4fb86d37a8f2fd9c94fdc981fb57bcb72abc0ddde1705c3e9f9047b0dc,13126656,MALWARE,0.9964365965335441,UNSIGNED,
F:\safe exe\gvproxy_53FA495E.exe,53fa495ea057f43751ab8da57fd72fef62052ac6c4eecb2d5161c40157c7fb79,13210112,MALWARE,0.9975746342019964,UNSIGNED,
F:\safe exe\snes9x-x64_C843D906.exe,c843d906c1fa1fefa672e99cfd218041d229ef7598bce720465fe7a0905f3a4b,13444608,MALWARE,0.990586689561351,UNSIGNED,
F:\safe exe\kubectx.exe,8411d022a670efc1ac7393966a012c061a2b94c07451dea8358bcc3b04312bfa,13520896,MALWARE,0.9612581063360713,UNSIGNED,
F:\safe exe\qemu-system-ppc64.exe,088fa657bc809ae54b83e80dfc8f6b2135be80cf9dc2138bd15c029bbdd941c6,13565064,POTENTIAL_ZERODAY,0.035813398083999026,UNTRUSTED,Universität Mannheim
F:\safe exe\qemu-system-ppc64w.exe,181a7aa2e1a01e34b72a333197ddfafa6b5b741a21fdd15a059ed1685dfdfdda,13565064,MALWARE,0.40199124030286976,UNTRUSTED,Universität Mannheim
F:\safe exe\doublecmd.exe,b2591f3e94efccb7b5d797212e6588a5e06c7cacaeef397fd7d243262933d5de,13571091,MALWARE,0.9996994496634952,UNSIGNED,
F:\safe exe\cmake_FF03189F.exe,ff03189f316a5808fc8aed71740f9fae40803adacf631bf039a7f67e1e17d149,13738510,MALWARE,0.9575559215242335,UNSIGNED,
F:\safe exe\gdb_A2083E65.exe,a2083e6554fdc8f9df1fbdf4c68ebfc03b1029779aa8d3b0c49206898ff0e867,13762062,MALWARE,0.9178614353271607,UNSIGNED,
F:\safe exe\xgettext_13775269.exe,6f7e374fc8b28f1620734ee1c35ff50039faaa1a3d999cba5ce2cf60f646a323,13775269,MALWARE,0.4344015206680487,UNSIGNED,
F:\safe exe\scalar_FD5EED1B.exe,fd5eed1bde4a5e34e7b4350b6152e1051da677ef0ef6b3ad982894a18cdca319,13916176,MALWARE,0.955057838212679,UNSIGNED,
F:\safe exe\clippy-driver.exe,4ff747c4e2a55d05bfd42b6ea1849c558d4533e44ef44e009706b2be473c5450,14025216,POTENTIAL_ZERODAY,0.11944167336743343,UNSIGNED,
F:\safe exe\clippy-driver_DFCACF42.exe,dfcacf429862c7890b6e8ab8c546263700e9eadc8e3705665838252ae3d8c54e,14025728,POTENTIAL_ZERODAY,0.37264952930346745,UNSIGNED,
F:\safe exe\z3_14086656.exe,fa2867f77e48686b347d1a5955a03c856ca806e815f52edbe85e133a28045ff6,14086656,MALWARE,0.9036306334853086,UNSIGNED,
F:\safe exe\Scribus.exe,ba7a5362936dafdb519277517b064a54a8abd2954584a347e7b463aca0d7e14e,14213120,MALWARE,0.9505864889940265,UNSIGNED,
F:\safe exe\dlv.exe,895b645bbad0165165f869451f2cef1dd1448ff87c230e6dff00540c36528b13,14230528,MALWARE,0.9177538292401324,UNSIGNED,
F:\safe exe\yq.exe,e279bc506a452eeafcdf364f91a025455e402a8001169083caf01f4b64a544e2,14235136,MALWARE,0.997339134658202,UNSIGNED,
F:\safe exe\cpack_03F79434.exe,03f79434fbe946450fe81ec97903c6f6779e60da0fa208303687fcf7bd814b77,14236686,MALWARE,0.9595299801158085,UNSIGNED,
F:\safe exe\yt-dlp_CAC3A935.exe,cac3a9359367ea819289afe4c59f3e432865dafb6b08c938e2c22b4534898f12,14300315,MALWARE,0.9991870970034845,UNSIGNED,
F:\safe exe\GalaxyClient_14319440.exe,7c5b335025eadec22ad1b8c1d31f24a4473eb49765a339856b11d812138d27a8,14319440,MALWARE,0.6697664215998298,UNTRUSTED,GOG  sp. z o.o
F:\safe exe\mpc-hc64.exe,670c1a1422f5f094fdc86431536ed015e845d49112a2813b5badf548d227d55c,14427136,MALWARE,0.9943773521724543,UNSIGNED,
F:\safe exe\mpc-hc64_14446080.exe,d75ae43ad15f45c9071855f0f9bee3d025817d02df569a52a82625b77d8dcc2d,14446080,MALWARE,0.9961135859098523,UNSIGNED,
F:\safe exe\mpc-hc64_A0169CED.exe,a0169ced9f87975f0fadadd1a6ea7898840f46ec94756f1c052c90a76e0d2b62,14450176,MALWARE,0.9924571163414341,UNSIGNED,
F:\safe exe\mpc-hc64_14455808.exe,0199ad209402cd330118d4bcecaadb4d7afff5ea935cea5a73ff932a5020cafa,14455808,MALWARE,0.9930322968789276,UNSIGNED,
F:\safe exe\copyq-6.4.0-setup_x32.exe,c88acea4aabf7622d1e00a2ff582c7b7d299d6fa8d2c654dd743e8a52834f5a3,14540735,MALWARE,0.9996510977073966,UNSIGNED,
F:\safe exe\goxdcr.exe,aa87938ed8487d07521dd8b1121b6f8dce5f6e9099f13a419856055e8c28197b,14645760,MALWARE,0.9975509526510353,UNSIGNED,
F:\safe exe\scalar_53EA80FC.exe,53ea80fc8cf80633db79121b2dd91ea13321e488619d6c5a64ba786b4747d4c9,14658470,MALWARE,0.9190468658452762,UNSIGNED,
F:\safe exe\pcsx2-qt.exe,474dc24acf00ee398183235a15c97934bf099c2fa458dcc0cb174750aebe3cff,14707200,MALWARE,0.8073779618004774,UNSIGNED,
F:\safe exe\die_FEF9C2D4.exe,fef9c2d49bd377190145dcb7e37d3a589b6e0e7149c4de68d1c9b3a22815426a,14879232,MALWARE,0.7294500520132461,UNSIGNED,
F:\safe exe\ctest_A5279633.exe,a52796332966728407d6375fa639730877e72109d046aab034229463953a7a4e,15252494,MALWARE,0.9680027015880383,UNSIGNED,
F:\safe exe\cbgt-ctl.exe,e68e29e245eab8d6d4aec14394d8156e8f0696719af190e4059f48afb341a4e9,15265792,MALWARE,0.9981864686581682,UNSIGNED,
F:\safe exe\ebml_validator.exe,624a25b44053ecff8cc0da7b354620c000f96e3a9810879448a9519048566899,15377920,MALWARE,0.9699230279649114,UNSIGNED,
F:\safe exe\conan-2.30.0-windows-x86_64-installer.exe,13119c799886030ac649cd89ed14db1d94b52be7f6d1add1d9b2b96e9415ddca,15385483,MALWARE,0.999731856329707,UNSIGNED,
F:\safe exe\hevcc_dump.exe,3dc244d0a51b7fed744d4b3f49e2fc4b5648507501b9607ea91d5c4eb841cdf2,15405568,MALWARE,0.9669068364341041,UNSIGNED,
F:\safe exe\FurMark_1.38.1.0_Setup.exe,314df1c873a103f4c7297b254b11c48f51534bfbf46fc83b109fee97818418fc,15535094,MALWARE,0.99966166571621,UNSIGNED,
F:\safe exe\MediaInfo_GUI_26.05_Windows.exe,1773264e42cbac37e126b859e4ccd93abad4e9563f040bd3145dcad0be94ca84,15565992,MALWARE,0.895391787461753,UNTRUSTED,MEDIAAREA.NET
F:\safe exe\llvm-mca.exe,5455ad62483295503cc43a79e0902d242e57b0d6f02a98411b3a6f2380173582,15710720,MALWARE,0.9288777884686672,UNSIGNED,
F:\safe exe\bluray_dump.exe,b10a63517398b82dd8eb069507a350d12ee19831b5ab4d83ea125a58116fe758,15750656,MALWARE,0.9633920968268052,UNSIGNED,
F:\safe exe\volatility_2.6_win64_standalone.exe,672a00461ffb8d59536c86192450b66d552e67809fc8584d1792b42b22c5f4e1,15794079,MALWARE,0.9864605516964416,UNSIGNED,
F:\safe exe\cmake_C15F41EB.exe,c15f41eb8c809751a4c697264bd7cabfe28d443a502d575c6a289e2f957d00b1,15858176,MALWARE,0.8126867021662961,UNSIGNED,
F:\safe exe\zim-desktop-wiki-setup-0_68.exe,6383c539fbdaf7566d4d3773560fc3d61799caa10d1dff32ea2635cc3f19e764,15978714,MALWARE,0.9996784608741708,UNSIGNED,
F:\safe exe\clangd_A0E342EE.exe,a0e342ee0080b1531d59a6374be03396b8a930339df8735edef60620a305746f,15995392,MALWARE,0.6837113020125772,UNSIGNED,
F:\safe exe\wmi_exporter.exe,cad05d6e47652c2b14dcded7efe67dec8eef9bc24854b196c56e012c909f1fa3,16002048,MALWARE,0.9990895574096411,UNSIGNED,
F:\safe exe\xyzvc_dump.exe,3758a4e8f4d95672798210109357894c36aa4428fafde2a5b8c33faf33e9e14b,16177664,MALWARE,0.9601517668757893,UNSIGNED,
F:\safe exe\sublime_text_build_4200_x64_setup.exe,3d3c70e51aef08f85d7160bcc70793bed9acec250973090ab67d98987bce7c7e,16200128,MALWARE,0.9987057341801238,UNTRUSTED,Sublime HQ Pty Ltd
F:\safe exe\fir-lsp-server.exe,087ec10febd6fcf4b4d999b1f4c7a6fcf5f317dbda199f5b948a1d7f1e4f18d2,16298496,MALWARE,0.5562564752991914,UNSIGNED,
F:\safe exe\cpack_9843DC4F.exe,9843dc4f373ea873bb587b7733330ca5a4b7ccd06a976b11d26329b55130e714,16352768,MALWARE,0.8466390106718833,UNSIGNED,
F:\safe exe\croc.exe,2e4a104a67fc2c67b54a1b70c62bf2629bf66b1378cb43991a9b60e61197b6fa,16401408,MALWARE,0.9966637254266564,UNSIGNED,
F:\safe exe\aleapp.exe,80e66e0cccaaf4f0e19e728c056d9425b0597975787b6a429e6ed80fd1d7341f,16429901,MALWARE,0.9984624291445839,UNSIGNED,
F:\safe exe\mGBA-0.10.5-win64-installer.exe,edd0454b8fe69f20dc2f0b47f2cfc32a14e3848550762ffbb3d782e649669c6b,16612388,MALWARE,0.9996304988887237,UNSIGNED,
F:\safe exe\clementine.exe,7522c8d089314b29df65c011d6cbcbad3bea01d2c231a63c7becf8f6ce0e5bdb,16620032,MALWARE,0.9927068036876213,UNSIGNED,
F:\safe exe\veyon-4.11.0.0-win64-setup.exe,9c2faafe9fafe14910861280f844ac8e1f24d07ae132fed8f39bd34aabb311d8,16759624,MALWARE,0.9504156788433664,UNTRUSTED,Veyon Solutions
F:\safe exe\veyon-4.11.0.0-win32-setup.exe,8b0d784cd8e282e1148c45da447674d23fab5bb700da5182104d20d9e272f575,16851232,MALWARE,0.9513480710800838,UNTRUSTED,Veyon Solutions
F:\safe exe\OpenCppCoverageSetup-x64-0.9.9.0.exe,2295a733da39412c61e4f478677519dd0bb1893d88313ce56b468c9e50517888,16864947,MALWARE,0.9997706267183256,UNSIGNED,
F:\safe exe\chromedriver_17037824.exe,21e5bc1ddc1fa7923f3a564be015f8dbe767d7e39c436acc72a0c95cccf0774b,17037824,MALWARE,0.9951232429448781,UNSIGNED,
F:\safe exe\ctest_43D0A089.exe,43d0a0897baaf518f200d6ccf1d6cd92398032c6ad12e58d3926765e5bd82c32,17364992,MALWARE,0.8204897839459449,UNSIGNED,
F:\safe exe\Natron_3DE740F2.exe,3de740f2f00169ff3d471f805c0d245092ec684c93cde2aa02741a3cdc1895f5,17516032,MALWARE,0.9243420323699536,UNSIGNED,
F:\safe exe\adb.exe,2679fc07a9de652e7cb0278049ac299335c037ce4e44042469ec98d802bffbeb,17880576,MALWARE,0.9944845594004529,UNSIGNED,
F:\safe exe\wesnothd.exe,998e88e3e7d214b91f2feff32e27ef69eaeb106429e56d8c16e1b80a92b1fde4,18043642,MALWARE,0.995095704754006,UNSIGNED,
F:\safe exe\gs.exe,94331540cc1ad25a91ef7bd8cc5fb9611d201821949de54db7775a090e02fee7,18084864,MALWARE,0.9921485046663077,UNSIGNED,
F:\safe exe\yt-dlp.exe,52fe3c26dcf71fbdc85b528589020bb0b8e383155cfa81b64dd447bbe35e24b8,18226085,MALWARE,0.9993565436474523,UNSIGNED,
F:\safe exe\llvm-lib.exe,80934e8f208a0cc2a87a6057f871d0f492461952b8672464749a6c3dff34109c,18453504,MALWARE,0.8889905139382915,UNSIGNED,
F:\safe exe\hedgewars-server.exe,c54b5a7391ebd0e705c121b75aeb63c732d1000a6d42bd0b3083fe1fedd5f534,18513647,MALWARE,0.9979348883793095,UNSIGNED,
F:\safe exe\glow_64A86C15.exe,64a86c15e05ad77585363207d5598bd18f44f6d7f4bf104a5c3e041fa3376b20,18675712,MALWARE,0.9969142830057276,UNSIGNED,
F:\safe exe\lazygit_E3FE824A.exe,e3fe824ae25e119d6e0b50be1ab7ea89ad67f498122bbbf8ca4e1c90eaa5b24d,18938368,MALWARE,0.9917831367484771,UNSIGNED,
F:\safe exe\llvm-nm.exe,faa44214f6447dec4a717779dece32c4cac8716e676d584b06684b998ecfb7b1,19257344,MALWARE,0.8852473506822327,UNSIGNED,
F:\safe exe\llvm-ml64.exe,a54bc546a2d102317b934256b5fb55329658f46f839aa2c194c06fe2fd32bd59,19326464,MALWARE,0.8051907352457993,UNSIGNED,
F:\safe exe\codecov_AACAE679.exe,aacae679736830a0f4d2bf55d66df27d7c1702c1844fe2dde67b554c98eefd8e,19591104,MALWARE,0.9985201554291027,UNSIGNED,
F:\safe exe\cbSetup.exe,9ec08d76e4b810de2c3cbc7bd90787cc462deb0accc6996cab2394ab261c7154,19709440,MALWARE,0.9999775657717418,UNSIGNED,
F:\safe exe\rustdoc.exe,0cf82c029fa9be4b7d51bb452f773a805c50189a1cd60576ab53aae3a59b2010,19712915,MALWARE,0.4228879655855978,UNSIGNED,
F:\safe exe\Uninstall Avidemux VC++ 64bits.exe,a4c15e5db0241e9edf26ed85ea118240106cf4254d0630e8aafd756139bec3c3,19867184,MALWARE,0.9131587731035984,UNSIGNED,
F:\safe exe\sccache_2758E67B.exe,2758e67b4e932ad15398c080f9eddacac23651c0c49e6a1e00336ad6a0cbc6e6,19874816,MALWARE,0.9952997637662752,UNSIGNED,
F:\safe exe\cbft-bleve-dump.exe,ef5e7576b75bc44009f2a60d22f84f0b926f41f0416254f58c9688dbb4b655f7,20040192,MALWARE,0.9616283803439555,UNSIGNED,
F:\safe exe\cbft-bleve-query.exe,eeb883e76fecaf1b71e65e10fa49e61eb6f4904b8bfce2a72b884221d22196a5,20054016,MALWARE,0.9797536942324352,UNSIGNED,
F:\safe exe\gleam_20060672.exe,2169e40bb4c7bf6182a4821f9cab2cca9108aab22e5076d3e4f138515736cb88,20060672,MALWARE,0.9990724089651188,UNSIGNED,
F:\safe exe\runghc-9.8.2.exe,e7527d2205af9ae39b86a9aae6d9e86d74b529f80835a3980e26c89827902831,20080640,MALWARE,0.9826278034503029,UNSIGNED,
F:\safe exe\sqlcmd_20146688.exe,adc49e6c31b6a02baefd9ef828cf2b9325f33a8a6ac7c48e651428656c913127,20146688,MALWARE,0.999177668529986,UNSIGNED,
F:\safe exe\Tinn-R_9.00.05.01_setup.exe,c0a5f8fd128196268b735f181a75fa613e2c609760b6ccb0360d7e011c28fcbf,20360042,MALWARE,0.9997714755204773,UNSIGNED,
F:\safe exe\rubyinstaller-3.4.10-1-x64.exe,0e1210b0189e679563fe3f301f35b5640dc4c640bd21c96810d552611f5a6113,20525048,MALWARE,0.9934380039505842,UNTRUSTED,"Open Source Developer, Lars Kanis"
F:\safe exe\rubyinstaller-3.4.10-1-x86.exe,13a9df387c0e08a188e025e31cd0d2c3bd3265d6d4dfa3b875995bd1c2b4fcb1,20800256,MALWARE,0.9950482171981075,UNTRUSTED,"Open Source Developer, Lars Kanis"
F:\safe exe\Solitaire.exe,4c382e5017dee0446f53e00875976adfba23888b674d06265194211e9ba16e34,20876288,POTENTIAL_ZERODAY,0.00014673767389709815,UNSIGNED,
F:\safe exe\6a3cbe62_Solitaire.exe,fc12d4d87c2c11e4ddc73b858f94f2ac888c667d66bdb0886a86ce435f2b0e31,20876800,POTENTIAL_ZERODAY,0.0001797346939510129,UNSIGNED,
F:\safe exe\llvm-objdump.exe,bfdc5de7c990d201a1393dea95a9dae6dac2dd42f50f5f367b215ec73ae1f5aa,21094400,MALWARE,0.8077598597019187,UNSIGNED,
F:\safe exe\gnumeric-1.12.17-20140610.exe,e45a01096b1e0e47d69c2485c08bea2ab65dd5aba30af3f2fca09b2c41d336ed,21149805,MALWARE,0.9995417558974012,UNSIGNED,
F:\safe exe\Surge XT.exe,28d453a4dbb9153a234307f2a52016d4e483100a365f3908d86adafdada35259,21196800,MALWARE,0.9998675522633301,UNSIGNED,
F:\safe exe\llvm-profgen.exe,4838174c05596b2fec9011a8572ac252c860a0b4dec45ad640940fa49ac61b43,21270016,MALWARE,0.784870427042425,UNSIGNED,
F:\safe exe\ddtray.exe,38e0346dd4556594fcb86093226838ff08922df96d059ca8bea168788881af31,21348840,MALWARE,0.9730999690930796,UNTRUSTED,"Datadog, Inc."
F:\safe exe\tesseract-ocr-w64-setup-5.5.0.20241111.exe,f3fc4236425b690c8be756f35793f77394ee004be0a6460a440c754d892f68bc,21381872,MALWARE,0.9645838710143314,UNTRUSTED,Universität Mannheim
F:\safe exe\homebank.exe,d45c28bcd762eddd7d16f468d1a8342a623f579d62c54a7eabcb8e949bceafd1,21489766,MALWARE,0.9996242296059932,UNSIGNED,
F:\safe exe\MPC-HC.2.7.4.x86.exe,b6ecc79004e4071a92b3ee7f98f38e331d27f66ed503f3b67765391cf9cafb1b,21518923,MALWARE,0.9999346751421883,UNSIGNED,
F:\safe exe\mmex-1.9.2-win32.exe,f1c4261c788b9aa25fba8a3db4b2afe8f64afa50833b7158d52ef95ef9658a55,21649315,MALWARE,0.9978485663700855,UNSIGNED,
F:\safe exe\OpenSCAD-2021.01-x86-64-Installer.exe,fbe1e590e1af2af863f5d92bd263eb4644d0ee29352e3ab566366e87a8f6ed12,21876824,MALWARE,0.9996670632699638,UNSIGNED,
F:\safe exe\K-Lite_Codec_Pack_1970_Basic.exe,aa0a92c2ce56df4254970cff413c9c5d7f63cb87fb1b7763f59360eab57e814f,21947731,MALWARE,0.9991302315898569,UNSIGNED,
F:\safe exe\ClementineSetup-1.3.1.exe,8ebf4808de874c0fe6a71a5953a3d302cb6348e6ca45dcc268fb4e5c641eddf0,22011528,MALWARE,0.9995598919259078,UNSIGNED,
F:\safe exe\ipscan-3.9.3-setup.exe,91d77c63169249e8fcdd2d912963d4d5cd143d87b65352fc62ba8113fb49f9f5,22162953,MALWARE,0.9961675199373585,UNSIGNED,
F:\safe exe\doxygen_45A5E0B6.exe,45a5e0b6d2fbca7487affe5cb1445b6fb202a3e4dba5fe39549bc846c5693f1a,22169600,MALWARE,0.9640968638569949,UNSIGNED,
F:\safe exe\gdu_22290944.exe,b1377a79260f21a5fdaf0bcb71215af69571f7bb5d45ed6859611fe6116a4950,22290944,MALWARE,0.9708051265042352,UNSIGNED,
F:\safe exe\hsc2hs-ghc-9.8.2.exe,d761e66ceec13b2bf40bb8c856c069d34184bf42678c6222a4305ca3dbaf041f,22347776,MALWARE,0.9680774535202598,UNSIGNED,
F:\safe exe\rustdoc_22562220.exe,2a75fb92781aff5d30a8daad4f2b414ae2f58f890f7b3ab3a7ce8c459b53bbb2,22562220,MALWARE,0.4519064607117025,UNSIGNED,
F:\safe exe\mmex-1.9.2-win64.exe,a7decdcf63ccc2e25eb4b5ca31b8e5d910f0fb473ef21d569d74d3d7e0fc59d6,22772476,MALWARE,0.9923776712896476,UNSIGNED,
F:\safe exe\cbindexperf.exe,2aa612ec24e78b4d3ec23c0a0322c7db6754395610ea9648fff9267b7e2ba731,22835712,MALWARE,0.9893636207768371,UNSIGNED,
F:\safe exe\doxygen.exe,c42d2a618eb6eec8fbd2e67cc06ef8bdfce0f071daaa5015df115a8df2eb6328,22840846,MALWARE,0.9529620876929568,UNSIGNED,
F:\safe exe\Mercurial-6.3.1-x64.exe,be8bbadc156ad7f3bc46d7787d1eb681231cbe34c04c473becc2f9a69d2a09ee,22891673,MALWARE,0.9998592834659078,UNSIGNED,
F:\safe exe\MPC-HC.2.7.4.x64.exe,1b8626375bcd886fb2b53107da8da6f61bf9bc7ddf1e30da9a307c3ac7e1e2ad,23171116,MALWARE,0.9998952097161421,UNSIGNED,
F:\safe exe\hpc-ghc-9.8.2.exe,518a73ee42bc2dd446d0e4dd7c50b5f5f10ee33ea8b012c13c3e4f406a2b4a5f,23219200,MALWARE,0.9863343753638253,UNSIGNED,
F:\safe exe\doxywizard.exe,d112bb9a439185f2625ac1bd9e5a970b61fe3c8fa6db1a2d7f7157c33bfcad06,23290880,MALWARE,0.9701192660751006,UNSIGNED,
F:\safe exe\ffmpeg_F659DA0C.exe,f659da0cab01498ef177b152271f4b708e257af237b2b81da8ab6be0132554f6,23535104,MALWARE,0.9599907626539229,UNSIGNED,
F:\safe exe\rabbitmq-server-4.3.1.exe,427eaaf3bd19006eddcc2d7c0b748e4beac3a720436ff4274d439670bb753fa9,23593176,MALWARE,0.9793484878327069,UNTRUSTED,"VMware, Inc."
F:\safe exe\restic_0.16.3_windows_386.exe,5b5c964ac5f6c9fd6539b912692c594572d4b5fe6b8820c728ff8d994095c9d2,23698432,MALWARE,0.9989519281017815,UNSIGNED,
F:\safe exe\rabbitmq-server-4.3.3.exe,71bc9d0732daea95f15cd7de903194d6a07c33d44a1c4d387d6bdf0eb126e520,23809536,MALWARE,0.9756874438026363,UNTRUSTED,"VMware, Inc."
F:\safe exe\robo3t.exe,1f1bf1bee93bc679aaca32908fd2c40c90b38cba0551216ad3bd690b77154514,23815680,MALWARE,0.9926569277411444,UNSIGNED,
F:\safe exe\wormhole.exe,a17f8e37362ee192dfa7d346f916e4dbdb6e9752ff9459109669e0914bac85f4,23974916,MALWARE,0.9984141695657155,UNSIGNED,
F:\safe exe\vncviewer_53A6C2A3.exe,53a6c2a37709dacb82ce88fbf7cf3bbb5b38554abb16976293cd7f5dc80b0afb,24052044,MALWARE,0.9984994255391993,UNSIGNED,
F:\safe exe\cbindex.exe,c73ab5233ba906287a24c5f4d5bd3516b14ff66f63597bb17da8d12bfb7e2028,24475136,MALWARE,0.9960298700669974,UNSIGNED,
F:\safe exe\windows_exporter_A1164FD8.exe,a1164fd8a7b54420609f4af511480de5865cedfa87705dab51f8022e5309ba24,24515448,MALWARE,0.6886788694313958,UNTRUSTED,windows_exporter Code Signing
F:\safe exe\wkhtmltox-0.12.6-1.msvc2015-win32.exe,5ea3d2cfd1e792026199477addf404cc7d3cd4da885c9e0ab13f26869b618587,24631557,MALWARE,0.9986882820605268,UNSIGNED,
F:\safe exe\_conda_16519678.exe,16519678dfcaa9a10d1ef3708c5f5560f9c350d0baecc18e05f98f9fc9db7d8c,24804305,MALWARE,0.999233123876122,UNSIGNED,
F:\safe exe\_conda.exe,a509bc24c306e9d979c4d45791be84ec4ec6efc447ba063378c510f3e23b00c0,24814085,MALWARE,0.9993140396750375,UNSIGNED,
F:\safe exe\MouseJiggler_8CED5941.exe,8ced59411379259d00bf37a2a4f77589421b68d4032ba95e4c354e180b8f32bd,24997331,MALWARE,0.5998822224270862,UNSIGNED,
F:\safe exe\restic_0.16.3_windows_amd64.exe,c12622ef9ef71a528c32b9146892c3a73bd796758c31d981b78780d64f86856e,25019392,MALWARE,0.9893551219847293,UNSIGNED,
F:\safe exe\projector.exe,376a2baa02a7b7dd0fbf215c1bef5d4b5a2054721da36914386757c9456fc8a5,25030144,MALWARE,0.9935626848180564,UNSIGNED,
F:\safe exe\qemu-system-i386.exe,244669a3e6631159336e3aebebcecbdc611a3e1830ee69a0c151f489ec7eb43c,25119368,POTENTIAL_ZERODAY,0.1994141547527608,UNTRUSTED,Universität Mannheim
F:\safe exe\qemu-system-i386w.exe,9d19dee147491b19d16e0c747bb7c72ef230fe954e72183daa6ffd4f9306d56c,25119368,MALWARE,0.657366597335627,UNTRUSTED,Universität Mannheim
F:\safe exe\ghc-iserv-ghc-9.8.2.exe,318bc2e25caeb692ac28391e6c9f62c167b5ebf3c0a3527e64cb31b585e80130,25160704,MALWARE,0.9921698268579404,UNSIGNED,
F:\safe exe\qemu-system-x86_64w.exe,125a059ac9a396cfb544e3a3280e621f0be32a34c8dad91581b50f969d3f77c3,25272968,MALWARE,0.6412062099994069,UNTRUSTED,Universität Mannheim
F:\safe exe\qemu-system-x86_64_B396EB9B.exe,b396eb9b669f6282ec60f0d46e6addca8c669992e67a34365be44cd3cb97c9a7,25272968,POTENTIAL_ZERODAY,0.18832399233659036,UNTRUSTED,Universität Mannheim
F:\safe exe\fir-opt.exe,954a6a93dacc87f1a0896b730d6ff3cff7448394fa1ef69ba23b6051b048b32f,25487360,MALWARE,0.5263043814031485,UNSIGNED,
F:\safe exe\ffmpeg_AA6F31A1.exe,aa6f31a1cc6a0cd23450ccfe5e7860837a903a4c73c8a8e1c78656d38648d50d,25720320,MALWARE,0.9643291238940153,UNSIGNED,
F:\safe exe\maintenancetool.exe,3faedd2ce115db76a8c5a2022224e2c1032803038dbb9efb2221ddbb7c292463,25803776,MALWARE,0.999406839119193,UNSIGNED,
F:\safe exe\gsmartcontrol-2.0.2-win64.exe,d0af33e71cee0d3e25142b615d673ec93e87d6ad27c78086155d49d971b52c03,25838793,MALWARE,0.995959743661492,UNSIGNED,
F:\safe exe\c-index-test.exe,00ff7b1ef78099c33922886d963630b8b07b3ff4cbf680be7afb7856031e5166,25965568,POTENTIAL_ZERODAY,0.031722403626627454,UNSIGNED,
F:\safe exe\Firebird-5.0.4.1812-0-windows-x64.exe,26881a3300e03d45d1a4d4ade645ab66ab6f8666fea9678e4cbffa7c70fe15ff,26267451,MALWARE,0.9994668091026941,UNSIGNED,
F:\safe exe\K-Meleon75.1.exe,f92b453d3f6c8ea595255273656352a99dde999ae1ca5015765999b4a875f3e4,26570888,MALWARE,0.999865853262312,UNSIGNED,
F:\safe exe\qemu-system-arm.exe,4dc29e5f29e3671f49be7696fe5e595765b6cfb008ee846caadc2845b3e16e1d,27711112,POTENTIAL_ZERODAY,0.24561286706244864,UNTRUSTED,Universität Mannheim
F:\safe exe\qemu-system-armw.exe,7d16885d101aeab87228b554faca2306e03b8e7398b2f16b95fd2d9ba5e7b9f1,27711112,MALWARE,0.6960660445761233,UNTRUSTED,Universität Mannheim
F:\safe exe\wezterm.exe,6c481f2197fc6a51696a786e9403c116421e7364dcb134b91f787a4020d692bb,27744768,MALWARE,0.9783158585232006,UNSIGNED,
F:\safe exe\wkhtmltox-0.12.6-1.msvc2015-win64.exe,1efcfaf8472871268fd399865a3e62b435b91d4413009b80830eaaff7a57d088,27972327,MALWARE,0.999679417606336,UNSIGNED,
F:\safe exe\tco.exe,b60ffda9c5ecab8b97e36b247df07091ff5a8053f489d235fa1c9bde108f3fd4,28264448,MALWARE,0.47934194671610575,UNSIGNED,
F:\safe exe\stellarium.exe,4c9f1a680becd4174c1f037feb9a3d1f802daa95ac0a4a122e7cae30c630a6d8,28371456,MALWARE,0.9696549122466223,UNSIGNED,
F:\safe exe\cbft.exe,2804e3d9d4a3e2ee3e9a29c78b992975fdc1f29f3488b64b0ab120ef446a96e2,28608512,MALWARE,0.9974568433178423,UNSIGNED,
F:\safe exe\wezterm-mux-server.exe,9b768a05eba4ff05e79ba5c9426bbd7ff9c028f89047be6f1e0088ce5a279143,28618240,MALWARE,0.9889876044471769,UNSIGNED,
F:\safe exe\claws-mail-4.4.0-1-32bit.exe,b2879304e66623e9e2d2da1fa70515c40daad74d4766f368c301421cbf54af34,28657218,MALWARE,0.998728084711526,UNSIGNED,
F:\safe exe\LuaForWindows_v5.1.5-52.exe,c5f96e5183adea82a0f0d25ad0940c7ae50d40c542d2d7331cc887d5fddb4191,29146051,MALWARE,0.9999375898242059,UNSIGNED,
F:\safe exe\prime95_E28A68AC.exe,e28a68ac36dda0e29cb86d62032d9ffbe37862e926a5e905cd3b20a02cb48289,29266944,MALWARE,0.996674333308116,UNSIGNED,
F:\safe exe\wings-2.4.1.exe,b0083a78bb323f5605587ea956f60becc0efd318632fa6d032fefb4ba4b8962c,29391623,MALWARE,0.999521505723455,UNSIGNED,
F:\safe exe\tea_51F6E03F.exe,51f6e03fb6b7a542c51d3b307075bc5fdc9874c1cc2ced3b2ee5add2da235d88,29459968,MALWARE,0.9807294102881923,UNSIGNED,
F:\safe exe\clambc.exe,8dda7a1db54035e65f44e40f100a7beade6978940160db9cc434a816358daf07,30019072,MALWARE,0.5393184129879629,UNSIGNED,
F:\safe exe\aws-vault_49563A23.exe,49563a23e652a9448c9d63ddaa4eab6bb9cf4e4de777e0d42aa2da73adead437,30059520,MALWARE,0.9970321853977542,UNSIGNED,
F:\safe exe\sigtool_6CF74E01.exe,6cf74e01f130c490346613fad33e92a3c663bc8d11e8221ca781f19a045541c8,30178304,MALWARE,0.5157034133845325,UNSIGNED,
F:\safe exe\wkhtmltoimage.exe,06b2cc0e6656028caf5997672df57177518640c39e0a7caa21d167b71b39fb1b,30184960,MALWARE,0.9932146203917136,UNSIGNED,
F:\safe exe\wkhtmltopdf_D9B3D2C8.exe,d9b3d2c81496e8bba5cdf6bcdf6f83e3c4b62d1547a1086bc38c6a6bf1abc869,30235648,MALWARE,0.990902993186687,UNSIGNED,
F:\safe exe\qemu-system-aarch64.exe,513f018dcf0f63676449679dd14b4ada96a9a37c2c3da9409b371d4544a760a0,30579848,POTENTIAL_ZERODAY,0.20835083227771026,UNTRUSTED,Universität Mannheim
F:\safe exe\qemu-system-aarch64w.exe,541bccfb9e6484335d6df20cf97d69d06a9d756beb9e7991a62c8bf33f967972,30579848,MALWARE,0.596528172224481,UNTRUSTED,Universität Mannheim
F:\safe exe\lupdate.exe,2679648b1a5d9b4e2506a0bbc6b593aad0f5fca22d7c87840295ab16939ce2fb,31109632,POTENTIAL_ZERODAY,0.26072923534047165,UNSIGNED,
F:\safe exe\cargo_DDFBAD20.exe,ddfbad20b31b918d3439d070945ec59bbfe037a6ec0ab5b584459e69c8b37d1b,31278592,MALWARE,0.9472936851258422,UNSIGNED,
F:\safe exe\cargo_3CD119FE.exe,3cd119fe81dfedb9dce4573696bf65058f16b57c9e5babe415b71624315cbb7d,31288320,MALWARE,0.9605060441262223,UNSIGNED,
F:\safe exe\pp-trace.exe,098d7fe95887fedd226e4e4ccf0822e1673807affa5dc8eb1538e557d6ae1b9d,31453696,MALWARE,0.6405224330285156,UNSIGNED,
F:\safe exe\modularize.exe,530c7eb585a2a26fac2690bd274403f60b3cc4fd8386ede83b8d1f4fa325b04a,31560704,MALWARE,0.542451819745005,UNSIGNED,
F:\safe exe\indexer.exe,22a49e0811a1b35f71525659fc213d739d1d3f4df5c71430edde0b4e615076af,31579648,MALWARE,0.995895840990339,UNSIGNED,
F:\safe exe\restic_40576F77.exe,40576f77c1d40245a9f4af92a0b37b0d2514e6be0dffbf16ca8855820c13693e,31651328,MALWARE,0.9126419592768321,UNSIGNED,
F:\safe exe\FontForge-2025-10-09-Windows-x64.exe,548523f08834e344bda69abb759e30c0f84a1a5ef9a5e965eb946d86a11118a3,31722882,MALWARE,0.9999066274868743,UNSIGNED,
F:\safe exe\biber.exe,15a882203a9b17a87543a5f7fe55f8b8689902b5fc38d618c806b7ccee69746a,31748749,MALWARE,0.9976612825588218,UNSIGNED,
F:\safe exe\clang-reorder-fields.exe,d4bf61059ef4f075d226109344af96b317d168bc4562405fe2bf997663827052,31774720,MALWARE,0.6327668271653332,UNSIGNED,
F:\safe exe\find-all-symbols.exe,d4f25e12c32b96d338f2d54d34772c7d45cacaf021666d0d99de5012ac68b45f,31821312,MALWARE,0.5826448463580903,UNSIGNED,
F:\safe exe\ruff.exe,5dd358aec6b7cee5d0a6b3cb3258424f2f172f64aa6f3412708d10f0a494644a,32171520,MALWARE,0.9083852374280829,UNSIGNED,
F:\safe exe\clang-include-fixer.exe,0024c8ebf0deda45f66a000f7f0e63ab9fbe90dde7f29ba45be811df015cd8d7,32228352,MALWARE,0.7208058281407763,UNSIGNED,
F:\safe exe\ruff_1ECDB4D9.exe,1ecdb4d9d397335707b94447878773b63c50d96c6d5a8d8aa76e1f05f25d8658,32313856,MALWARE,0.974573693255511,UNSIGNED,
F:\safe exe\clang-doc.exe,ab306f6e8134bd85b1feb21847b29025270f3328b1a6b40c96d19e64e50bda39,32314368,MALWARE,0.6697873944998783,UNSIGNED,
F:\safe exe\cbq-engine.exe,f912704bc889cf72d28163a03c0df48b08efc70f35ca1761ca30ab6dfe1af0b5,32350208,MALWARE,0.9956395318791377,UNSIGNED,
F:\safe exe\dupeGuru_win64_4.3.1.exe,28293dada3c88336b2b53aca00adf59f85cabf1362f8386a8ffc6be5e1742836,32392211,MALWARE,0.9983015543034915,UNSIGNED,
F:\safe exe\circleci.exe,099004c76db855050eb12b405c0977c3834e053d3a97fd6081e9c49a8d5b8e12,32398336,MALWARE,0.9812819419546117,UNSIGNED,
F:\safe exe\pulumi-language-pcl.exe,2840956401ebf75c317050eb943965eb17fd8397b464ede21e8c3ab549788f14,32437248,MALWARE,0.9658568944609972,UNSIGNED,
F:\safe exe\clang-move.exe,64ef45eb9cbc17b51baec8c96507457b863f9c8a4054a9da00266cf2966baee3,32482304,MALWARE,0.7374105659157716,UNSIGNED,
F:\safe exe\clang-change-namespace.exe,7482d27bc699ce1fa7072e2eec81d1797747ab748891c9f8ee942368becd2a24,32486912,MALWARE,0.6996003657645966,UNSIGNED,
F:\safe exe\clang-include-cleaner.exe,811d2a9e553dac91c7afa6d01fa6a621b19ffa2b80168cfda49ec69dc996c126,32590848,MALWARE,0.7542042355617864,UNSIGNED,
F:\safe exe\ngrok.exe,777e66bab9dbe009903da788719624e489453f1c08ad9aa0da2b0f1a3486a8ec,32621896,MALWARE,0.7147551857593418,UNTRUSTED,"ngrok, Inc."
F:\safe exe\pulumi-language-java.exe,ae99062069fe7287ce0e807303067aed24b927e5b54084c5272207b22edec65a,32742400,MALWARE,0.9809481650543506,UNSIGNED,
F:\safe exe\pulumi-language-dotnet.exe,b19bc8e9e3dc9b6a9656c9e25a16788473f682428f54d3765e12771650a5a889,32891392,MALWARE,0.9706549787625389,UNSIGNED,
F:\safe exe\clang-refactor.exe,9370f3e4a8f75f3ce91c0485f87359bc841ffc42b4d7075215bd0d8c982b9ea2,32900096,MALWARE,0.701187590571776,UNSIGNED,
F:\safe exe\gdb_D05D71F0.exe,d05d71f007ad4abda44e469bb07031aac648edaa0870892a26983bedcb047c6e,32948224,POTENTIAL_ZERODAY,0.18027901970635493,UNSIGNED,
F:\safe exe\sbtn-x86_64-pc-win32.exe,f9b294a1184cd67da9fd598a77ba1ef692ecb443b8321c90565cc52d036af37f,32989184,MALWARE,0.9131814234829602,UNSIGNED,
F:\safe exe\sunshine.exe,60d1b3fb58db6eeaf5176cb26747abee2da30d8b0f4908b69910702485137ae1,33078784,MALWARE,0.7833544436562536,UNSIGNED,
F:\safe exe\lto-dump_204BE37B.exe,204be37b39cb153cb35f36ebefafcffc35f40f7e2545261d039e52809ebaa1cc,33094158,POTENTIAL_ZERODAY,0.3679105969366018,UNSIGNED,
F:\safe exe\lto1_4E89FD4E.exe,4e89fd4ec903150bbdb133ee07ede9f7ad389b492be2a8b88dcdbb6a34ad1916,33095694,POTENTIAL_ZERODAY,0.29753279955766865,UNSIGNED,
F:\safe exe\gp604-win64-clang.exe,2c31e3fc91b21c450f4b015f1cd1f2f84f7a8cfc63afc037f9ba5efb47cc0c23,33142527,MALWARE,0.9996409134663292,UNSIGNED,
F:\safe exe\clang-query.exe,1af0212e0482a18547bda9f976c18b0ceb6df8fa222fe7060ab929c9616990f1,33186816,MALWARE,0.6186277832235458,UNSIGNED,
F:\safe exe\lmms-1.2.2-win32.exe,cc701df9fc1b9e9e756d020edc4fcb90de5c28ed1e8229aa561ad4a065cd001b,33349896,MALWARE,0.9998863107818003,UNSIGNED,
F:\safe exe\mpc-be64.exe,6d5b542da34f8647442059f530220ececdd936c04b6d4db443c9a30377e911d7,33576448,MALWARE,0.7687596567285345,UNSIGNED,
F:\safe exe\ghc-pkg-9.8.2.exe,f22618bd2ee339d518620f5d806967396194dc06cfbe0678fb5544bf389b5640,33603072,MALWARE,0.9909245047743516,UNSIGNED,
F:\safe exe\hg_33938944.exe,e4a6e53defdbf1c7e053b11a68b9694e36f1b97560f571647ad24c251bc25a76,33938944,MALWARE,0.9498703866709566,UNSIGNED,
F:\safe exe\pulumi-language-nodejs.exe,b9bd197bc9a136f8bbbe3aa6ad19f96a3cedffa94508053f010efcf6c856d3d6,33969664,MALWARE,0.9694173703786151,UNSIGNED,
F:\safe exe\pulumi-language-python.exe,b3c5d4c51174f49826cf745e2dba15d3b2f3e7b56a71160a6d7acbad45b4e5d3,34081792,MALWARE,0.9772224327207594,UNSIGNED,
F:\safe exe\HandBrake.exe,d346e161f2cbaccccae0a2861c4e9baf888d6aa1bfcfba4ba6ded922a65f8c75,34129668,MALWARE,0.6315681615918911,UNSIGNED,
F:\safe exe\neovide.exe,b6b20dfc2d4fd7eb584fee46c7f6d4fd64c1ffaa2fcbf668f51e2d1a35d06f6a,34325504,MALWARE,0.9885288602520256,UNSIGNED,
F:\safe exe\cc1_5D5171FE.exe,5d5171fea3423868ab6c73ef11a918bd67fbb763276c0d94e5ebddf059ecfc12,34393102,POTENTIAL_ZERODAY,0.2208493647631698,UNSIGNED,
F:\safe exe\clang-installapi.exe,ccb2ee85b5310fa78dbbd01c138620c4111d85ed53aedee46f10079a54ee0467,34462720,MALWARE,0.5695767296332899,UNSIGNED,
F:\safe exe\mkvtoolnix-64-bit-100.0-setup.exe,f0e53e5459610583e972ebb1a5c923816bb461bafb9831455680343c68cc4074,34540888,MALWARE,0.9300494874854016,UNTRUSTED,LINET Services GmbH
F:\safe exe\cc1obj.exe,10f4a723bfd1585e42f47907f2148f5fb3065dd94c61b8d2ca8a9c222f1b28a3,34597390,POTENTIAL_ZERODAY,0.3237936817259726,UNSIGNED,
F:\safe exe\mkvtoolnix-32-bit-100.0-setup.exe,c52bd9370ba18e7fd70e7864e35653cdc7a353d39ef699a7b66015b017928a9e,34752608,MALWARE,0.8045124830959905,UNTRUSTED,LINET Services GmbH
F:\safe exe\f951_BFEBA813.exe,bfeba81367c50e997b0ee299ee44e8df25eae0c1d91010fadd4de937a5387e97,35131406,POTENTIAL_ZERODAY,0.15236998197937807,UNSIGNED,
F:\safe exe\lto1_35323413.exe,cdabdde05bcfa87cbc8a50940c8bf99c9581e8928df62c0402e43beb80433806,35323413,POTENTIAL_ZERODAY,0.002470755759910507,UNSIGNED,
F:\safe exe\claws-mail-4.4.0-1-64bit.exe,0fad3f06f7a758535f08a13d992450555d57a10726fc11c52407c3fcdda57ef8,36253497,MALWARE,0.9980839654689722,UNSIGNED,
F:\safe exe\lto-dump_13244E77.exe,13244e77a088f17fdc533e3d133782d3aee5d3c31424f762479ad2437b0cc02d,36384256,POTENTIAL_ZERODAY,0.04718702864821108,UNSIGNED,
F:\safe exe\lto1_5612F133.exe,5612f13325bc51e4b5c600811ce65f87a96109d07503b28ca1c5ca68a8a0ebad,36385792,POTENTIAL_ZERODAY,0.08349397273487194,UNSIGNED,
F:\safe exe\gdb_90634098.exe,9063409821d673bed711a2e2d3d14054d473650a382506556251842d275fc2ad,36416512,MALWARE,0.7226589060512447,UNSIGNED,
F:\safe exe\cc1plus_6605DB8D.exe,6605db8ddf86fb02e07a09741af95cfa80c62d6c6b45fc04d181124dc580977e,36505102,POTENTIAL_ZERODAY,0.30239160516917163,UNSIGNED,
F:\safe exe\cc1_36555864.exe,b19b1a21d4def01055950bbf635c29a9d59fc8bba0429a2482fb7d3dbc7de82c,36555864,POTENTIAL_ZERODAY,0.003624820760222215,UNSIGNED,
F:\safe exe\cc1objplus.exe,8bb93418ec65973b6cad1cd2623d3a4014f9969a023a6a7d958eff06d0ee104e,36714510,POTENTIAL_ZERODAY,0.2784486931798919,UNSIGNED,
F:\safe exe\lmms-1.2.2-win64.exe,5f20af1d782468507417d0785826b1f064fadba88ed1691e2def269922ace56b,36829951,MALWARE,0.9998936690273377,UNSIGNED,
F:\safe exe\freemindInstall.EXE,4b9c70d118803fbc80d0269caa2809e1842d7d5a155da6df7eefdbf0b511bd12,37675279,MALWARE,0.999949387464846,UNSIGNED,
F:\safe exe\proxyman-cli.exe,a2db147146f74f76db96816c61ef005beed2e3cc150daac815499993186a22aa,37694800,MALWARE,0.9998573836287581,UNSIGNED,
F:\safe exe\Pixelorama.exe,82d6b896671cfa3020c250c8b7d51005ed2caac93eccd208b4c384a9467fe3de,37732352,MALWARE,0.9945434678793583,UNSIGNED,
F:\safe exe\cc1_5F724E96.exe,5f724e969c12028381b14bbaf237b97b5dcd52066b4e78453f4b9adf61858ac5,37813248,POTENTIAL_ZERODAY,0.10524870915018818,UNSIGNED,
F:\safe exe\pulumi-language-go.exe,0b94c5c49416137bce840f930f3394ef27fc487326145d18178a14919bcb1201,37871616,MALWARE,0.9337105008475967,UNSIGNED,
F:\safe exe\autopsy-mcp-stdio.exe,54eb7f94983b806667d99c3d3f9710025c8c81abdce76886be299bb9828d910d,38366817,MALWARE,0.9997458453282254,UNSIGNED,
F:\safe exe\Olive-1e3cf53-Windows-x86_64.exe,01d6e43dceccbf4ace6059e3ada93968a1b29f33cee44403fa89c59e6a0ba890,38381790,MALWARE,0.9994104210151893,UNSIGNED,
F:\safe exe\gimagereader-qt5.exe,1f6540c9b1ee877d374ac44a165219660c4a6e4402df846b918186e90bd85ff2,38578554,MALWARE,0.9869154338640154,UNSIGNED,
F:\safe exe\infracost_D5FA8DFD.exe,d5fa8dfddbbc3dca71222d84d28c1241d2486f7bd41ca993dd6ea398fb9f273a,38612480,MALWARE,0.982089856645323,UNSIGNED,
F:\safe exe\f951_5B290C5D.exe,5b290c5d522823ead3907f0cc99925bd04df8a6bcd0311114aa7bb74c0a96110,38683136,POTENTIAL_ZERODAY,0.19546835862358306,UNSIGNED,
F:\safe exe\pulumi-language-yaml.exe,09e6c59ff62afdf535c95fde64269f1896b02268da2ad867600c237e9e3566e0,38745088,MALWARE,0.9229503761103925,UNSIGNED,
F:\safe exe\gimp-3.2.4-setup.exe,85342a5ada2928fbdcebd08f00468c4adf23550ae7b5831c846db0406214f320,38755917,MALWARE,0.9998391817233347,UNSIGNED,
F:\safe exe\ileapp.exe,e69ac80fff162f08bd32d9532f59b6309066c1b909de003c74711b3ee09fa582,38769811,MALWARE,0.9991145356388184,UNSIGNED,
F:\safe exe\mypaint-w64-2.0.1-installer.exe,7d1d94822e9cde8418cae0a0b78aed72f080a03633fe76eed20a71025debb23d,38782051,MALWARE,0.9992545739072013,UNSIGNED,
F:\safe exe\dart_38789632.exe,79187915ba93ae968bde69d6a2e17a6b9fe7b5a28adb450d56ccd7e6329254af,38789632,MALWARE,0.7156646117424695,UNSIGNED,
F:\safe exe\mcp-server.exe,d519568a37e49f3061e62aa23710298f8af329384ac97353009d26484cef73e6,38864067,MALWARE,0.9998577641847016,UNSIGNED,
F:\safe exe\saml2aws_854D6484.exe,854d64848137af6bcbb7f1f35da9ce5974bae603ae6394facd320cfdcaf65ff4,39069380,MALWARE,0.9946995554748974,UNSIGNED,
F:\safe exe\cc1plus_39130323.exe,a02f8bb360098f4d6d1957aed1c2260bd899f61e52ccfaaeb25dacca36e4d78d,39130323,POTENTIAL_ZERODAY,0.0059345799884231755,UNSIGNED,
F:\safe exe\otter-browser-win64-1.0.81-weekly272-setup.exe,bcba1a1f016ec7d47c57330b3dd299891e180f2def14da94655bb241bd8fa333,39378662,MALWARE,0.9998755489190336,UNSIGNED,
F:\safe exe\deluge-2.1.1-win64-setup.exe,183f401f088cbb973633dbeeb16ded1326b7aa567acfc9de32855d5be14653ae,39450759,MALWARE,0.9989178643576226,UNSIGNED,
F:\safe exe\x2t.exe,deb80914b5c8743be2373a31fe54c08e0422051546a9d8fea6a08688e913cffa,39539696,POTENTIAL_ZERODAY,0.012168411148984013,UNTRUSTED,Ascensio System SIA
F:\safe exe\LibreCAD-v2.2.1.5-msvc.exe,7af37e61badaa4b9215f182cc843e0075cb976eb79d2ac59bf9dd77d56516261,39969586,MALWARE,0.9956729340353584,UNSIGNED,
F:\safe exe\lto-dump.exe,44264207954ad635ccb604b003b3602606f598c4ccc043125e959dd83f5a8c2a,39978496,MALWARE,0.6687317615252669,UNSIGNED,
F:\safe exe\lto1_39978496.exe,77268b247f7a0007363fcc5e11ff32730f03db2cdc57cd3115e1547bc8f13a53,39978496,MALWARE,0.6525612912611896,UNSIGNED,
F:\safe exe\Avidemux_2.8.1_X86_nullsoft_en-US.exe,dd962bc788d7d955b04e163e7e1a6620b573adc379bf2ea2a2c25585782b4dca,39995334,POTENTIAL_ZERODAY,0.12085137851659736,UNSIGNED,
F:\safe exe\rust-analyzer_4AEF6099.exe,4aef6099066a6a79ae9a01f3b34b66e8864c94947073c94fb17c880cec7eb9ae,40010240,MALWARE,0.5531811540885732,UNSIGNED,
F:\safe exe\rust-analyzer.exe,2b8cd9b623e4a253713992adf7ec6fbd09f83d20be8d06e5f28e5fe6cc71a3cc,40018944,MALWARE,0.8126182702444835,UNSIGNED,
F:\safe exe\cc1plus_159A1465.exe,159a1465f492369195e03232500e8e8e56bbee4636c906a128adfe05ede075f1,40041984,POTENTIAL_ZERODAY,0.09730138272841557,UNSIGNED,
F:\safe exe\gImageReader_3.4.2_qt5_x86_64.exe,db959a95534e29845f8954ac82c88f18b0b20c5e01cfe0720765718d96d7781f,40133707,MALWARE,0.9985598717984701,UNSIGNED,
F:\safe exe\K-Lite_Codec_Pack_1970_Standard.exe,a2d8781dcc6dc29a8383711a437f03dfe828f48f13f36907993ea57291ccc86d,40645277,MALWARE,0.9998898433471772,UNSIGNED,
F:\safe exe\cc1.exe,00ab2472e2070c62cd068aa0edccec8aaae8e5ac17bc4d6da439aed4c78afaff,41442816,MALWARE,0.5660631237520414,UNSIGNED,
F:\safe exe\mGBA.exe,5a3c98c2984dd04bd0d7c9378cdfae937ae0d73a196c880bb2eecf3b254af247,41641519,MALWARE,0.9993432237374696,UNSIGNED,
F:\safe exe\golangci-lint_41684480.exe,bed205a512d6ce48a6cce052878fcceb06591bd72d7e6b5e138204ef720eef66,41684480,MALWARE,0.9809235618776248,UNSIGNED,
F:\safe exe\vcxsrv-64.21.1.10.0.installer_x64.exe,f0bdc3f17a2a4c09172c7d0f9dd6b2b3f95b1fdbb2794bd8ffda474c636cced3,41781489,MALWARE,0.9989777965053278,UNSIGNED,
F:\safe exe\chezmoi_057EB4B9.exe,057eb4b9e7674a990baa660249d28d32e4e9dd8d7acc37cd3e3387315b3dde4a,42093568,MALWARE,0.9940890178682574,UNSIGNED,
F:\safe exe\f951.exe,4d1c6d59cecbaa59be4ec11f3202f64b8264f49fcaaf9bac2507a7b3fa6e8b38,42298880,MALWARE,0.5373540319171627,UNSIGNED,
F:\safe exe\wezterm.install.exe,35a6ec0eff7aa65e3987f14223bfb9df831eaab2964eb441ed6cad4356d252ff,42321770,MALWARE,0.9998454758897044,UNSIGNED,
F:\safe exe\Jackett.Installer.Windows.exe,ffd0116428858850044a7c32a6afef5033e8b8d8af6cb04d0b95ee4b06e11d2c,42456389,MALWARE,0.9997921879460394,UNSIGNED,
F:\safe exe\docker_CFC4F922.exe,cfc4f922f03e8c9b5e7ec8f87be10e72c16f515a53dbb2d7a017e9cde52ea307,43084800,MALWARE,0.9897917649373523,UNSIGNED,
F:\safe exe\qbittorrent.exe,f69360ae8545a64f4fc84fb6bacef03d77a6aa0793a4c14d4a28651ca26a27d1,43303936,MALWARE,0.9745388456496417,UNSIGNED,
F:\safe exe\wings-x64-2.4.1.exe,b78b03eb530d5c0bea3535ad55c809fffb22fbee0b78f7c18a699ce1e3fb16af,43403988,MALWARE,0.9992163566747727,UNSIGNED,
F:\safe exe\Synology Active Backup for Business Agent.exe,a2b179bcdb52c4dfe639120ce04c80a674699d6949f5b0e55f0d069d45046ea0,43751776,MALWARE,0.9960375859667311,UNTRUSTED,Synology Inc.
F:\safe exe\cc1plus_43953664.exe,6c6606462ae499fe78660f4c8e9c6f84638aae58821dee5aa7c730e2f7d6ba17,43953664,MALWARE,0.5545294009819229,UNSIGNED,
F:\safe exe\openscad.exe,c6b741fc0907e4d571b8a91097a1a5e1e426f5c422385c77b788ebca76e369d0,43975680,MALWARE,0.9930404810200987,UNSIGNED,
F:\safe exe\ghc-iserv-prof-ghc-9.8.2.exe,11c4555de92ef7df06ec1fc1da469013f50e43a34fdf855534b5f5b08a555ef0,44761088,MALWARE,0.9906298560423408,UNSIGNED,
F:\safe exe\nu_49FB6ABF.exe,49fb6abfefc74325d398138ce4d3dc0e9ea68aac5a739e638e0f00cb081e445f,45022720,MALWARE,0.9889240148069156,UNSIGNED,
F:\safe exe\podman_1CA3B888.exe,1ca3b88816a4f217d00a557c76dd279094185fda4122029b74eb5714dcef34f7,45108736,MALWARE,0.9908223300805458,UNSIGNED,
F:\safe exe\kodi.exe,fef16f362aa405ab83fe7e7f34948c3b062df9d0701eb883f7834301562fe0ae,45192192,MALWARE,0.9909673528137003,UNSIGNED,
F:\safe exe\mplayer.exe,fc2939545341caa7d43dc46ed09bdf1bbb90731306f42aa6ef3695a298dc66af,45361152,MALWARE,0.9910435478568588,UNSIGNED,
F:\safe exe\clang-extdef-mapping.exe,fcf4f6744944ff55178d722350b1cfc514b74a6d8ff450c5f4f7938d6f595bbe,45471744,MALWARE,0.6823657138788304,UNSIGNED,
F:\safe exe\mumble.exe,9c482734d2d1798a49bab66ee77b28dbee9448c4eedd49b8bccdcd47bce1e854,45927424,MALWARE,0.9927778275998828,UNSIGNED,
F:\safe exe\ghostwriter-v1.5.0-setup.exe,4992a56a0b7f654f464420c0ff433252e03a05ab1de5fbcde40d4848d18eb547,46449237,MALWARE,0.999984905080667,UNSIGNED,
F:\safe exe\typst.exe,1bfcabe2756657587c5f879041b55265c2a954c2ba8125ada842d2a33b371695,47280640,MALWARE,0.9989992543071671,UNSIGNED,
F:\safe exe\doxygen.installInstall.exe,e9f5a4ddce7d0204ffcd35c0f40c29ddf769dd9b36dee3055f8f71106e04752f,48028303,MALWARE,0.9999159632744423,UNSIGNED,
F:\safe exe\clangd.exe,91eb3cbb68ca5e50663126705127703d9c94ae0fc0d267e6602d38bcfcb74524,48107008,MALWARE,0.5938621400762973,UNSIGNED,
F:\safe exe\caddy.exe,5cb9ab71e5756ce72840b8234177a2f40c8b4ab47a806b8e841e2b784e9df62b,49535488,MALWARE,0.9875739067718018,UNSIGNED,
F:\safe exe\RawTherapee_5.8.exe,2d6f127598ef9a3d36a86657ac53c81b1957b6d9ae97fef1fadd8757f82aa915,49726890,MALWARE,0.9999437884370408,UNSIGNED,
F:\safe exe\llvm-dwp.exe,7e04a2a4e0f8699796015f3d6126bd6b2546d44c63417ca9f87e6d9656e40412,50826240,MALWARE,0.5032573489937541,UNSIGNED,
F:\safe exe\dosbox-x-winXP-2024.03.01-setup.exe,8f0341facaf72875f6602d502d1738c2e1fd177849fd80ae9c07615172614458,51142203,MALWARE,0.9999491472837166,UNSIGNED,
F:\safe exe\stremio-runtime.exe,2a9d34c190c8c639c2817a371cd8ab6e5d8c8f5d0c45b8c72fbb1d9d4c1e9227,51459432,MALWARE,0.9968482575765145,UNTRUSTED,Smart Code OOD
F:\safe exe\PCSX2-v2.6.3-windows-x64-installer.exe,1f022c5fd36fcf968edbf311eb4b87f84988f526d8fe3babda8e07a3dce38171,52805809,MALWARE,0.999883862479148,UNSIGNED,
F:\safe exe\wesnoth.exe,cb56b7299cce5d1a74274a6c6b37f1a6f362ae145ee6ad83f1c5cdfe0f6bb0e0,53048322,MALWARE,0.9931353628173614,UNSIGNED,
F:\safe exe\lapce.exe,bb76997e0715a99c608aa838252e6b9087b6475243e6fe4a38fc48e0ba5b4322,53395968,MALWARE,0.9707391006478812,UNSIGNED,
F:\safe exe\OpenToonzSetup.exe,94e24d6d8ce6f12823d6bf577c5511a893092ae0d1d292f391facbf5e1382149,53739440,MALWARE,0.9999225053606814,UNSIGNED,
F:\safe exe\clang-sycl-linker.exe,870e2d0a9a921c48bc481fe1acac6bbf4094ecc5eae79421f3e4833b21f97efd,53955072,MALWARE,0.5023220944827277,UNSIGNED,
F:\safe exe\Freeciv-3.2.5-msys2-win64-10-gtk3.22-setup.exe,9306f30a86221784d449c7ee4c426e1a0775d61c4995c14ce11c8c56f0b857ca,54001127,MALWARE,0.998927692836805,UNSIGNED,
F:\safe exe\clang-linker-wrapper.exe,f4ae445c6bcc659ff30e0375d6825171e3128eba9c667fc003d56003e7b5f682,54759936,MALWARE,0.5013810897875993,UNSIGNED,
F:\safe exe\cargo.exe,a9c867d4bdf87f224b3d6ff724845579272b0b2d0673554362809756b3d4290f,55016705,MALWARE,0.7703301681159034,UNSIGNED,
F:\safe exe\kubelogin.exe,f4823e5fca06e7450e68c3e4eaa8773651659b7e48469d7f638d469b69b5ad14,55039488,MALWARE,0.9541914498439731,UNSIGNED,
F:\safe exe\mkvtoolnix-gui.exe,9faa6239c25b177ffcdf852cdbf47e08311f02a07c35c1a634581a795d63517e,55732024,MALWARE,0.779982765329734,UNTRUSTED,LINET Services GmbH
F:\safe exe\mongos.exe,c64322784a3f9b8bf516ec09d0c5977d4edc431ee0120965c2cc7e097bfbe930,56639488,POTENTIAL_ZERODAY,0.26743203905301516,UNSIGNED,
F:\safe exe\K-Lite_Codec_Pack_1982_Full.exe,5647abb482886cf859ed092be60675b3ef30645c96206548f4566a579eace3a4,57074271,MALWARE,0.9999278590338339,UNSIGNED,
F:\safe exe\bazel.exe,5fc2f2805b8c697a54732558576938d06bab63aa0f9b6610cc01d2cae0388705,57399542,MALWARE,0.9859296179060973,UNSIGNED,
F:\safe exe\mitmproxy-12.2.3-windows-x86_64-installer.exe,844d0d40c4b9d7e68a8fcdb66354255c4480ea43c4ceb783d7e41c7a98fa8ce9,57786874,MALWARE,0.9993383943485936,UNSIGNED,
F:\safe exe\cargo_58346242.exe,f6575d41d6d94c5917f4ee3a16a559a58e34cb196bb8d4917176ec5687ca8ef5,58346242,MALWARE,0.7336915612386254,UNSIGNED,
F:\safe exe\lldb-instr.exe,0cfa774327b40e5c59a64d3ca4d64d402352a1db28885af99892ee5164c1b48f,59171328,MALWARE,0.5870590217216765,UNSIGNED,
F:\safe exe\spek.exe,43371856a04076944b3437a191303083b54e308437b62fdc8a74bfab2ad2f567,59386574,MALWARE,0.9969286613590418,UNSIGNED,
F:\safe exe\purs_60492288.exe,5cdfd5e12767612cb1eed965a28c39ea3d99542e3b4e438e81d0470e7ed3e5de,60492288,MALWARE,0.9947212367577472,UNSIGNED,
F:\safe exe\kubectl.exe,df04d82234b28ffbdcd36e79d596b85da6e9c736e1a7a55ff6910c648ff47af2,61074432,MALWARE,0.9519637767969888,UNSIGNED,
F:\safe exe\kubectl_BA76657B.exe,ba76657b79d0ebcc3c029c171fc83c96351ba5ce0e71d185f1e5b8b873360a5f,61075456,MALWARE,0.9774495631207938,UNSIGNED,
F:\safe exe\robo3t-1.4.4-windows-x86_64-e6ac9ec5.exe,7e695e8393816cd86030b512eb64e6e5c9b25c03db33b56556da415127f00e12,61105816,MALWARE,0.9999176237594005,UNSIGNED,
F:\safe exe\kubectl-convert.exe,868ecac518f69166547c67ec72053dc79a3e9cb4febc7cd7cbed69d72f1fccd1,61364224,MALWARE,0.9518748611920195,UNSIGNED,
F:\safe exe\kubectl-convert_90AA8070.exe,90aa80705bedb47d3974cee2471d298e2d97cfad983162802d63f556510dd55c,61364736,MALWARE,0.9617250253065323,UNSIGNED,
F:\safe exe\hugo.exe,ccc6402ac1a1c23b2555f20bc22d9c9e7f8270b916b4d7462252718b6859621a,61968896,MALWARE,0.9881218382136769,UNSIGNED,
F:\safe exe\hledger-ui_70064485.exe,700644858740358c4b19b937f9061298c3171703b87d68733b065b143ce459f4,62042624,MALWARE,0.7050263215168443,UNSIGNED,
F:\safe exe\vlc-4.0.0-dev-win64-e394ca66_x64.exe,a9702d8396a77e57a3aebcec4e326f2062aa4efdb26e549ae63fc925a1449f4c,62847326,MALWARE,0.9976937903459294,UNSIGNED,
F:\safe exe\helm_1F1EABC1.exe,1f1eabc1531def467d17da4ac0ac0f706c93659146a3c7b34ab46d084a5610bc,64449536,MALWARE,0.9941915230151821,UNSIGNED,
F:\safe exe\smplayer-25.6.0-x64-unsigned.exe,8cc882fe6473a979f6d5775a9e8e558eb29ed41876e433e6e3755ea2110b9f4c,65111006,MALWARE,0.9975387529434628,UNSIGNED,
F:\safe exe\clang-nvlink-wrapper.exe,68b927614f282205c5b633d4f8e91e449fc255673d824f2b1781f79d6beaac68,65500160,MALWARE,0.7272957079540439,UNSIGNED,
F:\safe exe\hugo_D6253C74.exe,d6253c7438dec3959b3a63336b46ff4160285018bbe1d4e855bf5fb4384dc930,65521152,MALWARE,0.99264437548457,UNSIGNED,
F:\safe exe\helm.exe,716997eecfef27030cf861d5f02b1dded5cb9986e405e0fef29f0ff028438794,65887744,MALWARE,0.9883408573601414,UNSIGNED,
F:\safe exe\projectlibre-1.9.3.exe,069f0d89a94a35d8105a59bdb1e4e4765aabca378d17c7b21c732fd61c5cbed3,66959997,MALWARE,0.9999861921175003,UNSIGNED,
F:\safe exe\wezterm-gui.exe,9491ca934f32d008329ae084e88305975b16a89f830af7df5750a6186b59f4ce,67704832,MALWARE,0.9999080942516212,UNSIGNED,
F:\safe exe\K-Lite_Codec_Pack_1970_Mega.exe,8d2c8ab8a63e472eeb8e248bb99d1522bf10f50c33a889eee7023e190ee24d28,67988833,MALWARE,0.9999721629986699,UNSIGNED,
F:\safe exe\cabal_42E6E50F.exe,42e6e50f42fc78e07136ddb30472c0a7f2bb0d61bb72db164fb3290236932731,70721579,MALWARE,0.9851365184504391,UNSIGNED,
F:\safe exe\hledger_49845FCB.exe,49845fcbbe81edfaa10546d46bcc4af98caa7dcc1793f28e1f3b930a5d597bc4,74417152,MALWARE,0.831688147423269,UNSIGNED,
F:\safe exe\qemu-system-x86_64.exe,05d836da7cda19cdaa0e2a8cb00cd4cc4954ecb7a6123485df8db24fec1c4e16,74996271,MALWARE,0.8922992977513371,UNSIGNED,
F:\safe exe\uv.exe,6d40479cd1d0d5db7fc0fe68ad703fc8acbd84bba50d864bb97461f6af9d9561,76024832,MALWARE,0.993590345280773,UNSIGNED,
F:\safe exe\kodi-21.3-Omega-x64.exe,2c46c2bd60b38bb60eb0a5e3468bfd43e9235521eae2910b8c81455e46335c5c,77567958,MALWARE,0.9991609753474152,UNSIGNED,
F:\safe exe\renpy-7.3.5-sdk.7z.exe,3f2760be6c8b36698308470947783b1f5ce7ebcb4e2ae6bf2761212f5c925823,78139086,MALWARE,0.9999521280857482,UNSIGNED,
F:\safe exe\ffmpeg_C71FCBEC.exe,c71fcbec931c810dccd46826c59129139f378029dee372f200f12b6f1dac5758,78497792,MALWARE,0.9936512844137741,UNSIGNED,
F:\safe exe\rclone_492648A3.exe,492648a3867dbc620188a305e05ff3216aecbf4622bf1a6b5b978ed9c939e18c,78797824,MALWARE,0.9989335609927887,UNSIGNED,
F:\safe exe\flux.exe,19c60a8c7d4a711af06fed8506f8e1472daba553fcdeebb061eea4114661d430,79137792,MALWARE,0.9855612790757989,UNSIGNED,
F:\safe exe\linphone.exe,9a7fa280f07a254fd9d18120bac327211fc21b009cc05e0510776b5a0c7159df,79575552,MALWARE,0.9563875089121036,UNSIGNED,
F:\safe exe\gitversion.exe,db6e31d1e7cdadd03994dc1f812802818e6bc179b0eaf011b7055958805db677,79969726,MALWARE,0.935826501527963,UNSIGNED,
F:\safe exe\kdiff3-1.12.0-windows-cl_x64.exe,d29b9fac0556e3992ef8d4640320691f7d48aae81db6513e7aa9bf28bbef88ac,81159645,MALWARE,0.9993434393061393,UNSIGNED,
F:\safe exe\ffprobe_D3320773.exe,d332077363d0c1b8407c949d701e96bfac71f2412392e09d90c3aaf8892b18e7,82604544,MALWARE,0.9341657416488774,UNSIGNED,
F:\safe exe\ffmpeg_812AC833.exe,812ac83375b8a926da2859503d8c120544bd78ddc57abad026613d34c305a8d2,82746368,MALWARE,0.9350801763305483,UNSIGNED,
F:\safe exe\terragrunt_94C4568B.exe,94c4568b14d0c227e94387c0391bddc251ffdbc440ee7f6c3963971a24a3fef0,82748416,MALWARE,0.9955123960937265,UNSIGNED,
F:\safe exe\ffmpeg_04E13079.exe,04e1307997530f9cf2fe35cba2ca7e8875ca91da02f89d6c7243df819c94ad00,82797568,MALWARE,0.9874811333266376,UNSIGNED,
F:\safe exe\cosign.exe,c62684f0e4fa66ff15e9cca4f0b3cd6009bd322773f2e83b3aa68d704a989554,83306496,MALWARE,0.9841657934141974,UNSIGNED,
F:\safe exe\hadolint.exe,8e0ee174f88edb14f207a68430c7a53c2883ed509cdbde9a3a26fffa140fa5e4,83332608,MALWARE,0.9950905841297056,UNSIGNED,
F:\safe exe\traefik_783088A8.exe,783088a8942229916da66719b95fe688454e28fd63574f5b1e8a989048c343f0,84156416,MALWARE,0.9870201483627203,UNSIGNED,
F:\safe exe\NordVPNInstall.exe,0b34bc0173cbaf396b6dcfd753e6dc0f1201abf0495495bcfb27cd903a27f9f5,84489688,MALWARE,0.9996244364805297,UNTRUSTED,nordvpn s.a.
F:\safe exe\syft_3E3EE979.exe,3e3ee9799eb7dcfc4651eefc200dcc7e6867eec2d7284ecadf0aa53b20a503cf,85275136,MALWARE,0.9880639752036517,UNSIGNED,
F:\safe exe\mongod.exe,09bf1e2107486940dad4f5d587a9098a9a7fd30982a93f67afe655e26f354a48,86056960,POTENTIAL_ZERODAY,0.3822908119389134,UNSIGNED,
F:\safe exe\clang-check.exe,8ef634ecd7c6447606fd1b08a561196720d98a482b6d47ae9ed48e1c085a4f94,86926848,MALWARE,0.8355308592921821,UNSIGNED,
F:\safe exe\nu_plugin_polars_B8F5D652.exe,b8f5d65250bb1050b50a2696fa9407fe918066161aa90df4ee381dc31a6af040,87616000,MALWARE,0.9871238110944632,UNSIGNED,
F:\safe exe\hledger-web.exe,6978c824eeb9abaa06ff1f1128c00209113577975f22f6f044aa103191756d1c,88078336,MALWARE,0.8967896899825077,UNSIGNED,
F:\safe exe\grype_BD782099.exe,bd782099b8a7a7afc6ee6d5b3d21ffcb802dd19443ab7f5171ab8227cc0c5cc4,88523264,MALWARE,0.9871056424803585,UNSIGNED,
F:\safe exe\goreleaser_88702976.exe,7ea4426c78433abe58bc0b3bd47213dedc260b4258310a352eb9d37fb40821e7,88702976,MALWARE,0.9667027223251159,UNSIGNED,
F:\safe exe\jx_43203B18.exe,43203b189e3c16c05cca7cf92b8e9ce2abf0c744e9c4dcc15d07d21f9de9cbda,90070528,MALWARE,0.9808772051311171,UNSIGNED,
F:\safe exe\eis_nt64_90238896.exe,2d440087d87a888ae6911952f32e9721de8b46a40d5cb71073a224663ceaba6c,90238896,MALWARE,0.9563527757572637,UNTRUSTED,"ESET, spol. s r.o."
F:\safe exe\Notable.Setup.1.8.4.exe,85781c48957b459ef417cb553a704fa205e81cbfba937666846d78103be8b952,90623743,MALWARE,0.9999762053830348,UNSIGNED,
F:\safe exe\bbc.exe,115d0d897439d54e7a18578890b143fe19ad75510582de6d67c7bbd138709810,91185152,MALWARE,0.7903846165589749,UNSIGNED,
F:\safe exe\Boostnote.exe,5e300fddcf4719c036fe354e4532a61dd5c7e0297a051cde8aa0a1886475b04b,92349416,MALWARE,0.973356758800236,UNTRUSTED,MAISIN&CO INC
F:\safe exe\stack.exe,8745161c7aa0a11f2c91ad78a0b1fcd89927ed884f97d9644612ff43e92ade39,95363072,MALWARE,0.9633496379230871,UNSIGNED,
F:\safe exe\monday-win-latest.exe,f82165c5541fba2e3550c1276a89f50ed60bd084b7147feb3406057de347f961,96922680,MALWARE,0.9985055493060377,UNTRUSTED,monday.com Ltd
F:\safe exe\pnpm_0A8B6B9D.exe,0a8b6b9d6f391bb83e868a3f951eec74fb8f745c176fce523a9359f40b20fb7b,98099528,MALWARE,0.9995172703222819,UNSIGNED,
F:\safe exe\SuperCollider-3.12.1_Release-x64-VS-b678713.exe,2b08130a4f9e760df7c3a7e91aa5ff05e6c2930d95e7f1d2997d5aa3dcb95da7,98824512,MALWARE,0.9998361957455177,UNSIGNED,
F:\safe exe\mame0280b_64bit_67CB5049.exe,67cb5049e497fcd551ca052d815ba4a581435f49d405b501c6ac01ec7610073d,99085950,MALWARE,0.9999344050664292,UNSIGNED,
F:\safe exe\ffmpeg_5AF82A0D.exe,5af82a0d4fe2b9eae211b967332ea97edfc51c6b328ca35b827e73eac560dc0d,99264000,MALWARE,0.9943492552545964,UNSIGNED,
F:\safe exe\ffprobe_B49CCC7C.exe,b49ccc7c6547b141ad5a2f6ec69cc04323d7133d7704d70b331b904c63eecb07,101692928,MALWARE,0.9808581959219577,UNSIGNED,
F:\safe exe\nomad.exe,73096551c84a1b1d3b595690d47bead49eab0f7ba6bae6386699fbbc239c4d07,101777584,MALWARE,0.8167253014934099,UNTRUSTED,"HashiCorp, Inc."
F:\safe exe\ffmpeg_1326DDE4.exe,1326dde4c84ff1f96fe6b8916c5bed29e163e9b5dccf995f6f3db069d143ec5e,101897728,MALWARE,0.9750709553119327,UNSIGNED,
F:\safe exe\ffplay_C5072709.exe,c5072709d93eee7b40891109e282486b5089e84ea7ce02010a48ff1b79e5b11a,103382528,MALWARE,0.9695465453973142,UNSIGNED,
F:\safe exe\meilisearch_104487424.exe,2959c64f5df39d3ed143f72b7497588b69e11414ef4792618fd5768a1e953bf7,104487424,MALWARE,0.999821745919535,UNSIGNED,
F:\safe exe\clang-cpp.exe,986af49c2d1eefeac324f724ff54597753d1053927fa5d58a37a457f578e1cf8,104745472,MALWARE,0.8475521662374909,UNSIGNED,
F:\safe exe\BoostnoteSetup.exe,03f1aecdd46d9d543e9b712ca1617d5242759e85e021fc0b867a04677ba78087,104830952,MALWARE,0.9999694726842632,UNTRUSTED,MAISIN&CO INC
F:\safe exe\tilt_5B35FCEB.exe,5b35fceb4e47fe9e83e76f6f546a288c6e9f3e200e345e036a256127c9612838,105484288,MALWARE,0.9646413581602684,UNSIGNED,
F:\safe exe\spark_3_0_2-with-jre.exe,ef3ba8eef5b88edc5e4ce9e13e9fa41ef2fad136cc6b518c52da79051c2a7c39,105846272,MALWARE,0.9997547397423996,UNSIGNED,
F:\safe exe\istioctl_BE3956E8.exe,be3956e84a4f2a78627ee1e95df9c9115c1b5fa49e849987ad1dfa2ca852f45d,105851904,MALWARE,0.9626515424476992,UNSIGNED,
F:\safe exe\clang-repl.exe,c7f7d04cc73ac07986d1542a9cc9b5012f5455e1e5d3fc74b4c3ecaa1503230b,106137088,MALWARE,0.7768781007896269,UNSIGNED,
F:\safe exe\mpv_C6EBA27E.exe,c6eba27e7c20037f2434d0c92cd1124c5ed165c12af1bd24063167067f359e65,107544576,MALWARE,0.9870823130488979,UNSIGNED,
F:\safe exe\idafree83_windows.exe,10080a057704630578e697c6bb0b09968a54138075cacab175f62d60c71d0a1f,108055744,MALWARE,0.9999012725119291,UNTRUSTED,Hex-Rays SA
F:\safe exe\flang-new.exe,58ea88a5899597b1bf21d62c067d25486e8fe8397ddf5ae16e878c5947eddb72,109480960,MALWARE,0.6840075513771189,UNSIGNED,
F:\safe exe\installer_0DE6C0AA.exe,0de6c0aa854728f3e5c21d74b4138f0a515d70cd80921eb3aed6b8e975838a2f,110831845,MALWARE,0.9999718626448898,UNSIGNED,
F:\safe exe\SynfigStudio-1.5.3-2024.08.23-win64-3b7c5.exe,b037a78e45ae5272f095412f51b7634fd7a4226291d82a135d0e0459b8340d92,111348601,MALWARE,0.9948453686456575,UNSIGNED,
F:\safe exe\rust-lld_4E9676B7.exe,4e9676b75f0caebde0bc586b0c6b8b62ce7b75ef7fff056c2a463c6c5b4da5bb,113407488,MALWARE,0.875192966000606,UNSIGNED,
F:\safe exe\rust-lld_55BD23CE.exe,55bd23cee94c73c87de51106f60b63ad8981390aa7079c435c27fb5b04e283ad,113417728,MALWARE,0.892744800739464,UNSIGNED,
F:\safe exe\ClockifyRemindersService.exe,d8bce72cff81fce60eeb8ecd3504ce3e3ed002149be2ee6eb2a2eb8a2f1644e9,113520024,MALWARE,0.9284824979953811,UNTRUSTED,Cake.com Inc.
F:\safe exe\ganttproject-3.1.3100.exe,48961a97894e827b2e5a36893d144293653852f8bf64efb35aa733aa8721dcf2,114165092,MALWARE,0.9998048468737126,UNSIGNED,
F:\safe exe\pulumi.exe,baafe7be746c69aa686f197648030726d0c4bb477844aae92dd0aff3894b7828,114588672,MALWARE,0.992830439498527,UNSIGNED,
F:\safe exe\logdna-agent_7AA2C95F.exe,7aa2c95fd3f20c2d6e55200d25dc3ba659ec9851e74c2be23f14481096e24d06,115034846,MALWARE,0.9984816092156423,UNSIGNED,
F:\safe exe\GrampsAIO-6.0.8--1_win64.exe,5c8e3a3f6ae7fec8b1ea4ac9e8eed2a1ee27292dab124ee24350f4d016b49674,115599649,MALWARE,0.9983517739875085,UNSIGNED,
F:\safe exe\mpv.exe,7c87582006c31cf42c81747b7fec598a88430d46a45fbfb24161ec6bc213b591,115788288,MALWARE,0.9905641515290808,UNSIGNED,
F:\safe exe\gitlab-runner-windows-386_x32.exe,61e029f0bde2a634c2eb59fc4387af3b4f647bb71480aaf4e6d4adb343a3bfec,117193992,MALWARE,0.9513646783165216,UNTRUSTED,GitLab Inc.
F:\safe exe\tofu.exe,13f06d61ca3c80737ca42d3b81e6cdbd67772ea85280d70a1fcf47f0ab459eca,117495808,MALWARE,0.9692831089633283,UNSIGNED,
F:\safe exe\chromium_x64.exe,0b8bfa29523dbd364a2aac709259c28aae100441b3cd8278d1d09ef12eb3660a,118065152,MALWARE,0.9929655011194954,UNSIGNED,
F:\safe exe\Stremio+4.4.168.exe,44ecc6a7624b2fdf03cb9b419f111892515fb036fe23f88e51456dce69066046,118413368,MALWARE,0.999930333982162,UNTRUSTED,Smart Code OOD
F:\safe exe\scribus-1.6.2-windows-x64.exe,6d83526a6ff88208e52c474ecbc8b714ee51d8e5e1672cd6527b98d9c4977706,123182211,MALWARE,0.9995292466953108,UNSIGNED,
F:\safe exe\darktable-5.4.1-win64_x64.exe,df3b9f2f9f1375b9166c2fb2f1503455c3ceaa44c702b8a9144419e65e0cfdf9,125643994,MALWARE,0.998915341899074,UNSIGNED,
F:\safe exe\ghc-9.8.2.exe,67cf0fb47ed6fb756fa370c3f83e4c77892f4a86ea7df2e337b628c7e3f13a68,126118400,MALWARE,0.9893169439215425,UNSIGNED,
F:\safe exe\dolt.exe,5173babaa96a3f92c32b8f26b27526a7a1eb8cb5eeeca9f58e27c218b495388b,129001472,MALWARE,0.9963995413708392,UNSIGNED,
F:\safe exe\haddock-ghc-9.8.2.exe,abe6e1102c48153f716f0617d24b8ce6112547bf969acabe5f0064920fdce6b2,129050624,MALWARE,0.9929251721383192,UNSIGNED,
F:\safe exe\MicrosoftEdgeWebView2RuntimeInstallerX64_29E5825B.exe,29e5825bae7fa6efaf29e35513284ea26363f4d19d31a2f316b197ab450cca4b,129670464,MALWARE,0.9492151898074573,UNTRUSTED,Microsoft Corporation
F:\safe exe\VSCodium.exe,a43032b8587ddafaa8c3d4873577fb8ed81135a6a834a332479d2c3a19030b21,130332672,MALWARE,0.9989728623361854,UNSIGNED,
F:\safe exe\scala-cli.exe,c32174443e3933367c690f84e0104650198ccbb391e3ccd02b4ee6fb36ac70a9,132362240,MALWARE,0.9718993083367471,UNSIGNED,
F:\safe exe\rawtherapee-debug.exe,d73ce00be0acc312acd34f14708d6971d85aaef9b17ebb297d66f30ee3ab8340,133674963,MALWARE,0.9937413669264644,UNSIGNED,
F:\safe exe\k9s_285A2B2B.exe,285a2b2b66eb3294bbd5ceb3a936e6cd8084401a70ecf45e5a04be0ea59fe34b,134913536,MALWARE,0.9876469123799573,UNSIGNED,
F:\safe exe\scummvm-2026.3.0-win32.exe,667682fd3677e489a9beccd61f86e6b5ecb041e1dbdc30afafbf5a9ccf49823c,135554503,MALWARE,0.9999916335677645,UNSIGNED,
F:\safe exe\minikube.exe,04215bec5632a976b48eb632856b50f1eaaa183b9c2a5904e11d1bacc4961ff7,136384512,MALWARE,0.9888418388215997,UNSIGNED,
F:\safe exe\ffprobe.exe,3a3525df7f7722e3131a2e0a4c22063f4b2ae50e25a3a2008cf1f7b9f3804aaf,143109632,MALWARE,0.9511929210222796,UNSIGNED,
F:\safe exe\Pencil.exe,e95b7e55440d2f178d9d99d95b6f1d381a457406a66aa1995386ea414f861669,143212544,MALWARE,0.9490372064628902,UNSIGNED,
F:\safe exe\ffmpeg_B2663834.exe,b2663834d9162f6ee431e7d864d8afd7ac385ec289de70463af67beab6f2257e,143315456,MALWARE,0.9476427996286637,UNSIGNED,
F:\safe exe\ffplay.exe,04ad227eb05893a54db0148edbf0e66386db3eac2dc6307b0eaf7f7ba723ed2d,145345024,MALWARE,0.9605579323835212,UNSIGNED,
F:\safe exe\MuseScore4.exe,65f3868fe4421e9223b641664298f5286eafd426f440ccac1fdd04b4f24f8c82,147389952,MALWARE,0.5802564289238251,UNSIGNED,
F:\safe exe\Pencil-3.1.1.ga.exe,3c4a9532f0a09150661cdcaf737791c46f1737557e4b1bb97f6b980835f3e8d3,150314632,MALWARE,0.999935294233883,UNSIGNED,
F:\safe exe\qutebrowser-3.7.0-amd64_x64.exe,8956c0614fcea863730559109e9787ccce37034d72a7faf954945361e58ec48d,152490704,MALWARE,0.999549167252044,UNSIGNED,
F:\safe exe\waypoint.exe,8d84031ab6433a12f675a55da2126dc7d6e43749c561cc9d042bb3fbe39e5d3c,153769136,MALWARE,0.9857410750475393,UNTRUSTED,"HashiCorp, Inc."
F:\safe exe\eksctl_154374656.exe,1c8fdab601a41e48899f9809937537b0e440235ddd60393775c600a72a171246,154374656,MALWARE,0.9793640203407648,UNSIGNED,
F:\safe exe\DuckieTV-202605121341-windows-x64.exe,a279695be806f52df20043b493f4b4a3dbaaca2fa40c05e0c2cbf0bbde4c5653,161262221,MALWARE,0.9965045557700797,UNSIGNED,
F:\safe exe\widelands-build18-win32.exe,7b7a5c93f4ad4900c4c0fb71eb2cabb859d6144225a935e54164017b2eaae277,166127898,MALWARE,0.9999930860195291,UNSIGNED,
F:\safe exe\jellyfin_10.11.11_windows-x64.exe,29f4960865b1ab5317696173497513bfc5865e609c7ea0f198f0fbc52eed6275,167435328,MALWARE,0.9992476639224886,UNSIGNED,
F:\safe exe\terraformer_CB3D2302.exe,cb3d2302229fcc5a995bc423cc34129af13fe90c1c43e96a943acfffaf4b29c7,168597504,MALWARE,0.9908944259585117,UNSIGNED,
F:\safe exe\ueli-Setup-8.28.0.exe,2d0a5f957ff64a71b3658a83c3a3b1295969924e864e51ec91262d539bcb2585,171257406,MALWARE,0.9999581041129687,UNSIGNED,
F:\safe exe\trivy_5C233D15.exe,5c233d1514d6fd91f7a4f834beb92070f8a9793c71801f7f2149a7b30f90b821,172207104,MALWARE,0.9743010617236928,UNSIGNED,
F:\safe exe\ueli.exe,6435308c561858c86b89124a48f11cd5a21d89ecbe619ff84fd334531fa727ed,176727040,MALWARE,0.9386011308716041,UNSIGNED,
F:\safe exe\zig.exe,086ce9d47ba42f33a514e1a6e04eb1d4a8fa1d75e0868e0213caad447c91e864,177108480,MALWARE,0.9362054824393009,UNSIGNED,
F:\safe exe\Hedgewars-1.0.0.exe,cbbdbfcc560313234d08c8d445a8e81137e958dc7b4a67802671aa6407b5ba83,177491490,MALWARE,0.9999831157512606,UNSIGNED,
F:\safe exe\Godot_v4.7.1-stable_win64.exe,323f9c4cc5db674e98815cdd8e69da007d5efc779abedc8c0e42883b7fdea12a,178997256,MALWARE,0.9739156046314218,UNTRUSTED,Prehensile Tales B.V.
F:\safe exe\dbeaver-ee-7.3.0-x86_64-setup.exe,67d89fbc1ab6b4f742d6b6548858e3bf9ed5e02c03c2fec3edf402311f3ed2be,179812008,MALWARE,0.9998832742545947,UNTRUSTED,DBeaver Corp
F:\safe exe\GeoGebra.exe,52839b98c7a9bb1f23424ad19e677f98f8ffcf571a38467557bcccdb87269dad,181120000,MALWARE,0.9996078568958963,UNSIGNED,
F:\safe exe\surge-xt-win64-1.3.4-setup.exe,6e221e05f29254508142b9e0ed76a85f22fa1b512501bebde571951e7eefecca,183385478,MALWARE,0.9999263807310401,UNSIGNED,
F:\safe exe\gnucash-5.16.setup.exe,405930f8ae3e943c2b8f0a6ca3336e62922ad041384706f1688823c2135b7d2c,184415185,MALWARE,0.9999024637053644,UNSIGNED,
F:\safe exe\MicrosoftEdgeWebView2RuntimeInstallerX64_89EC9EA6.exe,89ec9ea6183a75ecdb668feaa4f6cdd347d49e3fd37ff38a133addf0d65d4800,192714672,MALWARE,0.9866144317904293,UNTRUSTED,Microsoft Corporation
F:\safe exe\opencv-4.13.0-windows.exe,f0e98c302464d6860777a7015065e11b9b271b5394e6ba92663f0cf1fc303f2c,194496264,MALWARE,0.999963151909018,UNSIGNED,
F:\safe exe\qemu-w64-setup-20260501.exe,a8b29572afb4c6ad024b7de129c81033e9fd191b9e054e3a52ea0bed24ac19ef,198897616,MALWARE,0.9911282363445191,UNTRUSTED,Universität Mannheim
F:\safe exe\pgAdmin4_4E1FDF5D.exe,4e1fdf5d15405c2fe0ee3c47a026a0ae02e6226be03e02ffebad12a43623dd9d,200623104,MALWARE,0.9949292640480887,UNSIGNED,
F:\safe exe\scummvm.exe,0a5bb62d80e5392641c289c39c8fc94ad1897508c5fc41c628333785dae7192b,201279488,MALWARE,0.9996842082380517,UNSIGNED,
F:\safe exe\ffmpeg.exe,958aeaa0ea3e74e5e273157e6f045c94804bb72913261d8ef6c3d772743d13df,202259968,MALWARE,0.9784565320224335,UNSIGNED,
F:\safe exe\MicrosoftEdgeWebView2RuntimeInstallerX64.exe,d5a69509ddc5da817c7c3fab1833e605f7ae4cefa60487a1e7df88398419f076,202349496,MALWARE,0.9783080640399251,UNTRUSTED,Microsoft Corporation
F:\safe exe\chrome-headless-shell.exe,971d9f037caa622f3157fe75616b3d3700c9e6e5525c8e4f6059f3d391688f9c,202540544,POTENTIAL_ZERODAY,0.2832448667620463,UNSIGNED,
F:\safe exe\ClockifyWindows.exe,c33963de388ee2069b357d5ba42bbf2d963fe3282a992ca965ecdcc3d5beaf6d,207697096,MALWARE,0.910676673377583,UNTRUSTED,Cake.com Inc.
F:\safe exe\Logseq.exe,b0f80cdbefc1ef0a28569507098ee5800cf6f5df33f617a88b0e3ced7e2a1d63,209830400,MALWARE,0.9803821050089113,UNSIGNED,
F:\safe exe\rust-lld.exe,95a9a6afcb36211617c4c17fe3511e058cac4ea6e3682cf2c7ee7ed86d3cd15d,210536402,MALWARE,0.6779290122128796,UNSIGNED,
F:\safe exe\rust-lld_210562627.exe,62efdf275a2da441598eabbeaf2b196dbaf0b9e52e66230c8e66f9785764ce51,210562627,MALWARE,0.6779290122128796,UNSIGNED,
F:\safe exe\monday.exe,e1861a7f77713f7e117aac8b75852f3228794ef8b7628c4e1e3400ba202eb8be,211188816,MALWARE,0.6679950781749314,UNTRUSTED,monday.com Ltd
F:\safe exe\argocd_BB6A2E76.exe,bb6a2e76e014a1969c4534f343f0204d101cb4faeed2bcadab56d869161aeb6f,221812224,MALWARE,0.9677668024046259,UNSIGNED,
F:\safe exe\Proxyman.exe,7d684c40778eba068047ba1de4de610d181e07a3defa7fd80173661ec0bd2f9d,223209984,MALWARE,0.7730330673539109,UNSIGNED,
F:\safe exe\Jitsi Meet.exe,539cbf5d361f146cddaad1c674a61dad72cb2513f8332ea0359362d6de345494,225462272,MALWARE,0.6449857749702649,UNSIGNED,
F:\safe exe\marktext.exe,f783de63f5bf170e7a2ab58b3755425ddf339a6628923664957121fc779ecdfa,226538496,MALWARE,0.6627242669123165,UNSIGNED,
F:\safe exe\VSCodium_5FB102D0.exe,5fb102d04bffc877e3b1ba4134e3730e9716b3789ea28472228e2fdacb89e951,226632192,MALWARE,0.5497568346342135,UNSIGNED,
F:\safe exe\Zettlr.exe,2f8fb17ba715f0fb5ce380c463d83e457188c21fa13005f013a3ffd490c073dc,231522816,MALWARE,0.4843187190912513,UNSIGNED,
F:\safe exe\clamwin-0.103.2.1-setup.exe,ac9d76d87904efc62d976f7c6f8f1d9f459e9ad13cbe3e4e886005d3f14e0393,236832861,MALWARE,0.9999890239690962,UNSIGNED,
F:\safe exe\Win64OpenSSL-4_0_1.exe,1b21347a3db5ed62326e0d732f3fe50ece08e9361fd770f537dcf901fd13ac24,257700195,MALWARE,0.9999851358236873,UNSIGNED,
F:\safe exe\digiKamInstall.exe,28ef373ab45ecc7eb1fd105b57828a29588504eb5a286c9e89c987c056bce8be,274430098,MALWARE,0.9985667271524938,UNSIGNED,
F:\safe exe\installer_7C229DBA.exe,7c229dba2c66075104a98f8abe47d441cb6b4b33160835cf069a215b65058a5f,283440380,MALWARE,0.9999456045611234,UNSIGNED,
F:\safe exe\setup_galaxy_2.0.77.22.exe,58c7ffd847589c924316c6b36f1aab11b6ced07af2a25e3092a0ca1fe2847ae7,287345416,MALWARE,0.9993015512479636,UNTRUSTED,GOG  sp. z o.o
F:\safe exe\DesktopEditors_x64.exe,a3b4a7353946a2d836eadfb8f59799f98b906ab961421c05c0bee00be9307a9f,373575296,MALWARE,0.9999179134732231,UNTRUSTED,Ascensio System SIA
F:\safe exe\reMarkable.exe,1aec691fcaee17c4eff8b586317d6736ada83a8b30fe4d6a40448a3faf0ae39b,381068749,MALWARE,0.9999413609378764,UNSIGNED,
F:\safe exe\codeblocks-25.03mingw-setup.exe,8712227526eb3bb26c90dd5c78301b3fa32bf5869a43294bbf4e9c5512c52792,423494500,MALWARE,0.9947557894541337,UNSIGNED,
F:\safe exe\wesnothInstall.exe,7365efdc70c127f6d0bfbc6a8f976e6cba1eec59f2bbfb6dc27644534670b162,439156111,MALWARE,0.9996833603444798,UNSIGNED,
F:\safe exe\octave-11.3.0-w64-installer.exe,251db7f300e6a1227bb11d029b97c489fded9d0618eae106fa704b5b641a8aa3,566880889,MALWARE,0.9998816329065252,UNSIGNED,
F:\safe exe\Spyder-Windows-x86_64.exe,92005331137502c199fb9926501d5aeaec0e940cc54a69f1e3d0908473176472,618825526,MALWARE,0.9988421056202064,UNSIGNED,
F:\safe exe\0ad-0.27.0-win32.exe,ac8ee7faf8514317f956c2f8b51934edf23bcd01b23e1a391feee88fb0da20e7,1448260473,MALWARE,0.9998130820514498,UNSIGNED,
